# Blender 5.0.1
# www.blender.org
mtllib bike.mtl
o bike
v 0.136165 0.187749 -0.148156
v 0.000000 0.561897 -0.785615
v -0.000000 0.471067 -0.529282
v 0.000000 0.645899 0.676233
v 0.000000 0.552485 0.721677
v 0.000000 0.776742 0.585961
v 0.000000 0.507162 -0.980817
v 0.000000 0.413987 -0.933286
v 0.000000 0.771601 0.501100
v 0.122062 0.007985 -0.112638
v -0.000000 0.065402 0.441312
v 0.000000 0.255683 -0.819581
v 0.125077 0.230587 -0.412793
v 0.203785 0.419675 0.009197
v 0.165755 0.221544 0.079160
v 0.177268 0.271116 0.307986
v 0.141707 0.038395 0.142902
v 0.067870 -0.342649 -0.252851
v 0.063763 -0.276736 -0.327285
v 0.087440 -0.273919 -0.282243
v 0.094774 0.543508 0.321601
v 0.138053 0.545329 0.272789
v 0.105266 0.560244 0.255906
v 0.100632 -0.266068 0.347317
v 0.095125 -0.347962 0.239332
v 0.127006 -0.246849 0.267774
v 0.101418 0.525154 0.345807
v 0.115725 0.539988 0.392897
v 0.151707 0.506909 0.386896
v 0.130699 0.426849 0.748168
v 0.170234 0.446753 0.726885
v 0.135068 0.469022 0.746864
v 0.147093 0.099712 0.390584
v 0.111463 0.067210 0.440043
v 0.163896 0.311093 0.536160
v 0.130852 0.309277 0.603408
v 0.125177 0.262909 0.548073
v 0.136803 0.375384 0.730500
v 0.137383 0.346179 0.695458
v 0.169951 0.372859 0.694561
v 0.189612 0.538650 0.666272
v 0.156981 0.551936 0.719453
v 0.204466 0.652936 0.637146
v 0.168380 0.645786 0.674069
v 0.189238 0.774281 0.573189
v 0.156919 0.775708 0.585244
v 0.110350 0.909079 0.469574
v 0.142436 0.895682 0.468020
v 0.098497 0.936379 0.435341
v 0.192586 0.773253 0.511626
v 0.154247 0.771446 0.502421
v 0.198445 0.649692 0.547700
v 0.153499 0.622523 0.518937
v 0.164074 0.671703 0.545184
v 0.195531 0.561623 0.091895
v 0.205568 0.534907 -0.007234
v 0.154710 0.553545 -0.042925
v 0.153741 0.585852 0.055800
v 0.137880 0.371416 -0.194215
v 0.096624 0.378601 -0.257080
v 0.106959 0.414952 -0.183266
v 0.114910 0.407433 -0.426812
v 0.106797 0.389142 -0.374573
v 0.138406 0.370875 -0.402509
v 0.168109 0.450611 -0.539498
v 0.137226 0.468335 -0.528520
v 0.198748 0.520072 -0.736812
v 0.185183 0.548313 -0.838575
v 0.168840 0.564074 -0.791835
v 0.087954 0.579253 -0.957882
v 0.105936 0.558660 -0.957884
v 0.064586 0.562950 -0.992225
v 0.086245 0.506726 -0.958289
v 0.057465 0.507666 -0.978728
v 0.086985 0.412798 -0.905725
v 0.051450 0.413978 -0.931186
v 0.049488 0.327630 -0.902742
v 0.068949 0.299132 -0.893815
v 0.045879 0.272201 -0.905927
v 0.034548 0.169612 -0.934957
v 0.054428 0.184914 -0.917694
v 0.031778 0.142578 -0.934466
v 0.033459 0.150356 -0.917195
v 0.056944 0.181460 -0.906428
v 0.038012 0.169803 -0.902655
v 0.047886 0.204963 -0.889475
v 0.072846 0.229726 -0.882525
v 0.055730 0.228336 -0.869566
v 0.091549 0.269111 -0.832209
v 0.068752 0.257232 -0.821612
v 0.115166 0.282365 -0.726965
v 0.085329 0.248899 -0.685814
v 0.084489 0.286617 -0.768966
v 0.095369 0.037074 -0.377298
v 0.063546 -0.041153 -0.363954
v 0.068279 0.072023 -0.439692
v 0.113792 0.894207 0.444058
v 0.099604 0.932622 0.432437
v 0.144694 0.891835 0.455799
v 0.000000 0.580970 -0.957749
v 0.000000 0.563087 -0.993702
v 0.000000 0.910569 0.470255
v 0.000000 0.937946 0.434375
v 0.000000 0.933923 0.431234
v 0.000000 0.893304 0.442846
v 0.000000 0.328682 -0.905188
v 0.000000 0.270794 -0.908597
v 0.000000 0.673016 0.542230
v 0.000000 0.622676 0.515936
v 0.000000 0.167682 -0.937473
v -0.000000 0.139986 -0.935806
v 0.000000 0.148417 -0.917281
v 0.000000 0.169356 -0.900898
v 0.000000 0.542190 0.393255
v 0.000000 0.527692 0.345586
v 0.000000 -0.349621 0.212095
v 0.000000 -0.266789 0.348509
v 0.000000 0.202790 -0.887805
v 0.000000 0.227476 -0.866601
v 0.000000 0.588117 0.051948
v 0.000000 0.555527 -0.044823
v 0.000000 0.544330 0.322688
v 0.000000 0.561839 0.254443
v 0.000000 -0.277633 -0.328943
v 0.000000 -0.345043 -0.210210
v 0.000000 0.418088 -0.183225
v 0.000000 0.381217 -0.258322
v 0.000000 0.283669 -0.769163
v 0.000000 0.246180 -0.685178
v 0.000000 0.426044 0.749447
v 0.000000 0.470351 0.748138
v 0.000000 0.344541 0.696096
v 0.000000 0.375099 0.732183
v 0.000000 0.071331 -0.441928
v 0.000000 -0.043023 -0.365882
v 0.000000 0.260206 0.548704
v -0.000000 0.307762 0.605485
v 0.000000 0.391553 -0.374026
v -0.000000 0.410600 -0.427775
v 0.155250 0.442372 -0.816176
v 0.166120 0.411619 -0.713868
v 0.147168 0.374451 -0.761833
v 0.220162 0.475951 0.115611
v 0.204817 0.487462 0.184513
v 0.208737 0.423960 0.200522
v 0.089101 -0.345413 -0.042746
v 0.105895 -0.272296 -0.065891
v -0.136165 0.187749 -0.148156
v -0.122062 0.007985 -0.112638
v -0.125077 0.230587 -0.412793
v -0.203785 0.419675 0.009197
v -0.165755 0.221544 0.079160
v -0.177268 0.271116 0.307986
v -0.141707 0.038395 0.142902
v -0.067870 -0.342649 -0.252851
v -0.063763 -0.276736 -0.327285
v -0.087440 -0.273919 -0.282242
v -0.094774 0.543508 0.321601
v -0.138053 0.545329 0.272789
v -0.105266 0.560244 0.255906
v -0.100632 -0.266068 0.347317
v -0.095125 -0.347962 0.239332
v -0.127006 -0.246849 0.267774
v -0.101418 0.525154 0.345807
v -0.115725 0.539988 0.392897
v -0.151707 0.506909 0.386896
v -0.130699 0.426849 0.748168
v -0.170234 0.446753 0.726885
v -0.135068 0.469022 0.746864
v -0.147093 0.099712 0.390584
v -0.111463 0.067210 0.440043
v -0.163896 0.311093 0.536160
v -0.130852 0.309277 0.603408
v -0.125177 0.262909 0.548073
v -0.136803 0.375384 0.730500
v -0.137383 0.346179 0.695458
v -0.169951 0.372859 0.694562
v -0.189612 0.538650 0.666272
v -0.156981 0.551936 0.719453
v -0.204466 0.652936 0.637146
v -0.168380 0.645786 0.674069
v -0.189238 0.774281 0.573189
v -0.156919 0.775708 0.585244
v -0.110350 0.909079 0.469574
v -0.142436 0.895682 0.468020
v -0.098497 0.936379 0.435341
v -0.192586 0.773253 0.511626
v -0.154247 0.771446 0.502421
v -0.198444 0.649693 0.547700
v -0.153499 0.622523 0.518937
v -0.164074 0.671703 0.545184
v -0.195531 0.561623 0.091895
v -0.205568 0.534907 -0.007234
v -0.154710 0.553545 -0.042925
v -0.153741 0.585852 0.055800
v -0.137880 0.371416 -0.194215
v -0.096624 0.378601 -0.257080
v -0.106959 0.414952 -0.183266
v -0.114910 0.407433 -0.426812
v -0.106797 0.389142 -0.374573
v -0.138406 0.370875 -0.402509
v -0.168109 0.450611 -0.539498
v -0.137226 0.468334 -0.528520
v -0.198748 0.520072 -0.736812
v -0.185183 0.548313 -0.838575
v -0.168840 0.564074 -0.791835
v -0.087954 0.579253 -0.957882
v -0.105936 0.558660 -0.957884
v -0.064586 0.562950 -0.992225
v -0.086245 0.506726 -0.958289
v -0.057465 0.507666 -0.978728
v -0.086985 0.412798 -0.905725
v -0.051450 0.413978 -0.931186
v -0.049488 0.327630 -0.902742
v -0.068949 0.299132 -0.893815
v -0.045879 0.272201 -0.905927
v -0.034548 0.169611 -0.934957
v -0.054428 0.184914 -0.917694
v -0.031778 0.142578 -0.934466
v -0.033459 0.150356 -0.917195
v -0.056944 0.181460 -0.906428
v -0.038012 0.169803 -0.902655
v -0.047886 0.204963 -0.889475
v -0.072846 0.229726 -0.882525
v -0.055730 0.228336 -0.869566
v -0.091549 0.269111 -0.832209
v -0.068752 0.257232 -0.821612
v -0.115166 0.282365 -0.726965
v -0.085329 0.248899 -0.685814
v -0.084489 0.286617 -0.768966
v -0.095369 0.037074 -0.377298
v -0.063546 -0.041153 -0.363954
v -0.068279 0.072023 -0.439692
v -0.113792 0.894207 0.444058
v -0.099604 0.932622 0.432437
v -0.144694 0.891835 0.455799
v -0.155250 0.442372 -0.816176
v -0.166120 0.411619 -0.713868
v -0.147168 0.374451 -0.761833
v -0.220162 0.475951 0.115611
v -0.204817 0.487462 0.184513
v -0.208737 0.423960 0.200522
v -0.089101 -0.345413 -0.042746
v -0.105895 -0.272296 -0.065891
v 0.124186 0.189256 -0.269403
v 0.000000 0.463128 -0.958296
v 0.000000 0.706019 0.637889
v 0.000000 0.596835 0.702637
v 0.000000 0.519990 -0.650642
v 0.129813 0.109260 -0.129888
v 0.151141 0.136959 0.109221
v 0.175304 0.247403 0.196758
v 0.186494 0.324687 0.042213
v 0.133509 0.018595 0.014985
v 0.151545 0.200505 -0.034696
v 0.081775 -0.330964 -0.271850
v 0.064131 -0.331269 -0.308774
v 0.079212 -0.275105 -0.319128
v 0.094525 0.551216 0.305174
v 0.118500 0.542556 0.313793
v 0.128966 0.555961 0.260300
v 0.121874 -0.263546 0.337034
v 0.097998 -0.335818 0.317537
v 0.115757 -0.334007 0.254237
v 0.126343 0.519841 0.349128
v 0.105300 0.523938 0.359582
v 0.140061 0.533738 0.391798
v 0.130015 0.446077 0.751069
v 0.159089 0.430640 0.743607
v 0.163292 0.464158 0.742473
v 0.151614 0.271627 0.546648
v 0.156970 0.311758 0.593969
v 0.128205 0.293842 0.576074
v 0.164145 0.375421 0.723439
v 0.137996 0.359412 0.719837
v 0.164226 0.352019 0.694462
v 0.099699 0.933420 0.443192
v 0.133997 0.905191 0.468297
v 0.122621 0.928968 0.440934
v 0.196694 0.667448 0.549679
v 0.185696 0.624960 0.527095
v 0.161877 0.648015 0.545917
v 0.185442 0.579427 0.066091
v 0.208605 0.561493 0.038254
v 0.188022 0.548562 -0.036000
v 0.163172 0.584882 0.000836
v 0.129080 0.406024 -0.185025
v 0.118014 0.373716 -0.249021
v 0.096164 0.383489 -0.222317
v 0.136900 0.398889 -0.423148
v 0.110190 0.395979 -0.406901
v 0.129007 0.383202 -0.377914
v 0.200805 0.549127 -0.753695
v 0.203185 0.542759 -0.798443
v 0.188994 0.569927 -0.835339
v 0.069868 0.574746 -0.986402
v 0.105468 0.574072 -0.958135
v 0.083312 0.562272 -0.985686
v 0.048283 0.302916 -0.900192
v 0.062933 0.322397 -0.898000
v 0.059213 0.277769 -0.900447
v 0.031635 0.146020 -0.939126
v 0.045449 0.174356 -0.929026
v 0.042699 0.151748 -0.930421
v 0.034677 0.157717 -0.909302
v 0.044979 0.157207 -0.915648
v 0.049219 0.171853 -0.905801
v 0.051433 0.217328 -0.881721
v 0.061811 0.211358 -0.891020
v 0.068792 0.229703 -0.875653
v 0.105164 0.290515 -0.764223
v 0.105890 0.256997 -0.691168
v 0.087306 0.285887 -0.746174
v 0.085000 0.069461 -0.430633
v 0.079825 -0.030577 -0.362203
v 0.063888 0.020563 -0.382627
v 0.137586 0.895347 0.447330
v 0.102717 0.922930 0.433294
v 0.123874 0.925493 0.437135
v 0.147137 0.396422 -0.800169
v 0.172303 0.449234 -0.779143
v 0.156662 0.384262 -0.727394
v 0.215509 0.440971 0.156696
v 0.217710 0.490597 0.139163
v 0.207985 0.451132 0.209160
v 0.136149 -0.084359 0.343495
v 0.136028 0.073591 0.433063
v 0.105093 -0.109779 0.386307
v 0.097923 -0.333406 -0.054070
v 0.117079 -0.269799 0.098385
v 0.090307 -0.347550 0.081314
v 0.143688 0.526505 0.299898
v 0.098006 0.533664 0.333780
v 0.170351 0.412178 0.701107
v 0.133815 0.400713 0.740123
v 0.155758 0.213815 0.474473
v 0.119011 0.192624 0.499311
v 0.168298 0.361806 0.630746
v 0.134459 0.327766 0.649517
v 0.179257 0.483038 0.694144
v 0.187569 0.549451 0.709470
v 0.145606 0.506631 0.735532
v 0.199803 0.593118 0.653314
v 0.200672 0.646510 0.666209
v 0.164681 0.596723 0.700211
v 0.199293 0.723495 0.603133
v 0.185892 0.774097 0.582249
v 0.167583 0.705515 0.636512
v 0.170670 0.827819 0.524274
v 0.133641 0.850637 0.522894
v 0.174365 0.824801 0.490796
v 0.187226 0.771566 0.505701
v 0.134460 0.838322 0.470258
v 0.200278 0.725417 0.536765
v 0.163082 0.713072 0.529046
v 0.095835 -0.273012 -0.197068
v 0.076894 -0.345180 -0.139224
v 0.135046 0.579940 0.456877
v 0.177031 0.578788 0.494191
v 0.167391 0.553470 0.184022
v 0.129557 0.574008 0.156242
v 0.173540 0.466987 -0.097777
v 0.131076 0.484128 -0.113489
v 0.154700 0.411291 -0.485077
v 0.163520 0.461805 -0.529444
v 0.123630 0.430778 -0.458814
v 0.181576 0.476641 -0.623686
v 0.154847 0.517723 -0.649477
v 0.144655 0.551132 -0.899636
v 0.125072 0.578661 -0.893640
v 0.097135 0.530883 -0.956905
v 0.073924 0.508152 -0.972560
v 0.061130 0.540955 -0.989988
v 0.090100 0.473451 -0.933023
v 0.068101 0.413819 -0.924853
v 0.054008 0.463579 -0.956246
v 0.079298 0.345472 -0.891117
v 0.050227 0.365777 -0.912901
v 0.068063 0.248109 -0.897009
v 0.040406 0.220031 -0.920682
v 0.061957 0.195963 -0.904947
v 0.032616 0.145243 -0.926193
v 0.070528 0.220254 -0.890110
v 0.043037 0.187456 -0.896201
v 0.084857 0.258073 -0.858190
v 0.085160 0.261268 -0.826065
v 0.061421 0.241553 -0.848667
v 0.102497 0.286796 -0.806128
v 0.077394 0.273971 -0.793126
v 0.110656 0.194458 -0.570089
v 0.077277 0.161756 -0.562144
v 0.063788 -0.159245 -0.345593
v 0.090560 -0.145437 -0.303696
v 0.146750 0.884427 0.467665
v 0.098825 0.935597 0.433155
v 0.000000 0.575568 -0.987013
v 0.049857 0.580756 -0.957766
v 0.035847 0.563070 -0.993518
v 0.000000 0.934727 0.443126
v 0.062407 0.910383 0.470170
v 0.055337 0.937750 0.434496
v 0.000000 0.302886 -0.902404
v 0.027243 0.328551 -0.904882
v 0.025179 0.270970 -0.908263
v 0.000000 0.648528 0.542905
v 0.093099 0.672852 0.542599
v 0.087092 0.622657 0.516311
v 0.000000 0.144083 -0.940823
v 0.018774 0.167924 -0.937159
v 0.017153 0.140310 -0.935639
v 0.000000 0.156967 -0.908465
v 0.018043 0.148659 -0.917271
v 0.020793 0.169412 -0.901118
v 0.000000 0.215876 -0.879749
v 0.026324 0.203061 -0.888014
v 0.031169 0.227583 -0.866971
v 0.000000 0.586862 -0.002440
v 0.087262 0.587834 0.052429
v 0.087670 0.555279 -0.044586
v 0.000000 0.386086 -0.222913
v 0.060718 0.417696 -0.183230
v 0.054794 0.380890 -0.258166
v 0.000000 0.283156 -0.745864
v 0.047135 0.284038 -0.769139
v 0.047733 0.246519 -0.685258
v 0.000000 0.446288 0.752024
v 0.073858 0.426145 0.749287
v 0.076457 0.470185 0.747979
v 0.000000 0.019555 -0.384675
v 0.038173 0.071417 -0.441648
v 0.035491 -0.042789 -0.365641
v -0.000000 0.292028 0.577334
v 0.070980 0.260543 0.548625
v 0.074407 0.307951 0.605225
v -0.000000 0.398408 -0.406943
v 0.060619 0.391252 -0.374094
v 0.065491 0.410204 -0.427655
v 0.064453 0.893417 0.442998
v 0.000000 0.923014 0.432239
v 0.056041 0.933760 0.431384
v 0.057004 0.527375 0.345613
v 0.000000 0.526325 0.359794
v 0.065569 0.541915 0.393210
v 0.056904 -0.266699 0.348360
v 0.000000 -0.336837 0.314464
v 0.054524 -0.349420 0.216068
v 0.059242 0.561640 0.254626
v 0.000000 0.552026 0.305376
v 0.053113 0.544227 0.322552
v 0.040643 -0.344703 -0.219315
v 0.000000 -0.332375 -0.304166
v 0.035679 -0.277521 -0.328735
v 0.077763 0.375134 0.731972
v 0.000000 0.358653 0.720690
v 0.078264 0.344746 0.696016
v 0.182415 0.465376 -0.717531
v 0.169789 0.500717 -0.830561
v 0.218831 0.515957 0.064991
v 0.200729 0.527898 0.137389
v 0.101578 0.382601 -0.315755
v 0.130061 0.345133 -0.304678
v 0.108369 0.004916 -0.237589
v 0.113909 -0.138864 -0.088147
v -0.000000 -0.160820 -0.347574
v 0.000000 -0.348963 -0.004061
v 0.178567 0.479544 0.270593
v 0.000000 0.576180 0.153167
v 0.000000 0.535429 0.334270
v 0.146305 0.067660 0.266978
v 0.134202 -0.102583 0.194421
v 0.000000 -0.110835 0.387819
v 0.062935 0.065628 0.441153
v 0.172741 0.297933 0.408597
v 0.195623 0.366709 0.243442
v 0.166816 0.412564 0.465498
v 0.176180 0.517803 0.564562
v 0.198781 0.661867 0.583272
v -0.000000 0.581056 0.455550
v 0.000000 0.507881 0.737316
v 0.089277 0.552416 0.721399
v 0.000000 0.400051 0.741875
v -0.000000 0.190013 0.500098
v 0.161536 0.190916 0.354290
v 0.000000 0.326026 0.651033
v 0.095977 0.645884 0.675963
v 0.089714 0.776613 0.585872
v 0.000000 0.852064 0.523608
v 0.000000 0.937341 0.431849
v 0.000000 0.714167 0.526852
v 0.086903 0.771581 0.501265
v 0.000000 0.837572 0.469109
v 0.000000 0.486841 -0.114020
v 0.210059 0.488088 -0.005502
v 0.216844 0.445786 0.081376
v 0.175505 0.389928 -0.082081
v 0.139704 0.276139 -0.174953
v 0.135542 0.310095 -0.413990
v 0.000000 0.385202 -0.316129
v 0.144273 0.323735 -0.579322
v -0.000000 0.433894 -0.459727
v 0.078285 0.470726 -0.529187
v 0.088729 0.562129 -0.786287
v 0.000000 0.579864 -0.891222
v 0.117781 0.416971 -0.866402
v 0.000000 0.540659 -0.991954
v 0.031713 0.507225 -0.980556
v 0.028087 0.413986 -0.933024
v 0.000000 0.366601 -0.915272
v 0.128493 0.321487 -0.744022
v 0.000000 0.218059 -0.923588
v 0.000000 0.142560 -0.927033
v 0.000000 0.186016 -0.894323
v 0.000000 0.240624 -0.845655
v 0.038472 0.255876 -0.819835
v 0.000000 0.271516 -0.792524
v 0.000000 0.160053 -0.562943
v 0.113905 0.154574 -0.406718
v -0.124186 0.189257 -0.269403
v -0.129813 0.109260 -0.129888
v -0.151141 0.136959 0.109221
v -0.175304 0.247403 0.196758
v -0.186494 0.324687 0.042213
v -0.133509 0.018595 0.014985
v -0.151545 0.200505 -0.034696
v -0.081775 -0.330964 -0.271850
v -0.064131 -0.331269 -0.308774
v -0.079212 -0.275105 -0.319128
v -0.094525 0.551216 0.305174
v -0.118500 0.542556 0.313793
v -0.128966 0.555961 0.260300
v -0.121874 -0.263546 0.337034
v -0.097998 -0.335818 0.317537
v -0.115757 -0.334007 0.254237
v -0.126343 0.519841 0.349128
v -0.105300 0.523938 0.359582
v -0.140061 0.533738 0.391798
v -0.130015 0.446077 0.751069
v -0.159089 0.430640 0.743607
v -0.163292 0.464158 0.742473
v -0.151614 0.271627 0.546648
v -0.156970 0.311758 0.593969
v -0.128205 0.293842 0.576074
v -0.164145 0.375421 0.723439
v -0.137996 0.359412 0.719837
v -0.164226 0.352019 0.694462
v -0.099699 0.933420 0.443192
v -0.133997 0.905191 0.468297
v -0.122621 0.928968 0.440934
v -0.196694 0.667448 0.549679
v -0.185696 0.624960 0.527095
v -0.161877 0.648015 0.545917
v -0.185442 0.579427 0.066091
v -0.208605 0.561493 0.038254
v -0.188022 0.548562 -0.036000
v -0.163172 0.584882 0.000836
v -0.129080 0.406024 -0.185025
v -0.118014 0.373716 -0.249021
v -0.096164 0.383489 -0.222317
v -0.136900 0.398889 -0.423148
v -0.110190 0.395979 -0.406901
v -0.129007 0.383202 -0.377914
v -0.200805 0.549127 -0.753695
v -0.203185 0.542759 -0.798443
v -0.188994 0.569927 -0.835339
v -0.069868 0.574746 -0.986402
v -0.105468 0.574072 -0.958135
v -0.083312 0.562272 -0.985686
v -0.048283 0.302916 -0.900192
v -0.062933 0.322397 -0.898000
v -0.059213 0.277769 -0.900447
v -0.031635 0.146020 -0.939126
v -0.045449 0.174356 -0.929026
v -0.042699 0.151748 -0.930421
v -0.034677 0.157717 -0.909302
v -0.044979 0.157207 -0.915648
v -0.049219 0.171853 -0.905801
v -0.051433 0.217328 -0.881721
v -0.061811 0.211358 -0.891020
v -0.068792 0.229703 -0.875653
v -0.105164 0.290515 -0.764223
v -0.105890 0.256997 -0.691168
v -0.087306 0.285887 -0.746174
v -0.085000 0.069461 -0.430633
v -0.079825 -0.030577 -0.362203
v -0.063888 0.020563 -0.382627
v -0.137586 0.895347 0.447330
v -0.102717 0.922930 0.433294
v -0.123874 0.925493 0.437135
v -0.147137 0.396422 -0.800169
v -0.172303 0.449234 -0.779143
v -0.156662 0.384262 -0.727394
v -0.215509 0.440971 0.156696
v -0.217710 0.490597 0.139163
v -0.207985 0.451132 0.209160
v -0.136149 -0.084359 0.343495
v -0.136028 0.073591 0.433063
v -0.105093 -0.109779 0.386307
v -0.097923 -0.333406 -0.054070
v -0.117079 -0.269799 0.098385
v -0.090307 -0.347550 0.081314
v -0.143688 0.526505 0.299898
v -0.098006 0.533664 0.333780
v -0.170351 0.412178 0.701107
v -0.133815 0.400713 0.740123
v -0.155758 0.213815 0.474473
v -0.119011 0.192624 0.499311
v -0.168298 0.361806 0.630746
v -0.134459 0.327766 0.649517
v -0.179257 0.483038 0.694144
v -0.187569 0.549451 0.709470
v -0.145606 0.506631 0.735532
v -0.199803 0.593118 0.653314
v -0.200672 0.646510 0.666209
v -0.164681 0.596723 0.700212
v -0.199293 0.723495 0.603133
v -0.185892 0.774097 0.582249
v -0.167583 0.705515 0.636512
v -0.170670 0.827819 0.524274
v -0.133641 0.850637 0.522894
v -0.174365 0.824801 0.490796
v -0.187226 0.771566 0.505701
v -0.134460 0.838322 0.470258
v -0.200278 0.725417 0.536765
v -0.163082 0.713072 0.529046
v -0.095835 -0.273012 -0.197068
v -0.076894 -0.345180 -0.139224
v -0.135046 0.579940 0.456877
v -0.177031 0.578788 0.494191
v -0.167391 0.553470 0.184022
v -0.129557 0.574008 0.156242
v -0.173540 0.466987 -0.097777
v -0.131076 0.484128 -0.113489
v -0.154700 0.411291 -0.485077
v -0.163520 0.461805 -0.529444
v -0.123630 0.430778 -0.458814
v -0.181576 0.476641 -0.623686
v -0.154847 0.517723 -0.649477
v -0.144655 0.551132 -0.899636
v -0.125072 0.578661 -0.893640
v -0.097135 0.530883 -0.956905
v -0.073924 0.508152 -0.972560
v -0.061130 0.540955 -0.989988
v -0.090100 0.473451 -0.933023
v -0.068101 0.413818 -0.924853
v -0.054008 0.463579 -0.956246
v -0.079298 0.345472 -0.891117
v -0.050227 0.365777 -0.912901
v -0.068063 0.248109 -0.897009
v -0.040406 0.220031 -0.920682
v -0.061957 0.195963 -0.904947
v -0.032616 0.145243 -0.926193
v -0.070528 0.220254 -0.890110
v -0.043037 0.187456 -0.896201
v -0.084857 0.258073 -0.858190
v -0.085160 0.261268 -0.826065
v -0.061421 0.241553 -0.848667
v -0.102497 0.286796 -0.806127
v -0.077394 0.273971 -0.793127
v -0.110655 0.194458 -0.570089
v -0.077277 0.161756 -0.562144
v -0.063788 -0.159245 -0.345593
v -0.090560 -0.145437 -0.303696
v -0.146750 0.884427 0.467665
v -0.098825 0.935597 0.433155
v -0.049857 0.580756 -0.957766
v -0.035847 0.563070 -0.993518
v -0.062407 0.910383 0.470170
v -0.055337 0.937750 0.434496
v -0.027243 0.328551 -0.904882
v -0.025179 0.270970 -0.908263
v -0.093099 0.672852 0.542599
v -0.087092 0.622657 0.516311
v -0.018774 0.167924 -0.937159
v -0.017153 0.140310 -0.935639
v -0.018043 0.148659 -0.917271
v -0.020793 0.169412 -0.901118
v -0.026324 0.203061 -0.888014
v -0.031169 0.227583 -0.866971
v -0.087262 0.587834 0.052429
v -0.087670 0.555279 -0.044586
v -0.060718 0.417696 -0.183230
v -0.054794 0.380890 -0.258166
v -0.047135 0.284038 -0.769139
v -0.047733 0.246519 -0.685258
v -0.073858 0.426145 0.749287
v -0.076457 0.470185 0.747979
v -0.038173 0.071417 -0.441648
v -0.035491 -0.042789 -0.365641
v -0.070980 0.260543 0.548625
v -0.074407 0.307951 0.605225
v -0.060619 0.391252 -0.374094
v -0.065491 0.410204 -0.427655
v -0.064453 0.893417 0.442998
v -0.056041 0.933760 0.431384
v -0.057004 0.527375 0.345613
v -0.065569 0.541915 0.393210
v -0.056904 -0.266699 0.348360
v -0.054524 -0.349420 0.216068
v -0.059242 0.561640 0.254626
v -0.053113 0.544227 0.322552
v -0.040643 -0.344703 -0.219315
v -0.035679 -0.277521 -0.328735
v -0.077763 0.375134 0.731972
v -0.078264 0.344746 0.696016
v -0.182415 0.465376 -0.717531
v -0.169789 0.500717 -0.830561
v -0.218831 0.515957 0.064991
v -0.200729 0.527898 0.137389
v -0.101578 0.382601 -0.315755
v -0.130061 0.345133 -0.304678
v -0.108369 0.004916 -0.237589
v -0.113909 -0.138864 -0.088147
v -0.178567 0.479544 0.270593
v -0.146305 0.067660 0.266978
v -0.134202 -0.102583 0.194421
v -0.062935 0.065628 0.441153
v -0.172741 0.297933 0.408597
v -0.195623 0.366709 0.243442
v -0.166816 0.412564 0.465498
v -0.176180 0.517803 0.564562
v -0.198781 0.661867 0.583272
v -0.089277 0.552416 0.721399
v -0.161536 0.190916 0.354290
v -0.095977 0.645885 0.675963
v -0.089714 0.776613 0.585872
v -0.086903 0.771581 0.501265
v -0.210059 0.488088 -0.005502
v -0.216844 0.445786 0.081376
v -0.175505 0.389928 -0.082081
v -0.139703 0.276139 -0.174953
v -0.135542 0.310095 -0.413990
v -0.144273 0.323735 -0.579322
v -0.078285 0.470726 -0.529187
v -0.088729 0.562129 -0.786287
v -0.117781 0.416971 -0.866402
v -0.031713 0.507225 -0.980556
v -0.028087 0.413986 -0.933023
v -0.128493 0.321487 -0.744022
v -0.038472 0.255876 -0.819835
v -0.113905 0.154574 -0.406718
v 0.141865 0.120137 -0.011911
v 0.077197 -0.325821 -0.307814
v 0.114719 0.549844 0.302373
v 0.116575 -0.328987 0.315350
v 0.126303 0.520662 0.360865
v 0.155245 0.445974 0.748599
v 0.151650 0.296344 0.573052
v 0.162397 0.361063 0.717128
v 0.120237 0.929333 0.444930
v 0.190995 0.647123 0.549191
v 0.197049 0.579022 0.010394
v 0.114902 0.380441 -0.220461
v 0.130087 0.391744 -0.406052
v 0.206578 0.563264 -0.802291
v 0.085325 0.572709 -0.983536
v 0.059406 0.302573 -0.897120
v 0.040165 0.151030 -0.935540
v 0.043697 0.159769 -0.910550
v 0.062849 0.219724 -0.884520
v 0.105274 0.288224 -0.744303
v 0.077702 0.022077 -0.381123
v 0.123115 0.920981 0.435987
v 0.163874 0.422184 -0.774606
v 0.217640 0.467696 0.164690
v 0.128047 -0.105202 0.378578
v 0.107769 -0.334525 0.108398
v 0.122944 0.530144 0.329441
v 0.162085 0.403141 0.732614
v 0.144877 0.199462 0.495256
v 0.161378 0.334241 0.644757
v 0.175074 0.501797 0.727684
v 0.196563 0.596105 0.690711
v 0.198531 0.706846 0.630359
v 0.160568 0.845867 0.521771
v 0.163819 0.837974 0.474471
v 0.197052 0.712614 0.533237
v 0.088626 -0.332307 -0.183888
v 0.163996 0.578023 0.462824
v 0.157440 0.568180 0.164338
v 0.159255 0.477685 -0.111025
v 0.147850 0.423575 -0.460405
v 0.183192 0.507994 -0.641922
v 0.146925 0.573055 -0.898793
v 0.078980 0.540215 -0.982886
v 0.070846 0.465356 -0.950163
v 0.065682 0.361993 -0.906626
v 0.053687 0.226502 -0.913369
v 0.045025 0.155614 -0.922274
v 0.056689 0.193711 -0.898249
v 0.076291 0.244971 -0.854462
v 0.096190 0.279112 -0.795197
v 0.096913 0.167780 -0.561642
v 0.080078 -0.154536 -0.337976
v 0.123901 0.926578 0.439432
v 0.039271 0.575465 -0.986936
v 0.056279 0.934564 0.443134
v 0.026750 0.302890 -0.902128
v 0.092086 0.648464 0.543281
v 0.017279 0.144325 -0.940611
v 0.018998 0.157061 -0.908570
v 0.028671 0.216057 -0.879996
v 0.092599 0.586614 -0.002031
v 0.054685 0.385762 -0.222839
v 0.048964 0.283497 -0.745902
v 0.073639 0.446262 0.751905
v 0.035848 0.019681 -0.384419
v 0.072940 0.292255 0.577177
v 0.062779 0.398104 -0.406938
v 0.058203 0.923004 0.432371
v 0.059610 0.526027 0.359767
v 0.055634 -0.336710 0.314919
v 0.053195 0.551925 0.305351
v 0.036394 -0.332232 -0.305214
v 0.078704 0.358748 0.720583
v 0.187812 0.496259 -0.788060
v 0.214576 0.527263 0.090122
v 0.123132 0.374507 -0.313631
v 0.101821 -0.142859 -0.214250
v 0.035560 -0.160623 -0.347326
v 0.054565 -0.348600 -0.013017
v 0.173072 0.525145 0.220404
v 0.073254 0.575908 0.153552
v 0.054851 0.535208 0.334209
v 0.139287 -0.043609 0.280248
v 0.059327 -0.110703 0.387630
v 0.125240 -0.130996 0.057394
v 0.184576 0.401615 0.319653
v 0.171319 0.435719 0.615622
v 0.190019 0.586285 0.575045
v 0.076497 0.580916 0.455716
v 0.082581 0.507725 0.737093
v 0.075731 0.400134 0.741656
v 0.067289 0.190339 0.500000
v 0.163533 0.229824 0.429066
v 0.157754 0.160376 0.236790
v 0.076473 0.326243 0.650844
v 0.093762 0.596821 0.702334
v 0.095750 0.705956 0.637717
v 0.184747 0.776490 0.536696
v 0.076061 0.851885 0.523519
v 0.055402 0.937123 0.432013
v 0.092126 0.714031 0.527126
v 0.075868 0.837666 0.469253
v 0.074274 0.486502 -0.113954
v 0.220020 0.493267 0.048147
v 0.188170 0.456531 -0.067464
v 0.163198 0.295072 -0.064292
v 0.129473 0.274481 -0.288580
v 0.057533 0.384877 -0.316083
v 0.160288 0.398022 -0.566966
v 0.070466 0.433505 -0.459613
v 0.087614 0.519784 -0.650680
v 0.070701 0.579729 -0.891463
v 0.125591 0.499568 -0.897901
v 0.033767 0.540696 -0.991708
v 0.029649 0.463185 -0.958039
v 0.027449 0.366498 -0.914976
v 0.097505 0.300479 -0.854451
v 0.021976 0.218305 -0.923224
v 0.017469 0.142895 -0.926928
v 0.023491 0.186196 -0.894558
v 0.034395 0.240740 -0.846031
v 0.043159 0.271823 -0.792599
v 0.043129 0.160266 -0.562843
v 0.131561 0.275225 -0.608328
v 0.116790 0.109440 -0.254770
v 0.201360 0.365857 0.145544
v -0.141865 0.120137 -0.011911
v -0.077197 -0.325821 -0.307814
v -0.114719 0.549844 0.302373
v -0.116575 -0.328987 0.315350
v -0.126303 0.520662 0.360865
v -0.155245 0.445974 0.748599
v -0.151650 0.296344 0.573052
v -0.162397 0.361063 0.717128
v -0.120237 0.929333 0.444930
v -0.190995 0.647123 0.549191
v -0.197049 0.579022 0.010394
v -0.114902 0.380441 -0.220461
v -0.130087 0.391744 -0.406052
v -0.206578 0.563264 -0.802291
v -0.085325 0.572709 -0.983536
v -0.059406 0.302573 -0.897120
v -0.040165 0.151030 -0.935540
v -0.043697 0.159769 -0.910550
v -0.062849 0.219724 -0.884520
v -0.105274 0.288224 -0.744303
v -0.077702 0.022077 -0.381123
v -0.123115 0.920981 0.435987
v -0.163874 0.422184 -0.774606
v -0.217640 0.467696 0.164690
v -0.128047 -0.105202 0.378578
v -0.107769 -0.334525 0.108398
v -0.122944 0.530144 0.329441
v -0.162085 0.403141 0.732614
v -0.144877 0.199462 0.495255
v -0.161378 0.334241 0.644757
v -0.175074 0.501797 0.727684
v -0.196563 0.596105 0.690711
v -0.198531 0.706846 0.630359
v -0.160568 0.845867 0.521771
v -0.163819 0.837974 0.474471
v -0.197052 0.712614 0.533237
v -0.088626 -0.332307 -0.183888
v -0.163996 0.578023 0.462824
v -0.157440 0.568180 0.164337
v -0.159255 0.477685 -0.111025
v -0.147850 0.423575 -0.460405
v -0.183192 0.507994 -0.641922
v -0.146925 0.573055 -0.898793
v -0.078980 0.540215 -0.982886
v -0.070846 0.465356 -0.950163
v -0.065682 0.361993 -0.906626
v -0.053687 0.226502 -0.913369
v -0.045025 0.155614 -0.922274
v -0.056689 0.193711 -0.898249
v -0.076291 0.244971 -0.854462
v -0.096190 0.279112 -0.795197
v -0.096913 0.167780 -0.561642
v -0.080078 -0.154536 -0.337976
v -0.123901 0.926578 0.439432
v -0.039271 0.575465 -0.986936
v -0.056279 0.934564 0.443134
v -0.026750 0.302890 -0.902128
v -0.092086 0.648464 0.543281
v -0.017279 0.144325 -0.940611
v -0.018998 0.157061 -0.908570
v -0.028671 0.216057 -0.879996
v -0.092599 0.586614 -0.002031
v -0.054685 0.385762 -0.222839
v -0.048964 0.283497 -0.745902
v -0.073639 0.446262 0.751905
v -0.035848 0.019681 -0.384419
v -0.072940 0.292255 0.577177
v -0.062779 0.398104 -0.406938
v -0.058203 0.923004 0.432371
v -0.059610 0.526027 0.359767
v -0.055634 -0.336710 0.314919
v -0.053195 0.551925 0.305351
v -0.036394 -0.332232 -0.305214
v -0.078704 0.358748 0.720583
v -0.187812 0.496259 -0.788060
v -0.214576 0.527263 0.090122
v -0.123132 0.374507 -0.313631
v -0.101821 -0.142859 -0.214250
v -0.035560 -0.160623 -0.347326
v -0.054565 -0.348600 -0.013017
v -0.173072 0.525145 0.220404
v -0.073254 0.575908 0.153552
v -0.054851 0.535208 0.334208
v -0.139287 -0.043609 0.280248
v -0.059327 -0.110703 0.387630
v -0.125240 -0.130996 0.057394
v -0.184576 0.401615 0.319653
v -0.171319 0.435719 0.615622
v -0.190019 0.586285 0.575045
v -0.076497 0.580916 0.455716
v -0.082581 0.507725 0.737093
v -0.075731 0.400134 0.741656
v -0.067289 0.190339 0.500000
v -0.163533 0.229824 0.429066
v -0.157754 0.160376 0.236790
v -0.076473 0.326243 0.650844
v -0.093762 0.596821 0.702334
v -0.095750 0.705956 0.637717
v -0.184747 0.776490 0.536696
v -0.076061 0.851885 0.523519
v -0.055402 0.937123 0.432013
v -0.092126 0.714031 0.527126
v -0.075868 0.837665 0.469253
v -0.074274 0.486502 -0.113954
v -0.220020 0.493267 0.048147
v -0.188170 0.456531 -0.067464
v -0.163198 0.295072 -0.064292
v -0.129473 0.274481 -0.288580
v -0.057533 0.384877 -0.316083
v -0.160288 0.398022 -0.566966
v -0.070466 0.433505 -0.459613
v -0.087614 0.519784 -0.650680
v -0.070701 0.579729 -0.891463
v -0.125591 0.499568 -0.897901
v -0.033767 0.540696 -0.991708
v -0.029649 0.463185 -0.958039
v -0.027449 0.366498 -0.914976
v -0.097505 0.300479 -0.854451
v -0.021976 0.218305 -0.923224
v -0.017469 0.142895 -0.926928
v -0.023491 0.186196 -0.894558
v -0.034395 0.240740 -0.846031
v -0.043159 0.271823 -0.792599
v -0.043129 0.160266 -0.562843
v -0.131561 0.275225 -0.608328
v -0.116790 0.109440 -0.254770
v -0.201360 0.365857 0.145544
vn 0.9927 -0.1109 -0.0465
vn 0.9914 -0.1029 -0.0804
vn 0.9858 -0.1435 -0.0875
vn 0.9811 -0.1870 -0.0492
vn 0.4481 -0.8697 -0.2069
vn 0.1990 -0.3138 -0.9284
vn 0.9729 -0.0864 -0.2143
vn 0.1728 0.8927 0.4162
vn 0.5477 0.7756 0.3137
vn 0.1406 0.9719 0.1889
vn 0.4436 -0.3140 0.8394
vn 0.4981 -0.8594 0.1152
vn 0.9918 -0.1276 -0.0028
vn 0.2047 0.9784 0.0286
vn 0.1640 0.8677 -0.4693
vn 0.7505 0.4191 -0.5110
vn 0.0958 -0.1452 0.9848
vn 0.8224 0.0211 0.5685
vn 0.1892 0.2373 0.9528
vn 0.9465 -0.2362 0.2198
vn 0.2467 -0.8539 0.4583
vn 0.2564 -0.6623 0.7040
vn 0.2125 -0.5315 0.8200
vn 0.1116 -0.8746 0.4719
vn 0.9482 -0.2613 0.1808
vn 0.0939 0.7503 0.6544
vn 0.7273 0.6382 0.2522
vn 0.2764 0.9579 0.0773
vn -0.2241 0.0861 -0.9708
vn 0.1247 0.7016 -0.7016
vn 0.1104 -0.0410 -0.9930
vn 0.7257 0.6653 0.1753
vn 0.9378 0.2689 -0.2198
vn 0.2927 0.7722 -0.5639
vn 0.1885 0.9815 0.0322
vn 0.7624 0.3401 -0.5505
vn 0.2673 0.9547 -0.1307
vn 0.1844 0.7398 -0.6470
vn 0.2548 0.8519 0.4576
vn 0.2833 0.9318 0.2268
vn 0.9088 0.3882 0.1527
vn 0.9976 -0.0368 0.0583
vn 0.8771 -0.2248 -0.4245
vn 0.0663 0.9844 0.1632
vn 0.1734 0.9499 -0.2601
vn 0.7831 0.0137 -0.6217
vn 0.3243 0.2980 -0.8978
vn 0.2914 -0.1122 -0.9500
vn 0.2951 -0.0947 -0.9508
vn 0.3218 0.1494 -0.9349
vn 0.3204 0.1264 -0.9388
vn 0.8098 -0.0625 -0.5834
vn 0.6746 -0.6995 -0.2358
vn 0.3418 -0.7130 0.6122
vn 0.6964 -0.5282 0.4858
vn 0.3172 -0.4689 0.8243
vn 0.3437 -0.5677 0.7480
vn 0.4476 -0.5826 0.6784
vn 0.3500 -0.7300 0.5870
vn -0.3649 -0.9252 -0.1044
vn 0.1982 -0.8386 -0.5074
vn 0.1973 -0.9787 -0.0557
vn 0.6231 -0.6089 -0.4909
vn 0.2803 -0.2794 -0.9183
vn 0.2352 -0.7307 -0.6409
vn 0.1441 -0.3313 -0.9325
vn 0.1819 -0.0285 -0.9829
vn 0.7875 0.1567 -0.5960
vn 0.9075 -0.2718 -0.3203
vn 0.9466 -0.3099 -0.0889
vn 0.9199 -0.3622 -0.1504
vn 0.9953 -0.0901 0.0360
vn 0.9089 0.3091 0.2798
vn 0.9892 -0.0189 0.1455
vn 0.9967 -0.0548 0.0607
vn 0.9808 -0.0955 0.1698
vn 0.3563 -0.2832 0.8904
vn 0.4460 -0.2286 0.8653
vn 0.9878 -0.1414 -0.0651
vn 0.9872 -0.1503 -0.0535
vn 0.6184 -0.7856 -0.0209
vn 0.7975 -0.6031 -0.0181
vn 0.1943 0.9607 0.1985
vn 0.6347 0.6830 0.3615
vn 0.2112 0.7941 0.5699
vn 0.1303 0.8875 0.4420
vn 0.9787 -0.0434 0.2006
vn 0.9658 -0.1529 0.2095
vn 0.2687 -0.3322 0.9042
vn 0.2397 -0.2890 0.9268
vn 0.9754 -0.1489 0.1625
vn 0.9158 -0.2862 0.2818
vn 0.2715 -0.5646 0.7795
vn 0.3471 -0.4177 0.8397
vn 0.9467 -0.3002 0.1169
vn 0.9727 -0.2306 0.0267
vn 0.2766 -0.8980 0.3423
vn 0.2221 -0.8986 0.3785
vn 0.9384 0.0716 0.3380
vn 0.9617 -0.1700 0.2150
vn 0.2877 0.2554 0.9230
vn 0.1888 0.2344 0.9536
vn 0.9842 -0.1554 0.0854
vn 0.9953 -0.0378 0.0892
vn 0.2645 0.4379 0.8592
vn 0.3171 0.3278 0.8899
vn 0.9795 0.1275 0.1560
vn 0.9124 0.3373 0.2318
vn 0.1324 0.5930 0.7942
vn 0.1903 0.5244 0.8299
vn 0.7825 0.5456 0.3001
vn 0.8482 0.4993 0.1766
vn 0.1529 0.6986 0.6990
vn 0.1133 0.6633 0.7397
vn 0.7764 0.0582 -0.6275
vn 0.8620 0.0676 -0.5023
vn 0.1256 -0.3996 -0.9081
vn 0.1439 -0.3759 -0.9154
vn 0.7542 -0.2063 -0.6234
vn 0.9256 -0.1359 -0.3532
vn 0.1095 -0.3590 -0.9269
vn 0.0921 -0.4016 -0.9112
vn 0.9886 -0.1157 -0.0962
vn 0.9878 -0.1368 -0.0750
vn 0.6409 -0.7658 -0.0524
vn 0.5942 -0.8022 -0.0585
vn 0.1823 0.8083 -0.5598
vn 0.1737 0.7872 -0.5918
vn 0.9178 0.1013 -0.3839
vn 0.7489 0.4189 -0.5135
vn 0.5634 0.7848 0.2582
vn 0.6101 0.7510 0.2528
vn 0.1583 0.9749 0.1567
vn 0.1447 0.9748 0.1699
vn 0.8755 0.1831 -0.4471
vn 0.7579 0.2862 -0.5862
vn 0.2134 0.6569 -0.7232
vn 0.2464 0.6556 -0.7138
vn 0.9056 0.2820 0.3168
vn 0.9683 0.0466 0.2456
vn 0.2772 0.8222 0.4971
vn 0.2084 0.7860 0.5820
vn 0.9562 0.1993 0.2146
vn 0.9848 0.0466 0.1674
vn 0.2131 0.9056 0.3668
vn 0.2338 0.8843 0.4041
vn 0.8303 -0.0635 -0.5536
vn 0.8272 -0.0642 -0.5582
vn 0.2163 0.9670 -0.1346
vn 0.0097 0.9904 0.1377
vn 0.7410 -0.2258 -0.6324
vn 0.7223 -0.3126 -0.6170
vn 0.3361 -0.3363 -0.8797
vn 0.3184 -0.1807 -0.9306
vn 0.6821 -0.3770 -0.6266
vn 0.7009 -0.3442 -0.6248
vn 0.3460 -0.4372 -0.8301
vn 0.3250 -0.4497 -0.8319
vn 0.6775 -0.2720 -0.6834
vn 0.6141 -0.2085 -0.7612
vn 0.3110 -0.2502 -0.9169
vn 0.3312 -0.3420 -0.8794
vn 0.4916 0.0459 -0.8696
vn 0.6884 0.0871 -0.7201
vn 0.3925 0.2071 -0.8961
vn 0.2985 0.2029 -0.9326
vn 0.9493 -0.2833 -0.1366
vn 0.9304 -0.3001 -0.2104
vn 0.5168 -0.7642 0.3859
vn 0.5879 -0.7855 0.1934
vn 0.5975 -0.4366 0.6726
vn 0.3652 -0.4417 0.8195
vn 0.3183 -0.4155 0.8521
vn 0.3150 -0.4037 0.8589
vn 0.5732 -0.7475 0.3357
vn 0.8420 -0.5376 0.0455
vn 0.3497 -0.8486 0.3970
vn 0.3100 -0.8200 0.4811
vn 0.7993 -0.5969 0.0692
vn 0.7774 -0.6290 0.0064
vn 0.2827 -0.8814 0.3783
vn 0.3207 -0.8559 0.4057
vn 0.4926 -0.7651 -0.4146
vn 0.8013 -0.5112 -0.3107
vn 0.2562 -0.7886 -0.5590
vn 0.1783 -0.8161 -0.5498
vn 0.4738 -0.1357 -0.8701
vn 0.4517 -0.1362 -0.8817
vn 0.9588 -0.0526 -0.2792
vn 0.9747 -0.0597 -0.2155
vn 0.8713 0.4895 -0.0359
vn 0.7865 0.5759 0.2233
vn 0.3325 0.3029 -0.8931
vn 0.3395 0.9007 -0.2711
vn 0.0029 0.9834 -0.1815
vn 0.0264 0.9819 -0.1876
vn 0.0418 0.4595 -0.8872
vn 0.0048 0.4724 -0.8814
vn 0.0021 0.7468 0.6650
vn 0.0188 0.7473 0.6642
vn 0.0231 0.9388 0.3437
vn 0.0026 0.9385 0.3452
vn 0.0103 -0.1073 -0.9942
vn 0.0892 -0.1080 -0.9901
vn 0.0995 0.1831 -0.9780
vn 0.0117 0.1895 -0.9818
vn 0.0041 -0.0275 -0.9996
vn 0.0375 -0.0295 -0.9989
vn 0.0289 0.7195 -0.6939
vn 0.0031 0.7219 -0.6920
vn 0.0102 0.1405 -0.9900
vn 0.0857 0.1389 -0.9866
vn 0.1687 -0.7690 -0.6166
vn 0.0208 -0.7744 -0.6323
vn 0.0092 -0.7178 0.6962
vn 0.0761 -0.7214 0.6883
vn 0.0616 -0.5222 0.8506
vn 0.0073 -0.5212 0.8534
vn 0.0122 -0.5242 0.8515
vn 0.1040 -0.5357 0.8379
vn 0.0914 -0.7544 0.6500
vn 0.0104 -0.7499 0.6615
vn 0.0034 0.9997 -0.0231
vn 0.0308 0.9993 -0.0194
vn 0.0355 0.8028 -0.5952
vn 0.0039 0.8041 -0.5945
vn 0.0055 0.7784 -0.6277
vn 0.0503 0.7737 -0.6315
vn 0.0577 0.9890 -0.1362
vn 0.0061 0.9907 -0.1362
vn 0.0078 -0.9997 -0.0220
vn 0.0690 -0.9972 -0.0286
vn 0.0463 -0.8533 -0.5194
vn 0.0052 -0.8540 -0.5203
vn 0.0016 -0.1263 0.9920
vn 0.0143 -0.1289 0.9916
vn 0.0152 0.1602 0.9870
vn 0.0017 0.1594 0.9872
vn 0.0074 -0.7417 -0.6707
vn 0.0660 -0.7415 -0.6677
vn 0.0742 -0.2875 -0.9549
vn 0.0084 -0.2876 -0.9577
vn 0.0040 -0.6688 0.7434
vn 0.0368 -0.6699 0.7415
vn 0.0348 -0.8729 0.4867
vn 0.0038 -0.8729 0.4879
vn 0.0051 0.9790 0.2039
vn 0.0468 0.9772 0.2070
vn 0.0382 0.8607 0.5077
vn 0.0041 0.8630 0.5051
vn 0.0257 -0.3421 -0.9393
vn 0.0028 -0.3375 -0.9413
vn 0.0022 -0.0909 -0.9959
vn 0.0205 -0.0815 -0.9965
vn 0.0458 0.9961 0.0750
vn 0.0050 0.9956 0.0939
vn 0.0035 0.9030 -0.4296
vn 0.0317 0.8965 -0.4418
vn 0.0276 -0.3934 0.9190
vn 0.0030 -0.4311 0.9023
vn 0.0012 -0.9918 0.1275
vn 0.0114 -0.9882 0.1530
vn 0.0246 0.9824 0.1854
vn 0.0027 0.9821 0.1884
vn 0.0019 0.9128 0.4085
vn 0.0173 0.9053 0.4245
vn 0.0084 -0.9798 -0.2000
vn -0.0002 -0.9896 -0.1437
vn 0.0066 -0.3949 -0.9187
vn 0.0578 -0.3206 -0.9455
vn 0.0167 -0.5543 0.8322
vn 0.0018 -0.5706 0.8212
vn 0.0017 -0.8688 0.4952
vn 0.0158 -0.8789 0.4767
vn 0.9448 -0.3238 -0.0512
vn 0.9434 -0.3244 -0.0698
vn 0.8621 -0.3131 -0.3984
vn 0.8386 -0.3426 -0.4236
vn 0.9922 0.1217 0.0276
vn 0.9674 0.2479 0.0523
vn 0.8535 0.4605 0.2438
vn 0.8699 0.4091 0.2756
vn 0.2768 0.9486 0.1536
vn 0.3420 0.9351 0.0926
vn 0.9645 0.2517 0.0795
vn 0.9183 0.3566 0.1722
vn 0.9917 -0.0698 -0.1084
vn 0.9924 -0.0609 -0.1073
vn 0.9939 -0.0580 -0.0934
vn 0.9913 -0.0447 -0.1235
vn 0.0062 -0.1575 -0.9875
vn 0.0077 -0.1536 -0.9881
vn 0.0680 -0.1532 -0.9859
vn 0.0553 -0.1568 -0.9861
vn 0.0035 -0.9998 -0.0190
vn 0.0437 -0.9987 -0.0257
vn 0.0811 -0.9966 -0.0127
vn 0.0380 -0.9993 -0.0038
vn 0.0039 -1.0000 -0.0030
vn 0.8046 0.5173 0.2915
vn 0.7765 0.5502 0.3071
vn 0.8457 0.4377 0.3051
vn 0.8507 0.4331 0.2978
vn 0.0029 0.9901 0.1402
vn 0.0260 0.9893 0.1433
vn 0.0277 0.9923 0.1209
vn 0.0031 0.9931 0.1171
vn 0.0040 0.8255 0.5644
vn 0.0352 0.8269 0.5613
vn 0.0276 0.7926 0.6091
vn 0.0031 0.7929 0.6094
vn 0.9980 -0.0618 0.0097
vn 0.9986 -0.0531 -0.0065
vn 0.9981 -0.0597 -0.0181
vn 0.0029 -0.2444 0.9697
vn 0.0266 -0.2444 0.9693
vn 0.0335 -0.2909 0.9562
vn 0.0037 -0.2904 0.9569
vn 0.9961 -0.0743 -0.0483
vn 0.9947 -0.0781 -0.0665
vn 0.9944 -0.0758 -0.0733
vn 0.9962 -0.0714 -0.0503
vn 0.9962 -0.0613 0.0611
vn 0.9712 -0.0474 0.2335
vn 0.9092 0.2852 0.3035
vn 0.9659 0.1872 0.1790
vn 0.9976 0.0182 0.0673
vn 0.9997 -0.0060 -0.0248
vn 0.9987 -0.0454 -0.0222
vn 0.9894 0.0427 -0.1389
vn 0.9868 -0.1237 -0.1050
vn 0.9826 -0.1087 0.1503
vn 0.9794 -0.1582 -0.1252
vn 0.9721 -0.1890 -0.1386
vn 0.9876 -0.1078 -0.1140
vn 0.9787 -0.1838 -0.0916
vn 0.0032 0.8484 -0.5293
vn 0.0027 0.8234 -0.5675
vn 0.0250 0.8212 -0.5701
vn 0.0292 0.8457 -0.5328
vn 0.0026 0.2771 0.9608
vn 0.0237 0.2748 0.9612
vn 0.0291 0.3273 0.9445
vn 0.0032 0.3309 0.9437
vn 0.0031 -0.3621 0.9322
vn 0.0282 -0.3591 0.9329
vn 0.0224 -0.2800 0.9598
vn 0.0025 -0.2797 0.9601
vn 0.0038 -0.4267 0.9044
vn 0.0346 -0.4275 0.9034
vn 0.0361 -0.5703 0.8206
vn 0.0040 -0.5693 0.8221
vn 0.9811 -0.1573 0.1126
vn 0.9859 -0.1454 0.0831
vn 0.9874 -0.1348 0.0824
vn 0.9820 -0.1876 0.0227
vn 0.9925 -0.1226 -0.0001
vn 0.9938 -0.1061 -0.0320
vn 0.9822 -0.1837 -0.0394
vn 0.0037 -0.9282 0.3722
vn 0.0337 -0.9282 0.3706
vn 0.0329 -0.9253 0.3777
vn 0.0036 -0.9250 0.3800
vn 0.0032 0.3945 0.9189
vn 0.0292 0.3919 0.9196
vn 0.0270 0.4723 0.8810
vn 0.0029 0.4739 0.8806
vn 0.0019 0.5377 0.8431
vn 0.0228 0.5370 0.8433
vn 0.0155 0.5924 0.8055
vn 0.0017 0.5918 0.8061
vn 0.9997 -0.0244 -0.0011
vn 0.9255 0.2818 0.2530
vn 0.8783 0.4589 0.1344
vn 0.9328 0.3586 -0.0356
vn 0.9653 0.2395 -0.1043
vn 0.9946 0.0243 -0.1009
vn 0.0024 0.6377 0.7703
vn 0.0222 0.6401 0.7679
vn 0.0276 0.6771 0.7354
vn 0.0030 0.6738 0.7389
vn 0.0039 0.9725 -0.2328
vn 0.0356 0.9692 -0.2437
vn 0.0325 0.1896 -0.9813
vn 0.0036 0.1773 -0.9841
vn 0.0016 -0.4091 -0.9125
vn 0.0148 -0.4087 -0.9125
vn 0.0206 -0.3512 -0.9361
vn 0.0023 -0.3501 -0.9367
vn 0.0029 -0.4263 -0.9046
vn 0.0262 -0.4215 -0.9064
vn 0.0203 -0.4331 -0.9011
vn 0.0022 -0.4363 -0.8998
vn 0.0039 0.7097 -0.7045
vn 0.0353 0.7063 -0.7071
vn 0.0413 0.7049 -0.7081
vn 0.0045 0.7094 -0.7048
vn 0.9780 0.0868 -0.1900
vn 0.9989 0.0453 0.0095
vn 0.9808 -0.1514 -0.1227
vn 0.9493 -0.0393 -0.3120
vn 0.9094 0.1070 -0.4020
vn 0.9538 -0.1441 -0.2636
vn 0.9713 -0.2239 -0.0799
vn 0.9809 -0.1570 -0.1153
vn 0.9709 -0.1595 -0.1788
vn 0.9456 -0.2461 -0.2128
vn 0.9926 -0.0697 -0.0989
vn 0.9978 -0.0647 -0.0124
vn 0.9988 0.0029 0.0492
vn 0.9960 0.0009 -0.0897
vn 0.0465 0.9923 0.1145
vn 0.0051 0.9940 0.1095
vn 0.0056 0.9976 0.0689
vn 0.0509 0.9961 0.0722
vn 0.9847 -0.0761 0.1571
vn 0.9907 -0.1298 0.0416
vn 0.9767 -0.2137 0.0190
vn 0.9613 -0.2725 0.0413
vn 0.9761 -0.1952 0.0958
vn 0.0038 0.8081 0.5891
vn 0.0350 0.8049 0.5923
vn 0.0380 0.8793 0.4747
vn 0.0041 0.8819 0.4713
vn 0.0036 0.9275 0.3739
vn 0.0333 0.9259 0.3764
vn 0.0239 0.9542 0.2982
vn 0.0024 0.9550 0.2965
vn 0.0025 0.9858 0.1677
vn 0.0258 0.9867 0.1607
vn 0.0394 0.9992 0.0031
vn 0.0043 0.9999 0.0166
vn 0.7761 -0.3404 -0.5308
vn 0.7933 -0.3247 -0.5151
vn 0.7671 -0.2956 -0.5694
vn 0.7751 -0.3227 -0.5433
vn 0.7858 -0.2686 -0.5571
vn 0.0073 -0.0777 -0.9969
vn 0.0633 -0.0863 -0.9943
vn 0.0725 -0.3193 -0.9449
vn 0.0084 -0.3155 -0.9489
vn 0.0086 -0.4553 -0.8903
vn 0.0727 -0.4567 -0.8866
vn 0.0697 -0.4539 -0.8883
vn 0.0083 -0.4536 -0.8912
vn 0.0088 -0.3553 -0.9347
vn 0.0732 -0.3552 -0.9319
vn 0.0796 -0.2566 -0.9632
vn 0.0095 -0.2570 -0.9664
vn 0.8306 -0.3082 -0.4638
vn 0.9118 -0.3559 -0.2047
vn 0.9088 -0.3823 -0.1668
vn 0.9337 -0.3074 -0.1835
vn 0.9504 -0.2698 -0.1548
vn 0.9455 -0.3254 -0.0134
vn 0.8709 -0.0273 -0.4907
vn 0.8089 0.0227 -0.5876
vn 0.7796 -0.2165 -0.5876
vn 0.0128 0.2734 -0.9618
vn 0.1073 0.2656 -0.9581
vn 0.1063 0.2588 -0.9601
vn 0.0127 0.2657 -0.9640
vn 0.0154 -0.9595 0.2814
vn 0.1254 -0.9523 0.2781
vn 0.1082 -0.8565 0.5047
vn 0.0134 -0.8572 0.5148
vn 0.0108 -0.3671 0.9301
vn 0.0909 -0.3752 0.9225
vn 0.1016 -0.3747 0.9216
vn 0.0121 -0.3622 0.9320
vn 0.0092 -0.8469 0.5316
vn 0.0811 -0.8495 0.5213
vn 0.0739 -0.8684 0.4903
vn 0.0084 -0.8659 0.5001
vn 0.0077 -0.8631 0.5050
vn 0.0678 -0.8660 0.4954
vn 0.0628 -0.8895 0.4525
vn 0.0071 -0.8871 0.4615
vn 0.0054 -0.8175 -0.5760
vn 0.0474 -0.8174 -0.5741
vn 0.0545 -0.8064 -0.5889
vn 0.0062 -0.8065 -0.5913
vn 0.9703 -0.2407 -0.0228
vn 0.9835 -0.1705 -0.0612
vn 0.9380 -0.3131 -0.1485
vn 0.9164 -0.3724 -0.1465
vn 0.9509 -0.3062 -0.0456
vn 0.9899 -0.0938 -0.1062
vn 0.9885 -0.0985 -0.1147
vn 0.9937 -0.1010 -0.0489
vn 0.9892 -0.1041 -0.1033
vn 0.9723 -0.2115 -0.0994
vn 0.9927 -0.1204 0.0099
vn 0.9778 -0.1954 0.0753
vn 0.9843 -0.1755 0.0200
vn 0.9735 -0.2268 -0.0292
vn -0.9927 -0.1109 -0.0465
vn -0.9811 -0.1870 -0.0492
vn -0.9858 -0.1435 -0.0875
vn -0.9914 -0.1029 -0.0804
vn -0.4481 -0.8697 -0.2069
vn -0.9820 -0.1235 -0.1427
vn -0.4738 -0.2096 -0.8553
vn -0.1728 0.8927 0.4162
vn -0.0939 0.9754 0.1992
vn -0.5276 0.7968 0.2945
vn -0.2473 -0.3884 0.8877
vn -0.9940 -0.0971 0.0502
vn -0.4981 -0.8594 0.1152
vn -0.2047 0.9784 0.0286
vn -0.5204 0.8519 -0.0578
vn -0.2020 0.8667 -0.4562
vn -0.1870 -0.2614 0.9469
vn -0.0968 0.1587 0.9826
vn -0.8135 -0.1729 0.5553
vn -0.8832 -0.4556 0.1111
vn -0.2564 -0.6623 0.7040
vn -0.2467 -0.8539 0.4583
vn -0.2125 -0.5315 0.8200
vn -0.9550 -0.2088 0.2105
vn -0.2102 -0.9021 0.3769
vn -0.1561 0.7314 0.6638
vn -0.1577 0.9318 0.3270
vn -0.7273 0.6382 0.2522
vn 0.3644 0.6997 -0.6145
vn -0.1347 -0.0140 -0.9908
vn -0.1247 0.7016 -0.7016
vn -0.7257 0.6653 0.1753
vn -0.1885 0.9815 0.0322
vn -0.2927 0.7722 -0.5639
vn -0.9378 0.2689 -0.2198
vn -0.5017 0.8526 -0.1461
vn -0.2470 0.7361 -0.6302
vn -0.2673 0.9547 -0.1307
vn -0.1565 0.8396 0.5201
vn -0.7852 0.3941 0.4777
vn -0.2833 0.9318 0.2268
vn -0.9976 -0.0368 0.0583
vn -0.1005 0.9521 0.2889
vn -0.8729 -0.0819 -0.4810
vn -0.2701 0.9260 -0.2639
vn -0.3243 0.2980 -0.8978
vn -0.7743 -0.0190 -0.6326
vn -0.2914 -0.1122 -0.9500
vn -0.3219 0.1494 -0.9349
vn -0.3635 0.1211 -0.9237
vn -0.4193 0.1548 -0.8946
vn -0.5853 -0.6435 -0.4932
vn -0.8098 -0.0625 -0.5834
vn -0.3418 -0.7130 0.6122
vn -0.2317 -0.5171 0.8240
vn -0.6964 -0.5282 0.4858
vn -0.3437 -0.5677 0.7480
vn -0.3010 -0.7574 0.5795
vn -0.6213 -0.6937 0.3643
vn -0.3588 -0.8029 -0.4760
vn -0.1973 -0.9787 -0.0557
vn -0.1982 -0.8386 -0.5074
vn -0.4310 -0.2897 -0.8546
vn -0.2352 -0.7307 -0.6409
vn -0.2803 -0.2794 -0.9183
vn -0.0943 -0.3173 -0.9436
vn -0.7876 0.1566 -0.5960
vn -0.1819 -0.0285 -0.9829
vn -0.8788 -0.3314 -0.3433
vn -0.9025 -0.3733 -0.2147
vn -0.9539 -0.2876 -0.0853
vn -0.9958 0.0665 0.0624
vn -0.9892 -0.0189 0.1455
vn -0.9091 0.2853 0.3036
vn -0.9804 -0.1258 0.1517
vn -0.3534 -0.2503 0.9014
vn -0.3303 -0.2886 0.8987
vn -0.9762 -0.1064 0.1889
vn -0.9878 -0.1414 -0.0651
vn -0.6403 -0.7668 -0.0441
vn -0.5741 -0.8183 -0.0285
vn -0.9917 -0.1215 -0.0417
vn -0.1943 0.9607 0.1985
vn -0.1303 0.8875 0.4420
vn -0.2112 0.7941 0.5699
vn -0.6329 0.6914 0.3485
vn -0.9787 -0.0434 0.2006
vn -0.2397 -0.2890 0.9268
vn -0.2687 -0.3322 0.9042
vn -0.9658 -0.1529 0.2095
vn -0.9163 -0.2801 0.2863
vn -0.2520 -0.4429 0.8605
vn -0.2329 -0.5785 0.7817
vn -0.9434 -0.2302 0.2386
vn -0.9467 -0.3002 0.1169
vn -0.2221 -0.8986 0.3785
vn -0.2128 -0.9238 0.3182
vn -0.9640 -0.2649 0.0209
vn -0.9384 0.0716 0.3380
vn -0.2889 0.2704 0.9184
vn -0.3186 0.2644 0.9103
vn -0.9864 -0.1424 0.0823
vn -0.9822 -0.1605 0.0979
vn -0.2769 0.3120 0.9088
vn -0.2065 0.4141 0.8865
vn -0.9918 -0.0450 0.1195
vn -0.9873 0.1215 0.1019
vn -0.1467 0.5091 0.8481
vn -0.1324 0.5930 0.7942
vn -0.8704 0.3663 0.3289
vn -0.7825 0.5456 0.3001
vn -0.1133 0.6633 0.7397
vn -0.1529 0.6986 0.6990
vn -0.8482 0.4993 0.1766
vn -0.8831 0.1608 -0.4408
vn -0.1273 -0.3760 -0.9178
vn -0.0923 -0.3969 -0.9132
vn -0.7427 -0.0080 -0.6695
vn -0.7542 -0.2063 -0.6234
vn -0.1065 -0.4062 -0.9076
vn -0.0845 -0.3415 -0.9361
vn 0.9008 -0.0406 -0.4324
vn -0.9886 -0.1157 -0.0962
vn -0.5942 -0.8022 -0.0585
vn -0.6409 -0.7658 -0.0524
vn -0.9878 -0.1368 -0.0750
vn -0.1823 0.8083 -0.5598
vn -0.7489 0.4189 -0.5135
vn -0.9178 0.1013 -0.3839
vn -0.1737 0.7872 -0.5918
vn -0.5634 0.7848 0.2582
vn -0.1542 0.9734 0.1697
vn -0.1583 0.9749 0.1567
vn -0.6101 0.7510 0.2528
vn -0.8755 0.1831 -0.4471
vn -0.2464 0.6556 -0.7138
vn -0.2134 0.6569 -0.7232
vn -0.7178 0.3434 -0.6057
vn -0.9056 0.2820 0.3168
vn -0.2084 0.7860 0.5820
vn -0.2241 0.8301 0.5105
vn -0.9443 0.1081 0.3108
vn -0.9562 0.1993 0.2146
vn -0.2338 0.8843 0.4041
vn -0.2130 0.9056 0.3668
vn -0.9848 0.0466 0.1674
vn -0.8301 -0.0647 -0.5539
vn -0.2247 0.9691 -0.1012
vn -0.2163 0.9670 -0.1346
vn -0.8272 -0.0642 -0.5582
vn -0.7460 -0.2580 -0.6139
vn -0.3184 -0.1807 -0.9306
vn -0.3361 -0.3363 -0.8797
vn -0.7116 -0.2839 -0.6427
vn -0.6991 -0.3793 -0.6062
vn -0.3446 -0.4546 -0.8213
vn -0.3170 -0.4316 -0.8445
vn -0.6613 -0.3359 -0.6708
vn -0.5927 -0.2348 -0.7705
vn -0.2847 -0.3298 -0.9001
vn -0.2461 -0.2226 -0.9433
vn -0.4425 -0.0467 -0.8956
vn -0.4916 0.0459 -0.8696
vn -0.2985 0.2029 -0.9326
vn -0.3925 0.2071 -0.8961
vn -0.6884 0.0871 -0.7201
vn -0.9127 -0.2413 -0.3299
vn -0.5895 -0.7819 0.2027
vn -0.4791 -0.8527 0.2084
vn -0.9304 -0.3001 -0.2104
vn -0.4868 -0.4780 0.7311
vn -0.3141 -0.4042 0.8591
vn -0.2939 -0.4341 0.8516
vn -0.5513 -0.5996 0.5801
vn -0.8462 -0.5048 0.1704
vn -0.3100 -0.8200 0.4811
vn -0.3191 -0.8616 0.3948
vn -0.7941 -0.6055 0.0527
vn -0.7993 -0.5969 0.0692
vn -0.2825 -0.8708 0.4024
vn -0.1051 -0.9427 0.3166
vn 0.8280 -0.5514 0.1017
vn -0.4926 -0.7651 -0.4146
vn -0.1783 -0.8161 -0.5498
vn -0.1916 -0.7933 -0.5779
vn -0.5205 -0.6812 -0.5148
vn -0.4738 -0.1357 -0.8701
vn -0.9587 -0.0506 -0.2797
vn -0.9588 -0.0526 -0.2792
vn -0.4517 -0.1362 -0.8817
vn -0.9115 0.3558 -0.2064
vn -0.3942 0.6312 -0.6679
vn -0.3291 0.8523 -0.4065
vn -0.7864 0.5759 0.2233
vn -0.0042 0.9837 -0.1799
vn -0.0029 0.4683 -0.8836
vn -0.0259 0.4332 -0.9009
vn -0.0382 0.9830 -0.1796
vn -0.0031 0.7457 0.6663
vn -0.0027 0.9383 0.3458
vn -0.0242 0.9367 0.3493
vn -0.0285 0.7404 0.6716
vn -0.0106 -0.1069 -0.9942
vn -0.0101 0.1883 -0.9821
vn -0.0879 0.1762 -0.9804
vn -0.0909 -0.1066 -0.9901
vn -0.0039 -0.0281 -0.9996
vn -0.0033 0.7222 -0.6917
vn -0.0308 0.7217 -0.6915
vn -0.0358 -0.0342 -0.9988
vn -0.0147 0.1438 -0.9895
vn -0.0186 -0.7781 -0.6278
vn -0.1546 -0.7924 -0.5901
vn -0.1199 0.1584 -0.9801
vn -0.0092 -0.7178 0.6962
vn -0.0073 -0.5212 0.8534
vn -0.0616 -0.5222 0.8506
vn -0.0761 -0.7214 0.6883
vn -0.0122 -0.5242 0.8515
vn -0.0104 -0.7499 0.6615
vn -0.0914 -0.7544 0.6500
vn -0.1040 -0.5357 0.8379
vn -0.0034 0.9997 -0.0231
vn -0.0048 0.8050 -0.5933
vn -0.0437 0.8082 -0.5872
vn -0.0308 0.9993 -0.0194
vn -0.0050 0.7781 -0.6281
vn -0.0061 0.9907 -0.1362
vn -0.0559 0.9888 -0.1383
vn -0.0453 0.7717 -0.6343
vn -0.0078 -0.9997 -0.0220
vn -0.0055 -0.8538 -0.5205
vn -0.0494 -0.8523 -0.5207
vn -0.0690 -0.9972 -0.0286
vn -0.0023 -0.1290 0.9916
vn -0.0017 0.1594 0.9872
vn -0.0152 0.1602 0.9870
vn -0.0213 -0.1484 0.9887
vn -0.0066 -0.7419 -0.6704
vn -0.0078 -0.2879 -0.9576
vn -0.0701 -0.2892 -0.9547
vn -0.0582 -0.7436 -0.6661
vn -0.0040 -0.6688 0.7434
vn -0.0038 -0.8729 0.4879
vn -0.0348 -0.8729 0.4867
vn -0.0368 -0.6699 0.7415
vn -0.0051 0.9790 0.2039
vn -0.0041 0.8630 0.5051
vn -0.0382 0.8607 0.5077
vn -0.0468 0.9772 0.2070
vn -0.0257 -0.3421 -0.9393
vn -0.0205 -0.0815 -0.9965
vn -0.0022 -0.0909 -0.9959
vn -0.0028 -0.3375 -0.9413
vn -0.0494 0.9951 0.0857
vn -0.0394 0.8998 -0.4345
vn -0.0043 0.9036 -0.4284
vn -0.0055 0.9954 0.0957
vn -0.0276 -0.3934 0.9190
vn -0.0114 -0.9882 0.1530
vn -0.0012 -0.9918 0.1275
vn -0.0030 -0.4311 0.9023
vn -0.0246 0.9824 0.1854
vn -0.0173 0.9053 0.4245
vn -0.0019 0.9128 0.4085
vn -0.0027 0.9821 0.1884
vn 0.0961 -0.9857 -0.1384
vn 0.1035 -0.3940 -0.9133
vn 0.0246 -0.4122 -0.9108
vn 0.0216 -0.9908 -0.1336
vn -0.0229 -0.5697 0.8215
vn -0.0158 -0.8789 0.4767
vn -0.0017 -0.8688 0.4952
vn -0.0025 -0.5728 0.8197
vn -0.9503 -0.3053 -0.0609
vn -0.8421 -0.3667 -0.3956
vn -0.8733 -0.3519 -0.3370
vn -0.9525 -0.2941 -0.0793
vn -0.9832 0.1551 0.0967
vn -0.8764 0.4109 0.2512
vn -0.8599 0.4659 0.2085
vn -0.9802 0.1353 -0.1445
vn -0.3368 0.9321 0.1335
vn -0.9569 0.2632 0.1230
vn -0.9645 0.2517 0.0795
vn -0.3420 0.9351 0.0926
vn -0.9917 -0.0698 -0.1084
vn -0.9913 -0.0447 -0.1235
vn -0.9939 -0.0580 -0.0934
vn -0.9924 -0.0609 -0.1073
vn -0.0062 -0.1575 -0.9875
vn -0.0553 -0.1568 -0.9861
vn -0.0680 -0.1532 -0.9859
vn -0.0077 -0.1536 -0.9881
vn -0.0041 -0.9998 -0.0192
vn -0.0039 -1.0000 -0.0030
vn -0.0380 -0.9993 -0.0038
vn -0.0766 -0.9969 -0.0179
vn -0.0437 -0.9987 -0.0257
vn -0.8046 0.5173 0.2915
vn -0.8507 0.4331 0.2978
vn -0.8457 0.4377 0.3051
vn -0.7765 0.5502 0.3071
vn -0.0029 0.9901 0.1402
vn -0.0031 0.9931 0.1171
vn -0.0277 0.9923 0.1209
vn -0.0260 0.9893 0.1433
vn -0.0043 0.8247 0.5656
vn -0.0039 0.7912 0.6116
vn -0.0342 0.7817 0.6228
vn -0.0386 0.8208 0.5699
vn -0.9980 -0.0618 0.0097
vn -0.9976 -0.0655 -0.0215
vn -0.9986 -0.0531 -0.0065
vn -0.0029 -0.2444 0.9697
vn -0.0037 -0.2904 0.9569
vn -0.0335 -0.2909 0.9562
vn -0.0266 -0.2444 0.9693
vn -0.9961 -0.0743 -0.0483
vn -0.9962 -0.0714 -0.0503
vn -0.9944 -0.0758 -0.0733
vn -0.9947 -0.0781 -0.0665
vn -0.9821 -0.0706 0.1747
vn -0.9976 0.0182 0.0673
vn -0.9662 0.2379 0.0998
vn -0.9092 0.2852 0.3035
vn -0.9712 -0.0474 0.2335
vn -0.9997 -0.0060 -0.0248
vn -0.9826 -0.1087 0.1503
vn -0.9838 -0.1790 0.0084
vn -0.9894 0.0427 -0.1389
vn -0.9987 -0.0448 -0.0230
vn -0.9794 -0.1582 -0.1252
vn -0.9787 -0.1838 -0.0916
vn -0.9875 -0.1013 -0.1210
vn -0.9721 -0.1890 -0.1386
vn -0.0032 0.8484 -0.5293
vn -0.0292 0.8457 -0.5328
vn -0.0250 0.8212 -0.5701
vn -0.0027 0.8234 -0.5675
vn -0.0026 0.2771 0.9608
vn -0.0032 0.3309 0.9437
vn -0.0291 0.3273 0.9445
vn -0.0237 0.2748 0.9612
vn -0.0027 -0.3610 0.9326
vn -0.0031 -0.2813 0.9596
vn -0.0281 -0.2910 0.9563
vn -0.0248 -0.3525 0.9355
vn -0.0038 -0.4267 0.9044
vn -0.0040 -0.5693 0.8221
vn -0.0361 -0.5703 0.8206
vn -0.0346 -0.4275 0.9034
vn -0.9893 -0.1385 0.0456
vn -0.9874 -0.1348 0.0824
vn -0.9859 -0.1454 0.0831
vn -0.9829 -0.1835 0.0161
vn -0.9790 -0.2036 -0.0134
vn -0.9921 -0.1249 -0.0073
vn -0.9891 -0.1442 0.0311
vn -0.0037 -0.9282 0.3722
vn -0.0036 -0.9250 0.3800
vn -0.0329 -0.9253 0.3777
vn -0.0337 -0.9282 0.3706
vn -0.0032 0.3945 0.9189
vn -0.0029 0.4739 0.8806
vn -0.0270 0.4723 0.8810
vn -0.0292 0.3919 0.9196
vn -0.0025 0.5371 0.8435
vn -0.0018 0.5917 0.8062
vn -0.0171 0.5914 0.8062
vn -0.0228 0.5370 0.8433
vn -0.9997 -0.0244 -0.0011
vn -0.9946 0.0243 -0.1009
vn -0.9852 0.1281 -0.1135
vn -0.9328 0.3586 -0.0356
vn -0.8783 0.4589 0.1344
vn -0.8865 0.4043 0.2250
vn -0.0017 0.6381 0.7700
vn -0.0024 0.6742 0.7386
vn -0.0227 0.6787 0.7340
vn -0.0158 0.6425 0.7662
vn -0.0040 0.9725 -0.2328
vn -0.0036 0.1773 -0.9841
vn -0.0325 0.1896 -0.9813
vn -0.0356 0.9692 -0.2437
vn -0.0016 -0.4091 -0.9125
vn -0.0023 -0.3501 -0.9367
vn -0.0206 -0.3512 -0.9361
vn -0.0148 -0.4087 -0.9125
vn -0.0029 -0.4263 -0.9046
vn -0.0022 -0.4363 -0.8998
vn -0.0203 -0.4331 -0.9011
vn -0.0262 -0.4215 -0.9064
vn -0.0039 0.7097 -0.7045
vn -0.0039 0.7091 -0.7051
vn -0.0352 0.7036 -0.7097
vn -0.0358 0.7064 -0.7069
vn -0.9782 0.1545 -0.1391
vn -0.9775 -0.1260 -0.1693
vn -0.9963 -0.0830 -0.0234
vn -0.9493 -0.0393 -0.3120
vn -0.9585 -0.1261 -0.2559
vn -0.9275 0.0754 -0.3661
vn -0.9713 -0.2239 -0.0799
vn -0.9729 -0.1579 -0.1689
vn -0.9709 -0.1595 -0.1788
vn -0.9809 -0.1570 -0.1153
vn -0.9926 -0.0697 -0.0989
vn -0.9960 0.0009 -0.0897
vn -0.9988 0.0029 0.0492
vn -0.9978 -0.0647 -0.0124
vn -0.0465 0.9923 0.1145
vn -0.0509 0.9961 0.0722
vn -0.0056 0.9976 0.0689
vn -0.0051 0.9940 0.1095
vn -0.9847 -0.0761 0.1571
vn -0.9756 -0.1965 0.0984
vn -0.9613 -0.2725 0.0413
vn -0.9571 -0.2894 0.0112
vn -0.9907 -0.1298 0.0416
vn -0.0038 0.8081 0.5891
vn -0.0041 0.8819 0.4713
vn -0.0380 0.8793 0.4747
vn -0.0350 0.8049 0.5923
vn -0.0036 0.9275 0.3739
vn -0.0024 0.9550 0.2965
vn -0.0239 0.9542 0.2982
vn -0.0333 0.9259 0.3764
vn 0.0013 0.9862 0.1653
vn -0.0020 0.9999 0.0149
vn -0.0196 0.9998 -0.0021
vn 0.0138 0.9889 0.1476
vn -0.7761 -0.3404 -0.5308
vn -0.7858 -0.2686 -0.5571
vn -0.7764 -0.3188 -0.5437
vn -0.7671 -0.2956 -0.5694
vn -0.8323 -0.2645 -0.4872
vn -0.0051 -0.0811 -0.9967
vn -0.0072 -0.3165 -0.9486
vn -0.0624 -0.3260 -0.9433
vn -0.0442 -0.1080 -0.9932
vn -0.0082 -0.4555 -0.8902
vn -0.0086 -0.4534 -0.8912
vn -0.0728 -0.4527 -0.8887
vn -0.0708 -0.4576 -0.8864
vn -0.0087 -0.3553 -0.9347
vn -0.0095 -0.2570 -0.9664
vn -0.0796 -0.2566 -0.9632
vn -0.0732 -0.3552 -0.9319
vn -0.8306 -0.3082 -0.4638
vn -0.7796 -0.2165 -0.5876
vn -0.8032 -0.1457 -0.5777
vn -0.8709 -0.0273 -0.4907
vn -0.9455 -0.3254 -0.0134
vn -0.8878 -0.3999 0.2279
vn -0.9533 -0.2729 -0.1296
vn -0.9088 -0.3823 -0.1668
vn -0.9066 -0.3808 -0.1819
vn -0.0109 0.2726 -0.9621
vn -0.0129 0.2658 -0.9639
vn -0.1082 0.2592 -0.9598
vn -0.0929 0.2619 -0.9606
vn -0.0154 -0.9595 0.2814
vn -0.0134 -0.8572 0.5148
vn -0.1083 -0.8565 0.5047
vn -0.1254 -0.9523 0.2781
vn -0.0108 -0.3671 0.9301
vn -0.0121 -0.3622 0.9320
vn -0.1016 -0.3747 0.9216
vn -0.0909 -0.3752 0.9225
vn -0.0092 -0.8469 0.5316
vn -0.0084 -0.8659 0.5001
vn -0.0739 -0.8684 0.4903
vn -0.0811 -0.8495 0.5213
vn -0.0077 -0.8631 0.5050
vn -0.0071 -0.8871 0.4615
vn -0.0628 -0.8895 0.4525
vn -0.0678 -0.8660 0.4954
vn -0.0049 -0.8175 -0.5759
vn -0.0054 -0.8066 -0.5911
vn -0.0473 -0.8074 -0.5882
vn -0.0433 -0.8180 -0.5736
vn -0.9894 -0.1454 -0.0004
vn -0.9509 -0.3062 -0.0456
vn -0.9164 -0.3724 -0.1465
vn -0.9144 -0.3765 -0.1490
vn -0.9835 -0.1705 -0.0612
vn -0.9899 -0.0938 -0.1062
vn -0.9892 -0.1041 -0.1033
vn -0.9937 -0.1010 -0.0489
vn -0.9885 -0.0985 -0.1147
vn -0.9723 -0.2115 -0.0994
vn -0.9750 -0.2155 -0.0544
vn -0.9843 -0.1755 0.0200
vn -0.9818 -0.1806 0.0591
vn -0.9927 -0.1204 0.0099
vn 0.9932 -0.0983 -0.0624
vn 0.9915 -0.0917 -0.0928
vn 0.9867 -0.1082 -0.1216
vn 0.9846 -0.1458 -0.0960
vn 0.3898 -0.9034 -0.1788
vn 0.4738 -0.2096 -0.8553
vn 0.9820 -0.1235 -0.1427
vn 0.1279 0.8547 0.5031
vn 0.5276 0.7968 0.2945
vn 0.0939 0.9754 0.1992
vn 0.2473 -0.3884 0.8877
vn 0.3517 -0.9334 0.0720
vn 0.9940 -0.0971 0.0502
vn 0.1578 0.9851 -0.0683
vn 0.2020 0.8667 -0.4562
vn 0.5204 0.8519 -0.0578
vn 0.1870 -0.2614 0.9469
vn 0.8135 -0.1729 0.5553
vn 0.0968 0.1587 0.9826
vn 0.8832 -0.4556 0.1111
vn 0.1589 -0.8137 0.5592
vn 0.1637 -0.7203 0.6741
vn 0.1280 -0.4121 0.9021
vn 0.2102 -0.9021 0.3769
vn 0.9550 -0.2088 0.2105
vn 0.1561 0.7314 0.6638
vn 0.6508 0.6859 0.3255
vn 0.1577 0.9318 0.3270
vn -0.3644 0.6997 -0.6145
vn 0.1017 0.6901 -0.7166
vn 0.1347 -0.0140 -0.9908
vn 0.7072 0.6925 0.1424
vn 0.8689 0.3190 -0.3785
vn 0.2385 0.7671 -0.5955
vn 0.1673 0.9858 0.0113
vn 0.5017 0.8526 -0.1461
vn 0.1770 0.9621 -0.2073
vn 0.2470 0.7361 -0.6302
vn 0.1565 0.8396 0.5201
vn 0.1872 0.9379 0.2919
vn 0.7852 0.3941 0.4777
vn 0.9860 -0.1493 0.0737
vn 0.8729 -0.0819 -0.4810
vn 0.1005 0.9521 0.2889
vn 0.2701 0.9260 -0.2639
vn 0.7743 -0.0190 -0.6326
vn 0.2003 0.1605 -0.9665
vn 0.2626 -0.0893 -0.9608
vn 0.3636 0.1211 -0.9237
vn 0.2677 0.1260 -0.9552
vn 0.4193 0.1548 -0.8946
vn 0.8977 -0.0825 -0.4328
vn 0.5853 -0.6435 -0.4932
vn 0.2572 -0.8360 0.4847
vn 0.7374 -0.5107 0.4421
vn 0.2317 -0.5171 0.8240
vn 0.3071 -0.6074 0.7327
vn 0.6213 -0.6937 0.3643
vn 0.3010 -0.7574 0.5795
vn 0.3588 -0.8029 -0.4760
vn 0.1627 -0.8498 -0.5013
vn 0.1398 -0.9836 -0.1139
vn 0.4310 -0.2897 -0.8546
vn 0.1379 -0.3300 -0.9339
vn 0.1526 -0.7251 -0.6715
vn 0.0943 -0.3173 -0.9436
vn 0.1484 0.2203 -0.9641
vn 0.6875 0.0682 -0.7229
vn 0.8788 -0.3314 -0.3433
vn 0.9539 -0.2876 -0.0853
vn 0.9025 -0.3733 -0.2147
vn 0.9958 0.0665 0.0624
vn 0.9091 0.2853 0.3036
vn 0.9781 -0.1273 0.1649
vn 0.9804 -0.1258 0.1517
vn 0.9762 -0.1064 0.1889
vn 0.3303 -0.2886 0.8987
vn 0.3534 -0.2503 0.9014
vn 0.9866 -0.1513 -0.0608
vn 0.9917 -0.1215 -0.0417
vn 0.5741 -0.8183 -0.0285
vn 0.6403 -0.7668 -0.0441
vn 0.5663 0.7664 0.3033
vn 0.6329 0.6914 0.3485
vn 0.2214 0.7863 0.5768
vn 0.2078 0.8253 0.5250
vn 0.9680 -0.0111 0.2508
vn 0.8694 -0.0988 0.4842
vn 0.1876 -0.2685 0.9448
vn 0.2688 -0.3142 0.9105
vn 0.9163 -0.2801 0.2863
vn 0.9434 -0.2302 0.2386
vn 0.2329 -0.5785 0.7817
vn 0.2520 -0.4429 0.8605
vn 0.9720 -0.2342 0.0193
vn 0.9640 -0.2649 0.0209
vn 0.2128 -0.9238 0.3182
vn 0.2763 -0.8993 0.3390
vn 0.9503 -0.2057 0.2336
vn 0.9864 -0.1424 0.0823
vn 0.3186 0.2644 0.9103
vn 0.2890 0.2704 0.9184
vn 0.9822 -0.1605 0.0979
vn 0.9918 -0.0450 0.1195
vn 0.2065 0.4141 0.8865
vn 0.2769 0.3120 0.9088
vn 0.9873 0.1215 0.1019
vn 0.8704 0.3663 0.3289
vn 0.1152 0.5972 0.7937
vn 0.1467 0.5091 0.8481
vn 0.8313 0.4992 0.2443
vn 0.7094 0.6199 0.3352
vn 0.1526 0.6986 0.6990
vn 0.1476 0.6593 0.7372
vn 0.8831 0.1608 -0.4408
vn 0.7427 -0.0080 -0.6695
vn 0.0923 -0.3969 -0.9132
vn 0.1273 -0.3760 -0.9178
vn 0.8680 -0.0839 -0.4894
vn -0.9008 -0.0406 -0.4324
vn 0.0845 -0.3415 -0.9361
vn 0.1065 -0.4062 -0.9076
vn 0.9873 -0.1376 -0.0790
vn 0.9872 -0.1427 -0.0719
vn 0.7560 -0.6473 -0.0972
vn 0.6124 -0.7878 -0.0662
vn 0.1690 0.8098 -0.5619
vn 0.0943 0.7885 -0.6077
vn 0.2952 0.5171 -0.8034
vn 0.8924 0.2482 -0.3769
vn 0.5885 0.7615 0.2716
vn 0.6255 0.7348 0.2624
vn 0.1490 0.9772 0.1511
vn 0.1542 0.9734 0.1697
vn 0.7599 0.3013 -0.5760
vn 0.7178 0.3434 -0.6057
vn 0.2079 0.6578 -0.7240
vn 0.2138 0.6596 -0.7205
vn 0.9617 -0.0135 0.2737
vn 0.9443 0.1081 0.3108
vn 0.2241 0.8301 0.5105
vn 0.2617 0.7444 0.6143
vn 0.9782 0.0645 0.1976
vn 0.9860 0.0260 0.1650
vn 0.0670 0.9468 0.3148
vn 0.2022 0.8960 0.3953
vn 0.8301 -0.0647 -0.5539
vn 0.8198 0.0156 -0.5724
vn 0.2784 0.9484 -0.1521
vn 0.2247 0.9691 -0.1012
vn 0.7460 -0.2580 -0.6139
vn 0.7116 -0.2839 -0.6427
vn 0.3393 -0.3347 -0.8791
vn 0.3601 -0.1502 -0.9207
vn 0.6991 -0.3793 -0.6062
vn 0.6613 -0.3358 -0.6708
vn 0.3170 -0.4316 -0.8445
vn 0.3447 -0.4546 -0.8213
vn 0.5927 -0.2348 -0.7705
vn 0.4425 -0.0467 -0.8956
vn 0.2461 -0.2226 -0.9433
vn 0.2847 -0.3298 -0.9001
vn 0.6670 0.1137 -0.7363
vn 0.7423 0.0824 -0.6649
vn 0.3964 0.2072 -0.8944
vn 0.3898 0.2125 -0.8960
vn 0.9127 -0.2413 -0.3299
vn 0.8713 -0.4757 0.1205
vn 0.4791 -0.8527 0.2084
vn 0.5895 -0.7819 0.2027
vn 0.4868 -0.4780 0.7311
vn 0.5513 -0.5996 0.5801
vn 0.2939 -0.4341 0.8516
vn 0.3141 -0.4042 0.8591
vn 0.8462 -0.5048 0.1704
vn 0.7941 -0.6055 0.0527
vn 0.3191 -0.8616 0.3948
vn 0.3575 -0.8302 0.4277
vn 0.8068 -0.5885 0.0519
vn -0.8280 -0.5514 0.1017
vn 0.1051 -0.9427 0.3166
vn 0.2825 -0.8708 0.4024
vn 0.8082 -0.5097 -0.2951
vn 0.5205 -0.6812 -0.5148
vn 0.1916 -0.7933 -0.5779
vn 0.2586 -0.7975 -0.5451
vn 0.4525 -0.1409 -0.8806
vn 0.2241 -0.1865 -0.9566
vn 0.6316 -0.3042 -0.7131
vn 0.9587 -0.0506 -0.2797
vn 0.9115 0.3558 -0.2064
vn 0.8793 0.4264 -0.2119
vn 0.3291 0.8523 -0.4066
vn 0.3942 0.6313 -0.6679
vn 0.0042 0.9837 -0.1799
vn 0.0382 0.9830 -0.1796
vn 0.0259 0.4332 -0.9009
vn 0.0029 0.4683 -0.8836
vn 0.0031 0.7457 0.6663
vn 0.0285 0.7404 0.6716
vn 0.0242 0.9367 0.3493
vn 0.0027 0.9383 0.3458
vn 0.0106 -0.1069 -0.9942
vn 0.0909 -0.1066 -0.9901
vn 0.0879 0.1762 -0.9804
vn 0.0101 0.1883 -0.9821
vn 0.0039 -0.0281 -0.9996
vn 0.0358 -0.0342 -0.9988
vn 0.0308 0.7217 -0.6915
vn 0.0033 0.7222 -0.6917
vn 0.0147 0.1438 -0.9895
vn 0.1199 0.1584 -0.9801
vn 0.1546 -0.7924 -0.5900
vn 0.0186 -0.7781 -0.6278
vn 0.0074 -0.7197 0.6942
vn 0.0623 -0.7347 0.6755
vn 0.0883 -0.4986 0.8623
vn 0.0104 -0.5177 0.8555
vn 0.0106 -0.5264 0.8502
vn 0.0936 -0.5481 0.8312
vn 0.0918 -0.7540 0.6504
vn 0.0105 -0.7498 0.6615
vn 0.0028 0.9998 -0.0221
vn 0.0251 0.9996 -0.0133
vn 0.0437 0.8082 -0.5872
vn 0.0048 0.8050 -0.5933
vn 0.0050 0.7781 -0.6281
vn 0.0453 0.7717 -0.6343
vn 0.0559 0.9888 -0.1383
vn 0.0063 0.9906 -0.1366
vn 0.0070 -0.9997 -0.0238
vn 0.0619 -0.9973 -0.0396
vn 0.0494 -0.8523 -0.5207
vn 0.0055 -0.8538 -0.5205
vn 0.0023 -0.1290 0.9916
vn 0.0213 -0.1484 0.9887
vn 0.0222 0.1755 0.9842
vn 0.0024 0.1617 0.9868
vn 0.0066 -0.7419 -0.6704
vn 0.0582 -0.7436 -0.6661
vn 0.0701 -0.2892 -0.9547
vn 0.0078 -0.2879 -0.9576
vn 0.0037 -0.6692 0.7430
vn 0.0341 -0.6725 0.7393
vn 0.0362 -0.8717 0.4887
vn 0.0039 -0.8727 0.4882
vn 0.0047 0.9788 0.2045
vn 0.0436 0.9765 0.2111
vn 0.0397 0.8620 0.5053
vn 0.0043 0.8633 0.5048
vn 0.0190 -0.3344 -0.9422
vn 0.0021 -0.3362 -0.9418
vn 0.0024 -0.0918 -0.9958
vn 0.0218 -0.0870 -0.9960
vn 0.0494 0.9951 0.0857
vn 0.0055 0.9954 0.0957
vn 0.0043 0.9036 -0.4284
vn 0.0394 0.8998 -0.4345
vn -0.0467 -0.4299 0.9017
vn -0.0064 -0.4371 0.8994
vn -0.0054 -0.9923 0.1239
vn -0.0377 -0.9911 0.1278
vn 0.0176 0.9816 0.1901
vn 0.0020 0.9819 0.1892
vn 0.0028 0.9138 0.4062
vn 0.0251 0.9124 0.4085
vn -0.0961 -0.9857 -0.1384
vn -0.0216 -0.9908 -0.1336
vn -0.0246 -0.4122 -0.9108
vn -0.1035 -0.3940 -0.9133
vn 0.0229 -0.5697 0.8215
vn 0.0025 -0.5728 0.8197
vn 0.0028 -0.8674 0.4977
vn 0.0257 -0.8687 0.4947
vn 0.9503 -0.3053 -0.0609
vn 0.9525 -0.2941 -0.0793
vn 0.8733 -0.3519 -0.3370
vn 0.8421 -0.3667 -0.3956
vn 0.9832 0.1551 0.0967
vn 0.9802 0.1353 -0.1445
vn 0.8599 0.4659 0.2085
vn 0.8764 0.4109 0.2512
vn 0.3368 0.9321 0.1335
vn 0.2122 0.9768 0.0288
vn 0.6761 0.7046 -0.2155
vn 0.9569 0.2632 0.1230
vn 0.9904 -0.0633 -0.1229
vn 0.9932 -0.0706 -0.0930
vn 0.9945 -0.0724 -0.0759
vn 0.9935 -0.0585 -0.0973
vn 0.0077 -0.1570 -0.9876
vn 0.0682 -0.1531 -0.9858
vn 0.0680 -0.1536 -0.9858
vn 0.0041 -0.9998 -0.0192
vn 0.0335 -0.9992 -0.0211
vn 0.0766 -0.9969 -0.0179
vn 0.0388 -0.9992 -0.0036
vn 0.0061 -1.0000 -0.0036
vn 0.8014 0.5261 0.2845
vn 0.7484 0.6075 0.2662
vn 0.8174 0.5735 0.0538
vn 0.8509 0.4318 0.2992
vn 0.0266 0.9894 0.1431
vn 0.0234 0.9922 0.1226
vn 0.0026 0.9931 0.1175
vn 0.0043 0.8247 0.5656
vn 0.0386 0.8208 0.5699
vn 0.0342 0.7817 0.6228
vn 0.0039 0.7912 0.6116
vn 0.9967 -0.0815 -0.0031
vn 0.9976 -0.0655 -0.0215
vn 0.0036 -0.2442 0.9697
vn 0.0329 -0.2428 0.9695
vn 0.0314 -0.2914 0.9561
vn 0.0035 -0.2905 0.9569
vn 0.9961 -0.0733 -0.0499
vn 0.9947 -0.0720 -0.0735
vn 0.9941 -0.0691 -0.0834
vn 0.9961 -0.0701 -0.0530
vn 0.9821 -0.0706 0.1747
vn 0.9818 -0.0725 0.1755
vn 0.9114 0.2672 0.3129
vn 0.9662 0.2379 0.0998
vn 0.9925 -0.0090 0.1215
vn 0.9992 -0.0408 0.0001
vn 0.9987 -0.0448 -0.0230
vn 0.9973 -0.0709 -0.0190
vn 0.9838 -0.1790 0.0084
vn 0.9916 -0.1270 -0.0237
vn 0.9744 -0.1754 -0.1403
vn 0.9925 -0.1184 0.0311
vn 0.9875 -0.1013 -0.1210
vn 0.9729 -0.2067 -0.1036
vn 0.0027 0.8482 -0.5297
vn 0.0026 0.8233 -0.5676
vn 0.0242 0.8209 -0.5705
vn 0.0247 0.8446 -0.5349
vn 0.0031 0.2780 0.9606
vn 0.0286 0.2810 0.9593
vn 0.0295 0.3277 0.9443
vn 0.0027 -0.3610 0.9326
vn 0.0248 -0.3525 0.9355
vn 0.0281 -0.2910 0.9563
vn 0.0031 -0.2813 0.9596
vn 0.0034 -0.4268 0.9043
vn 0.0310 -0.4286 0.9030
vn 0.0333 -0.5717 0.8198
vn 0.0036 -0.5695 0.8220
vn 0.9893 -0.1385 0.0456
vn 0.9917 -0.1228 0.0374
vn 0.9863 -0.0924 0.1363
vn 0.9829 -0.1835 0.0161
vn 0.9891 -0.1442 0.0311
vn 0.9921 -0.1249 -0.0073
vn 0.9790 -0.2036 -0.0134
vn 0.0036 -0.9282 0.3720
vn 0.0328 -0.9285 0.3698
vn 0.0260 -0.9285 0.3705
vn 0.0028 -0.9254 0.3789
vn 0.0030 0.3943 0.9190
vn 0.0281 0.3905 0.9202
vn 0.0237 0.4687 0.8830
vn 0.0026 0.4733 0.8809
vn 0.0025 0.5371 0.8435
vn 0.0175 0.5324 0.8463
vn 0.0171 0.5914 0.8062
vn 0.0018 0.5917 0.8062
vn 0.8791 0.2679 0.3943
vn 0.8865 0.4043 0.2250
vn 0.7912 0.5020 0.3494
vn 0.9579 0.2173 -0.1874
vn 0.9852 0.1281 -0.1135
vn 0.9831 0.0487 -0.1764
vn 0.0017 0.6381 0.7700
vn 0.0158 0.6425 0.7662
vn 0.0227 0.6787 0.7340
vn 0.0024 0.6742 0.7386
vn 0.0045 0.9696 -0.2446
vn 0.0418 0.9428 -0.3308
vn 0.0298 0.2421 -0.9698
vn 0.0032 0.1844 -0.9829
vn 0.0021 -0.4097 -0.9122
vn 0.0191 -0.4125 -0.9108
vn 0.0281 -0.3627 -0.9315
vn 0.0031 -0.3517 -0.9361
vn 0.0022 -0.4257 -0.9049
vn 0.0203 -0.4182 -0.9081
vn 0.0146 -0.4299 -0.9028
vn 0.0016 -0.4357 -0.9001
vn 0.0358 0.7064 -0.7069
vn 0.0352 0.7036 -0.7097
vn 0.0039 0.7091 -0.7051
vn 0.9782 0.1545 -0.1391
vn 0.9963 -0.0830 -0.0234
vn 0.9775 -0.1260 -0.1693
vn 0.8888 -0.0696 -0.4530
vn 0.9275 0.0754 -0.3661
vn 0.9585 -0.1261 -0.2559
vn 0.9713 -0.1713 -0.1648
vn 0.9768 -0.0969 -0.1908
vn 0.9493 -0.0447 -0.3111
vn 0.9729 -0.1579 -0.1689
vn 0.9928 -0.0814 -0.0882
vn 0.9914 -0.1303 0.0110
vn 0.9958 -0.0600 0.0692
vn 0.9976 -0.0231 -0.0651
vn 0.0505 0.9925 0.1117
vn 0.0055 0.9940 0.1090
vn 0.0058 0.9976 0.0688
vn 0.0527 0.9961 0.0711
vn 0.9882 -0.1254 0.0878
vn 0.9758 -0.2160 0.0337
vn 0.9571 -0.2894 0.0112
vn 0.9710 -0.2362 0.0370
vn 0.9756 -0.1965 0.0984
vn 0.0035 0.8078 0.5895
vn 0.0323 0.8033 0.5948
vn 0.0302 0.8775 0.4787
vn 0.0033 0.8816 0.4720
vn 0.0023 0.9272 0.3746
vn 0.0215 0.9245 0.3806
vn -0.0017 0.9509 0.3094
vn -0.0002 0.9545 0.2981
vn -0.0013 0.9862 0.1653
vn -0.0138 0.9889 0.1476
vn 0.0196 0.9998 -0.0021
vn 0.0020 0.9999 0.0149
vn 0.7967 -0.3120 -0.5176
vn 0.8323 -0.2645 -0.4872
vn 0.7724 -0.2888 -0.5657
vn 0.7764 -0.3188 -0.5437
vn 0.7829 -0.3076 -0.5408
vn 0.0051 -0.0811 -0.9967
vn 0.0442 -0.1080 -0.9932
vn 0.0624 -0.3260 -0.9433
vn 0.0072 -0.3165 -0.9486
vn 0.0082 -0.4555 -0.8902
vn 0.0708 -0.4576 -0.8864
vn 0.0728 -0.4527 -0.8887
vn 0.0086 -0.4534 -0.8912
vn 0.0087 -0.3553 -0.9347
vn 0.0737 -0.3554 -0.9318
vn 0.0820 -0.2580 -0.9627
vn 0.0096 -0.2571 -0.9663
vn 0.8720 -0.1977 -0.4478
vn 0.9066 -0.3808 -0.1819
vn 0.9190 -0.3442 -0.1924
vn 0.9533 -0.2729 -0.1296
vn 0.8878 -0.3998 0.2279
vn 0.9556 -0.2790 -0.0952
vn 0.8292 -0.0120 -0.5588
vn 0.8032 -0.1457 -0.5777
vn 0.7611 -0.1959 -0.6183
vn 0.0109 0.2726 -0.9621
vn 0.0929 0.2619 -0.9606
vn 0.1082 0.2592 -0.9598
vn 0.0129 0.2658 -0.9639
vn 0.0167 -0.9587 0.2839
vn 0.1327 -0.9473 0.2917
vn 0.0933 -0.8693 0.4853
vn 0.0112 -0.8589 0.5120
vn 0.0121 -0.3657 0.9307
vn 0.1014 -0.3669 0.9247
vn 0.0959 -0.3800 0.9200
vn 0.0111 -0.3633 0.9316
vn 0.0087 -0.8473 0.5310
vn 0.0761 -0.8520 0.5181
vn 0.0675 -0.8711 0.4865
vn 0.0077 -0.8664 0.4994
vn 0.0070 -0.8635 0.5043
vn 0.0621 -0.8686 0.4916
vn 0.0595 -0.8915 0.4491
vn 0.0067 -0.8874 0.4609
vn 0.0049 -0.8175 -0.5759
vn 0.0433 -0.8180 -0.5736
vn 0.0473 -0.8074 -0.5882
vn 0.0054 -0.8066 -0.5911
vn 0.9894 -0.1454 -0.0004
vn 0.9531 -0.2891 -0.0895
vn 0.9144 -0.3765 -0.1490
vn 0.9164 -0.3721 -0.1476
vn 0.9698 -0.2432 -0.0183
vn 0.9899 -0.0967 -0.1034
vn 0.9825 -0.1725 -0.0699
vn 0.9883 -0.1482 -0.0366
vn 0.9890 -0.1098 -0.0991
vn 0.9725 -0.2278 -0.0491
vn 0.9826 -0.1859 0.0055
vn 0.9818 -0.1806 0.0591
vn 0.9800 -0.1900 0.0591
vn 0.9750 -0.2155 -0.0544
vn -0.9932 -0.0983 -0.0624
vn -0.9846 -0.1458 -0.0960
vn -0.9867 -0.1082 -0.1216
vn -0.9915 -0.0917 -0.0928
vn -0.3898 -0.9034 -0.1788
vn -0.9729 -0.0864 -0.2143
vn -0.1990 -0.3138 -0.9284
vn -0.1278 0.8547 0.5031
vn -0.1406 0.9719 0.1889
vn -0.5478 0.7756 0.3136
vn -0.4436 -0.3140 0.8394
vn -0.9918 -0.1276 -0.0028
vn -0.3517 -0.9334 0.0720
vn -0.1578 0.9851 -0.0683
vn -0.7505 0.4191 -0.5110
vn -0.1640 0.8677 -0.4693
vn -0.0958 -0.1452 0.9848
vn -0.1892 0.2373 0.9528
vn -0.8224 0.0211 0.5685
vn -0.9465 -0.2362 0.2198
vn -0.1637 -0.7203 0.6741
vn -0.1589 -0.8137 0.5592
vn -0.1280 -0.4121 0.9021
vn -0.9482 -0.2613 0.1808
vn -0.1116 -0.8746 0.4719
vn -0.0939 0.7503 0.6544
vn -0.2764 0.9579 0.0773
vn -0.6508 0.6859 0.3255
vn 0.2241 0.0861 -0.9708
vn -0.1104 -0.0410 -0.9930
vn -0.1017 0.6901 -0.7166
vn -0.7072 0.6925 0.1423
vn -0.1673 0.9858 0.0113
vn -0.2385 0.7671 -0.5955
vn -0.8689 0.3190 -0.3785
vn -0.7624 0.3401 -0.5505
vn -0.1844 0.7398 -0.6470
vn -0.1770 0.9621 -0.2073
vn -0.2548 0.8519 0.4576
vn -0.9088 0.3882 0.1527
vn -0.1872 0.9379 0.2919
vn -0.9860 -0.1493 0.0737
vn -0.0663 0.9844 0.1632
vn -0.8771 -0.2248 -0.4245
vn -0.1734 0.9499 -0.2601
vn -0.2003 0.1605 -0.9665
vn -0.7831 0.0137 -0.6217
vn -0.2626 -0.0893 -0.9608
vn -0.2677 0.1260 -0.9552
vn -0.2951 -0.0947 -0.9508
vn -0.3204 0.1263 -0.9388
vn -0.6746 -0.6995 -0.2358
vn -0.8977 -0.0825 -0.4328
vn -0.2572 -0.8360 0.4848
vn -0.3172 -0.4689 0.8243
vn -0.7374 -0.5107 0.4421
vn -0.3071 -0.6074 0.7327
vn -0.3500 -0.7300 0.5870
vn -0.4476 -0.5826 0.6784
vn 0.3649 -0.9252 -0.1044
vn -0.1398 -0.9836 -0.1139
vn -0.1627 -0.8498 -0.5013
vn -0.6232 -0.6089 -0.4909
vn -0.1526 -0.7251 -0.6715
vn -0.1379 -0.3300 -0.9339
vn -0.1441 -0.3313 -0.9325
vn -0.6875 0.0682 -0.7229
vn -0.1483 0.2203 -0.9641
vn -0.9075 -0.2718 -0.3203
vn -0.9199 -0.3622 -0.1504
vn -0.9466 -0.3099 -0.0889
vn -0.9953 -0.0901 0.0360
vn -0.9780 -0.1273 0.1649
vn -0.9089 0.3091 0.2798
vn -0.9967 -0.0548 0.0607
vn -0.4461 -0.2286 0.8653
vn -0.3563 -0.2832 0.8904
vn -0.9808 -0.0955 0.1698
vn -0.9866 -0.1513 -0.0608
vn -0.7975 -0.6031 -0.0181
vn -0.6184 -0.7856 -0.0209
vn -0.9872 -0.1503 -0.0535
vn -0.5663 0.7664 0.3033
vn -0.2078 0.8253 0.5250
vn -0.2214 0.7863 0.5768
vn -0.6347 0.6830 0.3615
vn -0.9680 -0.0111 0.2508
vn -0.2688 -0.3142 0.9105
vn -0.1876 -0.2685 0.9448
vn -0.8694 -0.0988 0.4842
vn -0.9754 -0.1489 0.1625
vn -0.3471 -0.4177 0.8397
vn -0.2715 -0.5646 0.7795
vn -0.9158 -0.2862 0.2818
vn -0.9720 -0.2342 0.0193
vn -0.2763 -0.8993 0.3390
vn -0.2766 -0.8980 0.3423
vn -0.9727 -0.2306 0.0267
vn -0.9503 -0.2057 0.2336
vn -0.1888 0.2344 0.9536
vn -0.2877 0.2554 0.9230
vn -0.9617 -0.1700 0.2150
vn -0.9842 -0.1554 0.0854
vn -0.3171 0.3278 0.8899
vn -0.2645 0.4379 0.8592
vn -0.9953 -0.0378 0.0892
vn -0.9795 0.1275 0.1560
vn -0.1903 0.5244 0.8299
vn -0.1152 0.5972 0.7937
vn -0.9124 0.3373 0.2318
vn -0.8313 0.4992 0.2443
vn -0.1476 0.6593 0.7372
vn -0.1526 0.6986 0.6990
vn -0.7094 0.6199 0.3352
vn -0.7764 0.0582 -0.6275
vn -0.1439 -0.3759 -0.9154
vn -0.1256 -0.3996 -0.9081
vn -0.8620 0.0676 -0.5023
vn -0.8680 -0.0839 -0.4894
vn -0.0921 -0.4016 -0.9112
vn -0.1095 -0.3590 -0.9269
vn -0.9256 -0.1359 -0.3532
vn -0.9873 -0.1376 -0.0790
vn -0.6124 -0.7877 -0.0662
vn -0.7560 -0.6473 -0.0972
vn -0.9872 -0.1427 -0.0719
vn -0.1690 0.8098 -0.5619
vn -0.8924 0.2482 -0.3769
vn -0.2952 0.5171 -0.8034
vn -0.0943 0.7885 -0.6077
vn -0.5885 0.7615 0.2716
vn -0.1447 0.9748 0.1699
vn -0.1490 0.9772 0.1511
vn -0.6255 0.7348 0.2624
vn -0.7599 0.3013 -0.5760
vn -0.2138 0.6596 -0.7205
vn -0.2079 0.6578 -0.7240
vn -0.7579 0.2862 -0.5862
vn -0.9617 -0.0135 0.2737
vn -0.2617 0.7444 0.6143
vn -0.2772 0.8222 0.4971
vn -0.9683 0.0466 0.2456
vn -0.9782 0.0645 0.1976
vn -0.2022 0.8960 0.3953
vn -0.0670 0.9468 0.3148
vn -0.9860 0.0260 0.1649
vn -0.8303 -0.0635 -0.5536
vn -0.0097 0.9904 0.1377
vn -0.2784 0.9484 -0.1521
vn -0.8198 0.0156 -0.5725
vn -0.7410 -0.2258 -0.6324
vn -0.3601 -0.1502 -0.9207
vn -0.3393 -0.3347 -0.8791
vn -0.7223 -0.3126 -0.6170
vn -0.6821 -0.3770 -0.6266
vn -0.3250 -0.4497 -0.8319
vn -0.3460 -0.4372 -0.8301
vn -0.7009 -0.3442 -0.6248
vn -0.6775 -0.2720 -0.6834
vn -0.3312 -0.3420 -0.8794
vn -0.3110 -0.2502 -0.9169
vn -0.6141 -0.2085 -0.7612
vn -0.6670 0.1137 -0.7363
vn -0.3898 0.2125 -0.8960
vn -0.3964 0.2072 -0.8944
vn -0.7423 0.0824 -0.6649
vn -0.9493 -0.2833 -0.1366
vn -0.5879 -0.7855 0.1934
vn -0.5168 -0.7642 0.3859
vn -0.8713 -0.4757 0.1205
vn -0.5975 -0.4366 0.6726
vn -0.3150 -0.4037 0.8589
vn -0.3183 -0.4155 0.8521
vn -0.3652 -0.4417 0.8195
vn -0.5732 -0.7475 0.3357
vn -0.3575 -0.8302 0.4277
vn -0.3497 -0.8486 0.3970
vn -0.8420 -0.5376 0.0455
vn -0.8068 -0.5885 0.0519
vn -0.3207 -0.8559 0.4057
vn -0.2827 -0.8814 0.3783
vn -0.7774 -0.6290 0.0064
vn -0.8082 -0.5097 -0.2951
vn -0.2586 -0.7975 -0.5451
vn -0.2562 -0.7886 -0.5590
vn -0.8013 -0.5112 -0.3107
vn -0.4525 -0.1409 -0.8806
vn -0.9747 -0.0597 -0.2155
vn -0.6316 -0.3042 -0.7131
vn -0.2241 -0.1865 -0.9566
vn -0.8713 0.4895 -0.0359
vn -0.3395 0.9007 -0.2711
vn -0.3325 0.3029 -0.8932
vn -0.8793 0.4265 -0.2119
vn -0.0029 0.9834 -0.1815
vn -0.0048 0.4724 -0.8814
vn -0.0418 0.4595 -0.8872
vn -0.0264 0.9819 -0.1876
vn -0.0021 0.7468 0.6650
vn -0.0026 0.9385 0.3452
vn -0.0231 0.9388 0.3437
vn -0.0188 0.7473 0.6642
vn -0.0103 -0.1073 -0.9942
vn -0.0117 0.1895 -0.9818
vn -0.0995 0.1831 -0.9780
vn -0.0892 -0.1080 -0.9901
vn -0.0041 -0.0275 -0.9996
vn -0.0031 0.7219 -0.6920
vn -0.0289 0.7195 -0.6939
vn -0.0375 -0.0295 -0.9989
vn -0.0102 0.1405 -0.9900
vn -0.0208 -0.7744 -0.6323
vn -0.1687 -0.7690 -0.6166
vn -0.0857 0.1389 -0.9866
vn -0.0074 -0.7197 0.6942
vn -0.0104 -0.5177 0.8555
vn -0.0883 -0.4986 0.8623
vn -0.0623 -0.7347 0.6755
vn -0.0106 -0.5264 0.8502
vn -0.0105 -0.7498 0.6615
vn -0.0918 -0.7540 0.6504
vn -0.0936 -0.5481 0.8312
vn -0.0028 0.9998 -0.0221
vn -0.0039 0.8041 -0.5945
vn -0.0355 0.8028 -0.5952
vn -0.0251 0.9996 -0.0133
vn -0.0055 0.7784 -0.6277
vn -0.0063 0.9906 -0.1366
vn -0.0577 0.9890 -0.1362
vn -0.0503 0.7737 -0.6315
vn -0.0070 -0.9997 -0.0238
vn -0.0052 -0.8540 -0.5203
vn -0.0463 -0.8533 -0.5194
vn -0.0619 -0.9973 -0.0396
vn -0.0016 -0.1263 0.9920
vn -0.0024 0.1617 0.9868
vn -0.0222 0.1755 0.9842
vn -0.0143 -0.1289 0.9916
vn -0.0074 -0.7417 -0.6707
vn -0.0084 -0.2876 -0.9577
vn -0.0742 -0.2875 -0.9549
vn -0.0660 -0.7415 -0.6677
vn -0.0037 -0.6692 0.7430
vn -0.0039 -0.8727 0.4882
vn -0.0362 -0.8717 0.4887
vn -0.0341 -0.6725 0.7393
vn -0.0047 0.9788 0.2045
vn -0.0043 0.8633 0.5048
vn -0.0397 0.8620 0.5053
vn -0.0436 0.9765 0.2111
vn -0.0190 -0.3344 -0.9422
vn -0.0218 -0.0870 -0.9960
vn -0.0024 -0.0918 -0.9958
vn -0.0021 -0.3362 -0.9418
vn -0.0458 0.9961 0.0750
vn -0.0317 0.8965 -0.4418
vn -0.0035 0.9030 -0.4296
vn -0.0050 0.9956 0.0939
vn 0.0467 -0.4299 0.9017
vn 0.0377 -0.9911 0.1278
vn 0.0054 -0.9923 0.1239
vn 0.0064 -0.4371 0.8994
vn -0.0176 0.9816 0.1901
vn -0.0251 0.9124 0.4085
vn -0.0028 0.9138 0.4062
vn -0.0020 0.9819 0.1892
vn -0.0084 -0.9798 -0.2000
vn -0.0578 -0.3206 -0.9455
vn -0.0066 -0.3949 -0.9187
vn 0.0002 -0.9896 -0.1437
vn -0.0167 -0.5543 0.8322
vn -0.0257 -0.8687 0.4947
vn -0.0028 -0.8674 0.4977
vn -0.0018 -0.5706 0.8212
vn -0.9448 -0.3238 -0.0512
vn -0.8386 -0.3426 -0.4236
vn -0.8621 -0.3131 -0.3984
vn -0.9434 -0.3244 -0.0698
vn -0.9922 0.1217 0.0276
vn -0.8699 0.4091 0.2756
vn -0.8535 0.4605 0.2438
vn -0.9674 0.2479 0.0523
vn -0.2768 0.9486 0.1536
vn -0.9183 0.3566 0.1722
vn -0.6761 0.7046 -0.2155
vn -0.2122 0.9768 0.0288
vn -0.9904 -0.0633 -0.1229
vn -0.9935 -0.0585 -0.0973
vn -0.9945 -0.0724 -0.0759
vn -0.9932 -0.0706 -0.0930
vn -0.0077 -0.1570 -0.9876
vn -0.0680 -0.1536 -0.9858
vn -0.0682 -0.1531 -0.9858
vn -0.0035 -0.9998 -0.0190
vn -0.0061 -1.0000 -0.0036
vn -0.0388 -0.9992 -0.0036
vn -0.0811 -0.9966 -0.0127
vn -0.0335 -0.9992 -0.0211
vn -0.8014 0.5261 0.2845
vn -0.8509 0.4318 0.2992
vn -0.8174 0.5735 0.0538
vn -0.7484 0.6075 0.2662
vn -0.0026 0.9931 0.1175
vn -0.0234 0.9922 0.1226
vn -0.0266 0.9894 0.1431
vn -0.0040 0.8255 0.5644
vn -0.0031 0.7929 0.6094
vn -0.0276 0.7926 0.6091
vn -0.0352 0.8269 0.5613
vn -0.9981 -0.0597 -0.0181
vn -0.9967 -0.0815 -0.0031
vn -0.0036 -0.2442 0.9697
vn -0.0035 -0.2905 0.9569
vn -0.0314 -0.2914 0.9561
vn -0.0329 -0.2428 0.9695
vn -0.9961 -0.0733 -0.0499
vn -0.9961 -0.0701 -0.0530
vn -0.9941 -0.0691 -0.0834
vn -0.9947 -0.0720 -0.0735
vn -0.9962 -0.0613 0.0611
vn -0.9925 -0.0090 0.1215
vn -0.9659 0.1872 0.1790
vn -0.9114 0.2672 0.3129
vn -0.9818 -0.0725 0.1755
vn -0.9992 -0.0408 0.0001
vn -0.9916 -0.1270 -0.0237
vn -0.9868 -0.1237 -0.1050
vn -0.9973 -0.0709 -0.0190
vn -0.9987 -0.0454 -0.0222
vn -0.9744 -0.1754 -0.1403
vn -0.9729 -0.2067 -0.1036
vn -0.9876 -0.1078 -0.1140
vn -0.9925 -0.1184 0.0311
vn -0.0027 0.8482 -0.5297
vn -0.0247 0.8446 -0.5349
vn -0.0242 0.8209 -0.5705
vn -0.0026 0.8233 -0.5676
vn -0.0031 0.2780 0.9606
vn -0.0295 0.3277 0.9443
vn -0.0286 0.2810 0.9593
vn -0.0031 -0.3621 0.9322
vn -0.0025 -0.2797 0.9601
vn -0.0224 -0.2800 0.9598
vn -0.0282 -0.3591 0.9329
vn -0.0034 -0.4268 0.9043
vn -0.0036 -0.5695 0.8220
vn -0.0333 -0.5717 0.8198
vn -0.0310 -0.4286 0.9030
vn -0.9811 -0.1573 0.1125
vn -0.9863 -0.0924 0.1363
vn -0.9917 -0.1228 0.0374
vn -0.9820 -0.1876 0.0227
vn -0.9822 -0.1837 -0.0394
vn -0.9938 -0.1061 -0.0320
vn -0.9925 -0.1226 -0.0001
vn -0.0036 -0.9282 0.3720
vn -0.0028 -0.9254 0.3789
vn -0.0260 -0.9285 0.3705
vn -0.0328 -0.9285 0.3698
vn -0.0030 0.3943 0.9190
vn -0.0026 0.4733 0.8809
vn -0.0237 0.4687 0.8830
vn -0.0281 0.3905 0.9202
vn -0.0019 0.5377 0.8431
vn -0.0017 0.5918 0.8061
vn -0.0155 0.5924 0.8055
vn -0.0175 0.5324 0.8463
vn -0.8791 0.2679 0.3943
vn -0.9831 0.0487 -0.1764
vn -0.9653 0.2395 -0.1043
vn -0.9579 0.2173 -0.1874
vn -0.7912 0.5020 0.3494
vn -0.9255 0.2818 0.2530
vn -0.0024 0.6377 0.7703
vn -0.0030 0.6738 0.7389
vn -0.0276 0.6771 0.7354
vn -0.0222 0.6401 0.7679
vn -0.0045 0.9696 -0.2446
vn -0.0032 0.1843 -0.9829
vn -0.0298 0.2421 -0.9698
vn -0.0418 0.9428 -0.3308
vn -0.0021 -0.4097 -0.9122
vn -0.0031 -0.3517 -0.9361
vn -0.0280 -0.3627 -0.9315
vn -0.0191 -0.4125 -0.9108
vn -0.0022 -0.4257 -0.9049
vn -0.0016 -0.4357 -0.9001
vn -0.0146 -0.4299 -0.9028
vn -0.0203 -0.4182 -0.9081
vn -0.0045 0.7094 -0.7048
vn -0.0413 0.7049 -0.7081
vn -0.0353 0.7063 -0.7071
vn -0.9780 0.0868 -0.1900
vn -0.9808 -0.1514 -0.1227
vn -0.9989 0.0453 0.0095
vn -0.8888 -0.0696 -0.4530
vn -0.9538 -0.1441 -0.2636
vn -0.9094 0.1070 -0.4020
vn -0.9713 -0.1713 -0.1648
vn -0.9456 -0.2461 -0.2128
vn -0.9493 -0.0447 -0.3111
vn -0.9768 -0.0969 -0.1908
vn -0.9928 -0.0814 -0.0882
vn -0.9976 -0.0231 -0.0651
vn -0.9958 -0.0600 0.0692
vn -0.9914 -0.1303 0.0110
vn -0.0505 0.9925 0.1117
vn -0.0527 0.9961 0.0711
vn -0.0058 0.9976 0.0688
vn -0.0055 0.9940 0.1090
vn -0.9882 -0.1254 0.0878
vn -0.9761 -0.1952 0.0958
vn -0.9710 -0.2362 0.0370
vn -0.9767 -0.2137 0.0190
vn -0.9758 -0.2160 0.0337
vn -0.0035 0.8078 0.5895
vn -0.0033 0.8816 0.4720
vn -0.0302 0.8775 0.4787
vn -0.0323 0.8033 0.5948
vn -0.0023 0.9272 0.3746
vn 0.0002 0.9545 0.2981
vn 0.0017 0.9509 0.3094
vn -0.0215 0.9245 0.3806
vn -0.0025 0.9858 0.1677
vn -0.0043 0.9999 0.0166
vn -0.0394 0.9992 0.0031
vn -0.0258 0.9867 0.1607
vn -0.7967 -0.3120 -0.5176
vn -0.7829 -0.3076 -0.5408
vn -0.7751 -0.3227 -0.5433
vn -0.7724 -0.2888 -0.5657
vn -0.7933 -0.3247 -0.5151
vn -0.0073 -0.0777 -0.9969
vn -0.0084 -0.3155 -0.9489
vn -0.0725 -0.3193 -0.9449
vn -0.0633 -0.0863 -0.9943
vn -0.0086 -0.4553 -0.8903
vn -0.0083 -0.4536 -0.8912
vn -0.0697 -0.4539 -0.8883
vn -0.0727 -0.4567 -0.8866
vn -0.0088 -0.3553 -0.9347
vn -0.0096 -0.2571 -0.9663
vn -0.0820 -0.2580 -0.9627
vn -0.0737 -0.3554 -0.9318
vn -0.8720 -0.1977 -0.4478
vn -0.7611 -0.1959 -0.6183
vn -0.8089 0.0227 -0.5876
vn -0.8292 -0.0120 -0.5588
vn -0.9556 -0.2790 -0.0953
vn -0.9504 -0.2698 -0.1548
vn -0.9337 -0.3074 -0.1835
vn -0.9190 -0.3442 -0.1924
vn -0.9118 -0.3559 -0.2047
vn -0.0128 0.2734 -0.9618
vn -0.0127 0.2657 -0.9640
vn -0.1063 0.2588 -0.9601
vn -0.1073 0.2656 -0.9581
vn -0.0167 -0.9587 0.2839
vn -0.0112 -0.8589 0.5120
vn -0.0933 -0.8693 0.4853
vn -0.1327 -0.9473 0.2917
vn -0.0121 -0.3657 0.9307
vn -0.0111 -0.3633 0.9316
vn -0.0959 -0.3800 0.9200
vn -0.1014 -0.3669 0.9247
vn -0.0087 -0.8473 0.5310
vn -0.0077 -0.8664 0.4994
vn -0.0675 -0.8711 0.4865
vn -0.0761 -0.8520 0.5181
vn -0.0070 -0.8635 0.5043
vn -0.0067 -0.8874 0.4609
vn -0.0595 -0.8915 0.4491
vn -0.0621 -0.8686 0.4916
vn -0.0054 -0.8175 -0.5760
vn -0.0062 -0.8065 -0.5913
vn -0.0545 -0.8064 -0.5889
vn -0.0474 -0.8174 -0.5741
vn -0.9703 -0.2407 -0.0228
vn -0.9698 -0.2432 -0.0183
vn -0.9164 -0.3721 -0.1476
vn -0.9380 -0.3131 -0.1485
vn -0.9531 -0.2891 -0.0895
vn -0.9899 -0.0967 -0.1034
vn -0.9890 -0.1098 -0.0991
vn -0.9883 -0.1482 -0.0366
vn -0.9825 -0.1725 -0.0699
vn -0.9725 -0.2278 -0.0491
vn -0.9735 -0.2268 -0.0292
vn -0.9800 -0.1900 0.0591
vn -0.9778 -0.1954 0.0753
vn -0.9826 -0.1859 0.0055
vt 0.000000 0.000000
s 0
usemtl body
f 254/1/1 251/1/1 17/1/1
f 10/1/2 741/1/2 254/1/2
f 250/1/3 255/1/3 741/1/3
f 741/1/4 15/1/4 251/1/4
f 257/1/5 256/1/5 18/1/5
f 19/1/6 742/1/6 257/1/6
f 20/1/7 742/1/7 258/1/7
f 260/1/8 259/1/8 21/1/8
f 22/1/9 743/1/9 260/1/9
f 23/1/10 743/1/10 261/1/10
f 24/1/11 744/1/11 262/1/11
f 264/1/12 263/1/12 25/1/12
f 26/1/13 744/1/13 264/1/13
f 266/1/14 265/1/14 27/1/14
f 28/1/15 745/1/15 266/1/15
f 29/1/16 745/1/16 267/1/16
f 30/1/17 746/1/17 268/1/17
f 31/1/18 746/1/18 269/1/18
f 32/1/19 746/1/19 270/1/19
f 35/1/20 747/1/20 271/1/20
f 273/1/21 272/1/21 36/1/21
f 271/1/22 273/1/22 37/1/22
f 275/1/23 274/1/23 38/1/23
f 39/1/24 748/1/24 275/1/24
f 40/1/25 748/1/25 276/1/25
f 47/1/26 749/1/26 277/1/26
f 279/1/27 278/1/27 48/1/27
f 49/1/28 749/1/28 279/1/28
f 52/1/29 750/1/29 280/1/29
f 282/1/30 281/1/30 53/1/30
f 54/1/31 750/1/31 282/1/31
f 284/1/32 283/1/32 55/1/32
f 56/1/33 751/1/33 284/1/33
f 285/1/34 286/1/34 751/1/34
f 751/1/35 58/1/35 283/1/35
f 59/1/36 752/1/36 287/1/36
f 289/1/37 288/1/37 60/1/37
f 61/1/38 752/1/38 289/1/38
f 62/1/39 753/1/39 290/1/39
f 292/1/40 291/1/40 63/1/40
f 64/1/41 753/1/41 292/1/41
f 294/1/42 293/1/42 67/1/42
f 68/1/43 754/1/43 294/1/43
f 69/1/44 754/1/44 295/1/44
f 70/1/45 755/1/45 296/1/45
f 71/1/46 755/1/46 297/1/46
f 296/1/47 298/1/47 72/1/47
f 300/1/48 299/1/48 77/1/48
f 78/1/49 756/1/49 300/1/49
f 299/1/50 301/1/50 79/1/50
f 80/1/51 757/1/51 302/1/51
f 304/1/52 303/1/52 81/1/52
f 82/1/53 757/1/53 304/1/53
f 306/1/54 305/1/54 83/1/54
f 307/1/55 306/1/55 84/1/55
f 85/1/56 758/1/56 307/1/56
f 309/1/57 308/1/57 86/1/57
f 87/1/58 759/1/58 309/1/58
f 88/1/59 759/1/59 310/1/59
f 91/1/60 760/1/60 311/1/60
f 313/1/61 312/1/61 92/1/61
f 311/1/62 313/1/62 93/1/62
f 94/1/63 761/1/63 314/1/63
f 316/1/64 315/1/64 95/1/64
f 314/1/65 316/1/65 96/1/65
f 97/1/66 762/1/66 317/1/66
f 319/1/67 318/1/67 98/1/67
f 317/1/68 319/1/68 99/1/68
f 140/1/69 763/1/69 320/1/69
f 141/1/70 763/1/70 321/1/70
f 142/1/71 763/1/71 322/1/71
f 143/1/72 764/1/72 323/1/72
f 144/1/73 764/1/73 324/1/73
f 323/1/74 325/1/74 145/1/74
f 26/1/75 765/1/75 262/1/75
f 326/1/76 327/1/76 765/1/76
f 765/1/77 34/1/77 328/1/77
f 262/1/78 328/1/78 24/1/78
f 330/1/79 329/1/79 147/1/79
f 330/1/80 264/1/80 766/1/80
f 766/1/81 25/1/81 331/1/81
f 329/1/82 331/1/82 146/1/82
f 332/1/83 265/1/83 29/1/83
f 332/1/84 260/1/84 767/1/84
f 260/1/85 333/1/85 767/1/85
f 767/1/86 27/1/86 265/1/86
f 334/1/87 274/1/87 40/1/87
f 31/1/88 768/1/88 334/1/88
f 269/1/89 335/1/89 768/1/89
f 768/1/90 38/1/90 274/1/90
f 33/1/91 769/1/91 327/1/91
f 336/1/92 271/1/92 769/1/92
f 769/1/93 37/1/93 337/1/93
f 327/1/94 337/1/94 34/1/94
f 338/1/95 272/1/95 35/1/95
f 338/1/96 276/1/96 770/1/96
f 770/1/97 39/1/97 339/1/97
f 770/1/98 36/1/98 272/1/98
f 340/1/99 270/1/99 31/1/99
f 340/1/100 341/1/100 771/1/100
f 771/1/101 42/1/101 342/1/101
f 270/1/102 342/1/102 32/1/102
f 41/1/103 772/1/103 341/1/103
f 343/1/104 344/1/104 772/1/104
f 772/1/105 44/1/105 345/1/105
f 341/1/106 345/1/106 42/1/106
f 43/1/107 773/1/107 344/1/107
f 346/1/108 347/1/108 773/1/108
f 347/1/109 348/1/109 773/1/109
f 344/1/110 348/1/110 44/1/110
f 349/1/111 347/1/111 45/1/111
f 48/1/112 774/1/112 349/1/112
f 278/1/113 350/1/113 774/1/113
f 774/1/114 46/1/114 347/1/114
f 99/1/115 775/1/115 317/1/115
f 351/1/116 352/1/116 775/1/116
f 775/1/117 51/1/117 353/1/117
f 317/1/118 353/1/118 97/1/118
f 354/1/119 352/1/119 50/1/119
f 354/1/120 280/1/120 776/1/120
f 776/1/121 54/1/121 355/1/121
f 352/1/122 355/1/122 51/1/122
f 356/1/123 256/1/123 20/1/123
f 147/1/124 777/1/124 356/1/124
f 329/1/125 357/1/125 777/1/125
f 777/1/126 18/1/126 256/1/126
f 358/1/127 267/1/127 28/1/127
f 53/1/128 778/1/128 358/1/128
f 281/1/129 359/1/129 778/1/129
f 778/1/130 29/1/130 267/1/130
f 360/1/131 261/1/131 22/1/131
f 55/1/132 779/1/132 360/1/132
f 283/1/133 361/1/133 779/1/133
f 261/1/134 361/1/134 23/1/134
f 362/1/135 285/1/135 56/1/135
f 362/1/136 287/1/136 780/1/136
f 287/1/137 363/1/137 780/1/137
f 780/1/138 57/1/138 285/1/138
f 364/1/139 290/1/139 64/1/139
f 364/1/140 365/1/140 781/1/140
f 781/1/141 66/1/141 366/1/141
f 781/1/142 62/1/142 290/1/142
f 367/1/143 365/1/143 65/1/143
f 67/1/144 782/1/144 367/1/144
f 293/1/145 368/1/145 782/1/145
f 782/1/146 66/1/146 365/1/146
f 68/1/147 783/1/147 295/1/147
f 71/1/148 783/1/148 369/1/148
f 297/1/149 370/1/149 783/1/149
f 295/1/150 370/1/150 69/1/150
f 71/1/151 784/1/151 298/1/151
f 371/1/152 372/1/152 784/1/152
f 372/1/153 373/1/153 784/1/153
f 784/1/154 72/1/154 298/1/154
f 73/1/155 785/1/155 372/1/155
f 374/1/156 375/1/156 785/1/156
f 785/1/157 76/1/157 376/1/157
f 372/1/158 376/1/158 74/1/158
f 75/1/159 786/1/159 375/1/159
f 377/1/160 300/1/160 786/1/160
f 786/1/161 77/1/161 378/1/161
f 375/1/162 378/1/162 76/1/162
f 379/1/163 301/1/163 78/1/163
f 81/1/164 787/1/164 379/1/164
f 303/1/165 380/1/165 787/1/165
f 787/1/166 79/1/166 301/1/166
f 81/1/167 788/1/167 304/1/167
f 84/1/168 788/1/168 381/1/168
f 788/1/169 83/1/169 382/1/169
f 304/1/170 382/1/170 82/1/170
f 84/1/171 789/1/171 307/1/171
f 383/1/172 309/1/172 789/1/172
f 789/1/173 86/1/173 384/1/173
f 307/1/174 384/1/174 85/1/174
f 87/1/175 790/1/175 310/1/175
f 385/1/176 386/1/176 790/1/176
f 790/1/177 90/1/177 387/1/177
f 790/1/178 88/1/178 310/1/178
f 388/1/179 386/1/179 89/1/179
f 388/1/180 311/1/180 791/1/180
f 791/1/181 93/1/181 389/1/181
f 386/1/182 389/1/182 90/1/182
f 390/1/183 312/1/183 91/1/183
f 390/1/184 314/1/184 792/1/184
f 792/1/185 96/1/185 391/1/185
f 792/1/186 92/1/186 312/1/186
f 392/1/187 258/1/187 19/1/187
f 95/1/188 793/1/188 392/1/188
f 315/1/189 393/1/189 793/1/189
f 258/1/190 393/1/190 20/1/190
f 48/1/191 794/1/191 279/1/191
f 99/1/192 794/1/192 394/1/192
f 794/1/193 98/1/193 395/1/193
f 279/1/194 395/1/194 49/1/194
f 100/1/195 795/1/195 396/1/195
f 397/1/196 296/1/196 795/1/196
f 795/1/197 72/1/197 398/1/197
f 396/1/198 398/1/198 101/1/198
f 102/1/199 796/1/199 399/1/199
f 400/1/200 277/1/200 796/1/200
f 796/1/201 49/1/201 401/1/201
f 399/1/202 401/1/202 103/1/202
f 106/1/203 797/1/203 402/1/203
f 403/1/204 299/1/204 797/1/204
f 797/1/205 79/1/205 404/1/205
f 402/1/206 404/1/206 107/1/206
f 108/1/207 798/1/207 405/1/207
f 406/1/208 282/1/208 798/1/208
f 798/1/209 53/1/209 407/1/209
f 405/1/210 407/1/210 109/1/210
f 110/1/211 799/1/211 408/1/211
f 409/1/212 302/1/212 799/1/212
f 799/1/213 82/1/213 410/1/213
f 408/1/214 410/1/214 111/1/214
f 412/1/215 411/1/215 112/1/215
f 83/1/216 800/1/216 412/1/216
f 305/1/217 413/1/217 800/1/217
f 800/1/218 113/1/218 411/1/218
f 415/1/219 414/1/219 118/1/219
f 86/1/220 801/1/220 415/1/220
f 308/1/221 416/1/221 801/1/221
f 801/1/222 119/1/222 414/1/222
f 418/1/223 417/1/223 120/1/223
f 58/1/224 802/1/224 418/1/224
f 802/1/225 57/1/225 419/1/225
f 417/1/226 419/1/226 121/1/226
f 126/1/227 803/1/227 420/1/227
f 421/1/228 289/1/228 803/1/228
f 803/1/229 60/1/229 422/1/229
f 803/1/230 127/1/230 420/1/230
f 424/1/231 423/1/231 128/1/231
f 93/1/232 804/1/232 424/1/232
f 804/1/233 92/1/233 425/1/233
f 423/1/234 425/1/234 129/1/234
f 130/1/235 805/1/235 426/1/235
f 427/1/236 268/1/236 805/1/236
f 268/1/237 428/1/237 805/1/237
f 805/1/238 131/1/238 426/1/238
f 134/1/239 806/1/239 429/1/239
f 430/1/240 316/1/240 806/1/240
f 806/1/241 95/1/241 431/1/241
f 429/1/242 431/1/242 135/1/242
f 433/1/243 432/1/243 136/1/243
f 37/1/244 807/1/244 433/1/244
f 273/1/245 434/1/245 807/1/245
f 807/1/246 137/1/246 432/1/246
f 436/1/247 435/1/247 138/1/247
f 63/1/248 808/1/248 436/1/248
f 291/1/249 437/1/249 808/1/249
f 808/1/250 139/1/250 435/1/250
f 438/1/251 318/1/251 97/1/251
f 105/1/252 809/1/252 438/1/252
f 439/1/253 440/1/253 809/1/253
f 809/1/254 98/1/254 318/1/254
f 27/1/255 810/1/255 266/1/255
f 441/1/256 442/1/256 810/1/256
f 810/1/257 114/1/257 443/1/257
f 266/1/258 443/1/258 28/1/258
f 444/1/259 263/1/259 24/1/259
f 117/1/260 811/1/260 444/1/260
f 445/1/261 446/1/261 811/1/261
f 811/1/262 25/1/262 263/1/262
f 447/1/263 259/1/263 23/1/263
f 123/1/264 812/1/264 447/1/264
f 448/1/265 449/1/265 812/1/265
f 812/1/266 21/1/266 259/1/266
f 18/1/267 813/1/267 257/1/267
f 450/1/268 451/1/268 813/1/268
f 813/1/269 124/1/269 452/1/269
f 257/1/270 452/1/270 19/1/270
f 38/1/271 814/1/271 275/1/271
f 453/1/272 454/1/272 814/1/272
f 454/1/273 455/1/273 814/1/273
f 814/1/274 39/1/274 275/1/274
f 67/1/275 815/1/275 294/1/275
f 456/1/276 321/1/276 815/1/276
f 815/1/277 140/1/277 457/1/277
f 294/1/278 457/1/278 68/1/278
f 143/1/279 816/1/279 324/1/279
f 458/1/280 284/1/280 816/1/280
f 816/1/281 55/1/281 459/1/281
f 324/1/282 459/1/282 144/1/282
f 63/1/283 817/1/283 292/1/283
f 60/1/284 817/1/284 460/1/284
f 288/1/285 461/1/285 817/1/285
f 292/1/286 461/1/286 64/1/286
f 462/1/287 393/1/287 94/1/287
f 10/1/288 818/1/288 462/1/288
f 463/1/289 356/1/289 818/1/289
f 818/1/290 20/1/290 393/1/290
f 464/1/291 452/1/291 124/1/291
f 135/1/292 819/1/292 464/1/292
f 431/1/293 392/1/293 819/1/293
f 819/1/294 19/1/294 452/1/294
f 125/1/295 820/1/295 465/1/295
f 357/1/296 450/1/296 18/1/296
f 146/1/297 820/1/297 357/1/297
f 446/1/298 331/1/298 25/1/298
f 465/1/299 446/1/299 116/1/299
f 360/1/300 459/1/300 55/1/300
f 22/1/301 821/1/301 360/1/301
f 332/1/302 466/1/302 821/1/302
f 821/1/303 144/1/303 459/1/303
f 447/1/304 467/1/304 123/1/304
f 23/1/305 822/1/305 447/1/305
f 361/1/306 418/1/306 822/1/306
f 822/1/307 120/1/307 467/1/307
f 115/1/308 823/1/308 468/1/308
f 441/1/309 333/1/309 823/1/309
f 823/1/310 21/1/310 449/1/310
f 468/1/311 449/1/311 122/1/311
f 33/1/312 824/1/312 469/1/312
f 470/1/313 326/1/313 26/1/313
f 17/1/314 824/1/314 470/1/314
f 444/1/315 471/1/315 117/1/315
f 24/1/316 825/1/316 444/1/316
f 328/1/317 472/1/317 825/1/317
f 825/1/318 11/1/318 471/1/318
f 330/1/319 470/1/319 26/1/319
f 147/1/320 826/1/320 330/1/320
f 463/1/321 254/1/321 826/1/321
f 826/1/322 17/1/322 470/1/322
f 16/1/323 827/1/323 473/1/323
f 325/1/324 474/1/324 145/1/324
f 466/1/325 325/1/325 144/1/325
f 29/1/326 827/1/326 466/1/326
f 473/1/327 475/1/327 35/1/327
f 338/1/328 334/1/328 40/1/328
f 35/1/329 828/1/329 338/1/329
f 476/1/330 475/1/330 29/1/330
f 41/1/331 828/1/331 476/1/331
f 334/1/332 340/1/332 31/1/332
f 359/1/333 476/1/333 29/1/333
f 52/1/334 829/1/334 359/1/334
f 829/1/335 43/1/335 343/1/335
f 829/1/336 41/1/336 476/1/336
f 478/1/337 443/1/337 114/1/337
f 109/1/338 830/1/338 478/1/338
f 407/1/339 358/1/339 830/1/339
f 830/1/340 28/1/340 443/1/340
f 428/1/341 479/1/341 131/1/341
f 32/1/342 831/1/342 428/1/342
f 342/1/343 480/1/343 831/1/343
f 831/1/344 5/1/344 479/1/344
f 133/1/345 832/1/345 481/1/345
f 453/1/346 335/1/346 832/1/346
f 832/1/347 30/1/347 427/1/347
f 481/1/348 427/1/348 130/1/348
f 472/1/349 482/1/349 11/1/349
f 34/1/350 833/1/350 472/1/350
f 337/1/351 433/1/351 833/1/351
f 833/1/352 136/1/352 482/1/352
f 33/1/353 834/1/353 336/1/353
f 473/1/354 483/1/354 16/1/354
f 336/1/355 473/1/355 35/1/355
f 16/1/356 835/1/356 252/1/356
f 483/1/357 469/1/357 835/1/357
f 835/1/358 17/1/358 251/1/358
f 252/1/359 251/1/359 15/1/359
f 434/1/360 484/1/360 137/1/360
f 36/1/361 836/1/361 434/1/361
f 339/1/362 455/1/362 836/1/362
f 836/1/363 132/1/363 484/1/363
f 480/1/364 248/1/364 5/1/364
f 42/1/365 837/1/365 480/1/365
f 345/1/366 485/1/366 837/1/366
f 837/1/367 4/1/367 248/1/367
f 4/1/368 838/1/368 247/1/368
f 44/1/369 838/1/369 485/1/369
f 838/1/370 46/1/370 486/1/370
f 247/1/371 486/1/371 6/1/371
f 354/1/372 477/1/372 52/1/372
f 50/1/373 839/1/373 354/1/373
f 394/1/374 351/1/374 99/1/374
f 349/1/375 394/1/375 48/1/375
f 45/1/376 839/1/376 349/1/376
f 477/1/377 346/1/377 43/1/377
f 6/1/378 840/1/378 487/1/378
f 486/1/379 350/1/379 840/1/379
f 840/1/380 47/1/380 400/1/380
f 487/1/381 400/1/381 102/1/381
f 401/1/382 488/1/382 103/1/382
f 49/1/383 841/1/383 401/1/383
f 395/1/384 440/1/384 841/1/384
f 841/1/385 104/1/385 488/1/385
f 490/1/386 489/1/386 9/1/386
f 51/1/387 842/1/387 490/1/387
f 355/1/388 406/1/388 842/1/388
f 842/1/389 108/1/389 489/1/389
f 438/1/390 491/1/390 105/1/390
f 97/1/391 843/1/391 438/1/391
f 353/1/392 490/1/392 843/1/392
f 843/1/393 9/1/393 491/1/393
f 121/1/394 844/1/394 492/1/394
f 419/1/395 363/1/395 844/1/395
f 844/1/396 61/1/396 421/1/396
f 492/1/397 421/1/397 126/1/397
f 56/1/398 845/1/398 493/1/398
f 143/1/399 845/1/399 458/1/399
f 14/1/400 845/1/400 494/1/400
f 362/1/401 495/1/401 59/1/401
f 56/1/402 846/1/402 362/1/402
f 14/1/403 846/1/403 493/1/403
f 255/1/404 253/1/404 15/1/404
f 1/1/405 847/1/405 255/1/405
f 496/1/406 495/1/406 847/1/406
f 253/1/407 495/1/407 14/1/407
f 245/1/408 496/1/408 1/1/408
f 13/1/409 848/1/409 245/1/409
f 497/1/410 461/1/410 848/1/410
f 848/1/411 59/1/411 496/1/411
f 436/1/412 460/1/412 63/1/412
f 138/1/413 849/1/413 436/1/413
f 498/1/414 422/1/414 849/1/414
f 849/1/415 60/1/415 460/1/415
f 497/1/416 364/1/416 64/1/416
f 499/1/417 497/1/417 13/1/417
f 141/1/418 850/1/418 499/1/418
f 367/1/419 456/1/419 67/1/419
f 65/1/420 850/1/420 367/1/420
f 437/1/421 500/1/421 139/1/421
f 62/1/422 851/1/422 437/1/422
f 366/1/423 501/1/423 851/1/423
f 851/1/424 3/1/424 500/1/424
f 501/1/425 249/1/425 3/1/425
f 66/1/426 852/1/426 501/1/426
f 368/1/427 502/1/427 852/1/427
f 852/1/428 2/1/428 249/1/428
f 2/1/429 853/1/429 503/1/429
f 502/1/430 370/1/430 853/1/430
f 853/1/431 70/1/431 397/1/431
f 503/1/432 397/1/432 100/1/432
f 457/1/433 369/1/433 68/1/433
f 140/1/434 854/1/434 457/1/434
f 374/1/435 504/1/435 75/1/435
f 73/1/436 854/1/436 374/1/436
f 369/1/437 371/1/437 71/1/437
f 101/1/438 855/1/438 505/1/438
f 398/1/439 373/1/439 855/1/439
f 855/1/440 74/1/440 506/1/440
f 505/1/441 506/1/441 7/1/441
f 7/1/442 856/1/442 246/1/442
f 506/1/443 376/1/443 856/1/443
f 856/1/444 76/1/444 507/1/444
f 246/1/445 507/1/445 8/1/445
f 8/1/446 857/1/446 508/1/446
f 76/1/447 857/1/447 507/1/447
f 378/1/448 403/1/448 857/1/448
f 857/1/449 106/1/449 508/1/449
f 320/1/450 504/1/450 140/1/450
f 142/1/451 858/1/451 320/1/451
f 388/1/452 509/1/452 91/1/452
f 89/1/453 858/1/453 388/1/453
f 87/1/454 858/1/454 385/1/454
f 381/1/455 383/1/455 84/1/455
f 379/1/456 381/1/456 81/1/456
f 78/1/457 858/1/457 379/1/457
f 504/1/458 377/1/458 75/1/458
f 107/1/459 859/1/459 510/1/459
f 404/1/460 380/1/460 859/1/460
f 859/1/461 80/1/461 409/1/461
f 510/1/462 409/1/462 110/1/462
f 410/1/463 511/1/463 111/1/463
f 82/1/464 860/1/464 410/1/464
f 382/1/465 412/1/465 860/1/465
f 860/1/466 112/1/466 511/1/466
f 413/1/467 512/1/467 113/1/467
f 85/1/468 861/1/468 413/1/468
f 384/1/469 415/1/469 861/1/469
f 861/1/470 118/1/470 512/1/470
f 416/1/471 513/1/471 119/1/471
f 88/1/472 862/1/472 416/1/472
f 387/1/473 514/1/473 862/1/473
f 862/1/474 12/1/474 513/1/474
f 514/1/475 515/1/475 12/1/475
f 90/1/476 863/1/476 514/1/476
f 389/1/477 424/1/477 863/1/477
f 863/1/478 128/1/478 515/1/478
f 129/1/479 864/1/479 516/1/479
f 425/1/480 391/1/480 864/1/480
f 864/1/481 96/1/481 430/1/481
f 516/1/482 430/1/482 134/1/482
f 13/1/483 865/1/483 499/1/483
f 390/1/484 517/1/484 94/1/484
f 91/1/485 865/1/485 390/1/485
f 322/1/486 509/1/486 142/1/486
f 499/1/487 322/1/487 141/1/487
f 462/1/488 250/1/488 10/1/488
f 94/1/489 866/1/489 462/1/489
f 517/1/490 245/1/490 866/1/490
f 866/1/491 1/1/491 250/1/491
f 494/1/492 253/1/492 14/1/492
f 323/1/493 494/1/493 143/1/493
f 145/1/494 867/1/494 323/1/494
f 252/1/495 474/1/495 16/1/495
f 15/1/496 867/1/496 252/1/496
f 520/1/497 523/1/497 154/1/497
f 152/1/498 868/1/498 520/1/498
f 524/1/499 519/1/499 868/1/499
f 868/1/500 149/1/500 523/1/500
f 525/1/501 526/1/501 155/1/501
f 157/1/502 869/1/502 525/1/502
f 156/1/503 869/1/503 527/1/503
f 528/1/504 529/1/504 158/1/504
f 160/1/505 870/1/505 528/1/505
f 159/1/506 870/1/506 530/1/506
f 161/1/507 871/1/507 532/1/507
f 163/1/508 871/1/508 531/1/508
f 532/1/509 533/1/509 162/1/509
f 534/1/510 535/1/510 164/1/510
f 166/1/511 872/1/511 534/1/511
f 165/1/512 872/1/512 536/1/512
f 167/1/513 873/1/513 538/1/513
f 169/1/514 873/1/514 537/1/514
f 168/1/515 873/1/515 539/1/515
f 172/1/516 874/1/516 541/1/516
f 542/1/517 540/1/517 174/1/517
f 541/1/518 542/1/518 173/1/518
f 543/1/519 544/1/519 175/1/519
f 177/1/520 875/1/520 543/1/520
f 176/1/521 875/1/521 545/1/521
f 184/1/522 876/1/522 547/1/522
f 186/1/523 876/1/523 546/1/523
f 547/1/524 548/1/524 185/1/524
f 189/1/525 877/1/525 550/1/525
f 191/1/526 877/1/526 549/1/526
f 550/1/527 551/1/527 190/1/527
f 552/1/528 553/1/528 192/1/528
f 195/1/529 878/1/529 552/1/529
f 555/1/530 554/1/530 878/1/530
f 878/1/531 193/1/531 553/1/531
f 196/1/532 879/1/532 557/1/532
f 198/1/533 879/1/533 556/1/533
f 557/1/534 558/1/534 197/1/534
f 199/1/535 880/1/535 560/1/535
f 201/1/536 880/1/536 559/1/536
f 560/1/537 561/1/537 200/1/537
f 562/1/538 563/1/538 204/1/538
f 206/1/539 881/1/539 562/1/539
f 205/1/540 881/1/540 564/1/540
f 207/1/541 882/1/541 566/1/541
f 567/1/542 565/1/542 209/1/542
f 208/1/543 882/1/543 567/1/543
f 568/1/544 569/1/544 214/1/544
f 570/1/545 568/1/545 216/1/545
f 215/1/546 883/1/546 570/1/546
f 217/1/547 884/1/547 572/1/547
f 219/1/548 884/1/548 571/1/548
f 572/1/549 573/1/549 218/1/549
f 574/1/550 575/1/550 220/1/550
f 222/1/551 885/1/551 574/1/551
f 575/1/552 576/1/552 221/1/552
f 577/1/553 578/1/553 223/1/553
f 225/1/554 886/1/554 577/1/554
f 224/1/555 886/1/555 579/1/555
f 228/1/556 887/1/556 581/1/556
f 582/1/557 580/1/557 230/1/557
f 581/1/558 582/1/558 229/1/558
f 231/1/559 888/1/559 584/1/559
f 585/1/560 583/1/560 233/1/560
f 584/1/561 585/1/561 232/1/561
f 234/1/562 889/1/562 587/1/562
f 588/1/563 586/1/563 236/1/563
f 587/1/564 588/1/564 235/1/564
f 237/1/565 890/1/565 590/1/565
f 239/1/566 890/1/566 589/1/566
f 238/1/567 890/1/567 591/1/567
f 240/1/568 891/1/568 593/1/568
f 594/1/569 592/1/569 242/1/569
f 241/1/570 891/1/570 594/1/570
f 163/1/571 892/1/571 595/1/571
f 531/1/572 597/1/572 892/1/572
f 892/1/573 171/1/573 596/1/573
f 595/1/574 596/1/574 170/1/574
f 598/1/575 599/1/575 244/1/575
f 598/1/576 600/1/576 893/1/576
f 893/1/577 162/1/577 533/1/577
f 599/1/578 533/1/578 163/1/578
f 534/1/579 601/1/579 166/1/579
f 164/1/580 894/1/580 534/1/580
f 602/1/581 529/1/581 894/1/581
f 601/1/582 529/1/582 159/1/582
f 543/1/583 603/1/583 177/1/583
f 175/1/584 895/1/584 543/1/584
f 604/1/585 538/1/585 895/1/585
f 895/1/586 168/1/586 603/1/586
f 170/1/587 896/1/587 605/1/587
f 596/1/588 606/1/588 896/1/588
f 896/1/589 174/1/589 540/1/589
f 605/1/590 540/1/590 172/1/590
f 541/1/591 607/1/591 172/1/591
f 173/1/592 897/1/592 541/1/592
f 897/1/593 176/1/593 545/1/593
f 607/1/594 545/1/594 177/1/594
f 539/1/595 609/1/595 168/1/595
f 539/1/596 611/1/596 898/1/596
f 898/1/597 179/1/597 610/1/597
f 609/1/598 610/1/598 178/1/598
f 178/1/599 899/1/599 612/1/599
f 610/1/600 614/1/600 899/1/600
f 899/1/601 181/1/601 613/1/601
f 612/1/602 613/1/602 180/1/602
f 180/1/603 900/1/603 615/1/603
f 613/1/604 617/1/604 900/1/604
f 617/1/605 616/1/605 900/1/605
f 615/1/606 616/1/606 182/1/606
f 616/1/607 618/1/607 182/1/607
f 183/1/608 901/1/608 616/1/608
f 619/1/609 547/1/609 901/1/609
f 901/1/610 185/1/610 618/1/610
f 236/1/611 902/1/611 620/1/611
f 586/1/612 622/1/612 902/1/612
f 902/1/613 188/1/613 621/1/613
f 620/1/614 621/1/614 187/1/614
f 621/1/615 623/1/615 187/1/615
f 621/1/616 624/1/616 903/1/616
f 903/1/617 191/1/617 549/1/617
f 623/1/618 549/1/618 189/1/618
f 525/1/619 625/1/619 157/1/619
f 155/1/620 904/1/620 525/1/620
f 626/1/621 598/1/621 904/1/621
f 904/1/622 244/1/622 625/1/622
f 536/1/623 627/1/623 165/1/623
f 166/1/624 905/1/624 536/1/624
f 628/1/625 550/1/625 905/1/625
f 905/1/626 190/1/626 627/1/626
f 530/1/627 629/1/627 159/1/627
f 530/1/628 630/1/628 906/1/628
f 630/1/629 552/1/629 906/1/629
f 906/1/630 192/1/630 629/1/630
f 554/1/631 631/1/631 193/1/631
f 194/1/632 907/1/632 554/1/632
f 632/1/633 556/1/633 907/1/633
f 631/1/634 556/1/634 196/1/634
f 559/1/635 633/1/635 201/1/635
f 199/1/636 908/1/636 559/1/636
f 908/1/637 203/1/637 634/1/637
f 633/1/638 634/1/638 202/1/638
f 634/1/639 636/1/639 202/1/639
f 203/1/640 909/1/640 634/1/640
f 637/1/641 562/1/641 909/1/641
f 909/1/642 204/1/642 636/1/642
f 205/1/643 910/1/643 638/1/643
f 564/1/644 639/1/644 910/1/644
f 639/1/645 566/1/645 910/1/645
f 910/1/646 208/1/646 638/1/646
f 208/1/647 911/1/647 640/1/647
f 209/1/648 911/1/648 567/1/648
f 642/1/649 641/1/649 911/1/649
f 640/1/650 641/1/650 210/1/650
f 210/1/651 912/1/651 643/1/651
f 641/1/652 645/1/652 912/1/652
f 912/1/653 213/1/653 644/1/653
f 643/1/654 644/1/654 212/1/654
f 212/1/655 913/1/655 646/1/655
f 644/1/656 647/1/656 913/1/656
f 913/1/657 214/1/657 569/1/657
f 646/1/658 569/1/658 215/1/658
f 570/1/659 648/1/659 215/1/659
f 216/1/660 914/1/660 570/1/660
f 649/1/661 572/1/661 914/1/661
f 914/1/662 218/1/662 648/1/662
f 218/1/663 915/1/663 650/1/663
f 573/1/664 651/1/664 915/1/664
f 915/1/665 220/1/665 575/1/665
f 915/1/666 221/1/666 650/1/666
f 221/1/667 916/1/667 652/1/667
f 576/1/668 653/1/668 916/1/668
f 916/1/669 223/1/669 578/1/669
f 652/1/670 578/1/670 224/1/670
f 224/1/671 917/1/671 654/1/671
f 225/1/672 917/1/672 579/1/672
f 917/1/673 227/1/673 655/1/673
f 654/1/674 655/1/674 226/1/674
f 655/1/675 657/1/675 226/1/675
f 655/1/676 658/1/676 918/1/676
f 918/1/677 230/1/677 580/1/677
f 657/1/678 580/1/678 228/1/678
f 581/1/679 659/1/679 228/1/679
f 229/1/680 919/1/680 581/1/680
f 919/1/681 233/1/681 583/1/681
f 659/1/682 583/1/682 231/1/682
f 527/1/683 661/1/683 156/1/683
f 527/1/684 662/1/684 920/1/684
f 662/1/685 584/1/685 920/1/685
f 920/1/686 232/1/686 661/1/686
f 185/1/687 921/1/687 663/1/687
f 548/1/688 664/1/688 921/1/688
f 921/1/689 235/1/689 588/1/689
f 921/1/690 236/1/690 663/1/690
f 100/1/691 922/1/691 665/1/691
f 396/1/692 666/1/692 922/1/692
f 922/1/693 209/1/693 565/1/693
f 665/1/694 565/1/694 207/1/694
f 102/1/695 923/1/695 667/1/695
f 399/1/696 668/1/696 923/1/696
f 923/1/697 186/1/697 546/1/697
f 667/1/698 546/1/698 184/1/698
f 106/1/699 924/1/699 669/1/699
f 402/1/700 670/1/700 924/1/700
f 924/1/701 216/1/701 568/1/701
f 669/1/702 568/1/702 214/1/702
f 108/1/703 925/1/703 671/1/703
f 405/1/704 672/1/704 925/1/704
f 925/1/705 190/1/705 551/1/705
f 671/1/706 551/1/706 191/1/706
f 110/1/707 926/1/707 673/1/707
f 408/1/708 674/1/708 926/1/708
f 926/1/709 219/1/709 571/1/709
f 673/1/710 571/1/710 217/1/710
f 411/1/711 675/1/711 112/1/711
f 113/1/712 927/1/712 411/1/712
f 676/1/713 574/1/713 927/1/713
f 927/1/714 220/1/714 675/1/714
f 414/1/715 677/1/715 118/1/715
f 119/1/716 928/1/716 414/1/716
f 678/1/717 577/1/717 928/1/717
f 928/1/718 223/1/718 677/1/718
f 417/1/719 679/1/719 120/1/719
f 417/1/720 680/1/720 929/1/720
f 929/1/721 194/1/721 555/1/721
f 929/1/722 195/1/722 679/1/722
f 126/1/723 930/1/723 681/1/723
f 127/1/724 930/1/724 420/1/724
f 930/1/725 197/1/725 558/1/725
f 681/1/726 558/1/726 198/1/726
f 423/1/727 683/1/727 128/1/727
f 423/1/728 684/1/728 931/1/728
f 931/1/729 229/1/729 582/1/729
f 931/1/730 230/1/730 683/1/730
f 130/1/731 932/1/731 685/1/731
f 131/1/732 932/1/732 426/1/732
f 686/1/733 537/1/733 932/1/733
f 685/1/734 537/1/734 167/1/734
f 134/1/735 933/1/735 687/1/735
f 429/1/736 688/1/736 933/1/736
f 933/1/737 232/1/737 585/1/737
f 687/1/738 585/1/738 233/1/738
f 432/1/739 689/1/739 136/1/739
f 137/1/740 934/1/740 432/1/740
f 690/1/741 542/1/741 934/1/741
f 934/1/742 174/1/742 689/1/742
f 435/1/743 691/1/743 138/1/743
f 139/1/744 935/1/744 435/1/744
f 692/1/745 560/1/745 935/1/745
f 935/1/746 200/1/746 691/1/746
f 587/1/747 693/1/747 234/1/747
f 235/1/748 936/1/748 587/1/748
f 694/1/749 439/1/749 936/1/749
f 936/1/750 105/1/750 693/1/750
f 164/1/751 937/1/751 695/1/751
f 535/1/752 696/1/752 937/1/752
f 937/1/753 114/1/753 442/1/753
f 695/1/754 442/1/754 115/1/754
f 532/1/755 697/1/755 161/1/755
f 162/1/756 938/1/756 532/1/756
f 698/1/757 445/1/757 938/1/757
f 938/1/758 117/1/758 697/1/758
f 528/1/759 699/1/759 160/1/759
f 158/1/760 939/1/760 528/1/760
f 700/1/761 448/1/761 939/1/761
f 939/1/762 123/1/762 699/1/762
f 155/1/763 940/1/763 701/1/763
f 526/1/764 702/1/764 940/1/764
f 940/1/765 124/1/765 451/1/765
f 701/1/766 451/1/766 125/1/766
f 175/1/767 941/1/767 703/1/767
f 176/1/768 941/1/768 544/1/768
f 704/1/769 454/1/769 941/1/769
f 703/1/770 454/1/770 133/1/770
f 204/1/771 942/1/771 705/1/771
f 563/1/772 706/1/772 942/1/772
f 942/1/773 237/1/773 590/1/773
f 705/1/774 590/1/774 238/1/774
f 240/1/775 943/1/775 707/1/775
f 593/1/776 708/1/776 943/1/776
f 943/1/777 192/1/777 553/1/777
f 707/1/778 553/1/778 193/1/778
f 200/1/779 944/1/779 709/1/779
f 561/1/780 710/1/780 944/1/780
f 710/1/781 557/1/781 944/1/781
f 944/1/782 197/1/782 709/1/782
f 662/1/783 711/1/783 231/1/783
f 157/1/784 945/1/784 662/1/784
f 625/1/785 712/1/785 945/1/785
f 945/1/786 149/1/786 711/1/786
f 702/1/787 464/1/787 124/1/787
f 156/1/788 946/1/788 702/1/788
f 661/1/789 688/1/789 946/1/789
f 946/1/790 135/1/790 464/1/790
f 125/1/791 947/1/791 701/1/791
f 698/1/792 465/1/792 116/1/792
f 600/1/793 698/1/793 162/1/793
f 243/1/794 947/1/794 600/1/794
f 701/1/795 626/1/795 155/1/795
f 708/1/796 629/1/796 192/1/796
f 241/1/797 948/1/797 708/1/797
f 713/1/798 601/1/798 948/1/798
f 948/1/799 159/1/799 629/1/799
f 467/1/800 699/1/800 123/1/800
f 120/1/801 949/1/801 467/1/801
f 679/1/802 630/1/802 949/1/802
f 949/1/803 160/1/803 699/1/803
f 115/1/804 950/1/804 695/1/804
f 468/1/805 700/1/805 950/1/805
f 950/1/806 158/1/806 602/1/806
f 695/1/807 602/1/807 164/1/807
f 170/1/808 951/1/808 595/1/808
f 154/1/809 951/1/809 714/1/809
f 595/1/810 715/1/810 163/1/810
f 471/1/811 697/1/811 117/1/811
f 11/1/812 952/1/812 471/1/812
f 716/1/813 597/1/813 952/1/813
f 952/1/814 161/1/814 697/1/814
f 715/1/815 599/1/815 163/1/815
f 154/1/816 953/1/816 715/1/816
f 523/1/817 712/1/817 953/1/817
f 953/1/818 244/1/818 599/1/818
f 153/1/819 954/1/819 718/1/819
f 719/1/820 717/1/820 172/1/820
f 166/1/821 954/1/821 719/1/821
f 594/1/822 713/1/822 241/1/822
f 718/1/823 594/1/823 242/1/823
f 603/1/824 607/1/824 177/1/824
f 609/1/825 603/1/825 168/1/825
f 178/1/826 955/1/826 609/1/826
f 719/1/827 720/1/827 166/1/827
f 172/1/828 955/1/828 719/1/828
f 720/1/829 628/1/829 166/1/829
f 178/1/830 956/1/830 720/1/830
f 956/1/831 180/1/831 721/1/831
f 956/1/832 189/1/832 628/1/832
f 696/1/833 478/1/833 114/1/833
f 165/1/834 957/1/834 696/1/834
f 627/1/835 672/1/835 957/1/835
f 957/1/836 109/1/836 478/1/836
f 479/1/837 686/1/837 131/1/837
f 5/1/838 958/1/838 479/1/838
f 722/1/839 611/1/839 958/1/839
f 958/1/840 169/1/840 686/1/840
f 133/1/841 959/1/841 703/1/841
f 481/1/842 685/1/842 959/1/842
f 959/1/843 167/1/843 604/1/843
f 703/1/844 604/1/844 175/1/844
f 482/1/845 716/1/845 11/1/845
f 136/1/846 960/1/846 482/1/846
f 689/1/847 606/1/847 960/1/847
f 960/1/848 171/1/848 716/1/848
f 170/1/849 961/1/849 723/1/849
f 717/1/850 605/1/850 172/1/850
f 723/1/851 717/1/851 153/1/851
f 153/1/852 962/1/852 723/1/852
f 521/1/853 520/1/853 962/1/853
f 962/1/854 154/1/854 714/1/854
f 723/1/855 714/1/855 170/1/855
f 484/1/856 690/1/856 137/1/856
f 132/1/857 963/1/857 484/1/857
f 704/1/858 608/1/858 963/1/858
f 963/1/859 173/1/859 690/1/859
f 248/1/860 722/1/860 5/1/860
f 4/1/861 964/1/861 248/1/861
f 724/1/862 614/1/862 964/1/862
f 964/1/863 179/1/863 722/1/863
f 4/1/864 965/1/864 724/1/864
f 247/1/865 725/1/865 965/1/865
f 965/1/866 183/1/866 617/1/866
f 965/1/867 181/1/867 724/1/867
f 721/1/868 623/1/868 189/1/868
f 615/1/869 721/1/869 180/1/869
f 182/1/870 966/1/870 615/1/870
f 663/1/871 618/1/871 185/1/871
f 620/1/872 663/1/872 236/1/872
f 187/1/873 966/1/873 620/1/873
f 6/1/874 967/1/874 725/1/874
f 487/1/875 667/1/875 967/1/875
f 967/1/876 184/1/876 619/1/876
f 725/1/877 619/1/877 183/1/877
f 488/1/878 668/1/878 103/1/878
f 104/1/879 968/1/879 488/1/879
f 694/1/880 664/1/880 968/1/880
f 968/1/881 186/1/881 668/1/881
f 489/1/882 726/1/882 9/1/882
f 108/1/883 969/1/883 489/1/883
f 671/1/884 624/1/884 969/1/884
f 969/1/885 188/1/885 726/1/885
f 491/1/886 693/1/886 105/1/886
f 9/1/887 970/1/887 491/1/887
f 726/1/888 622/1/888 970/1/888
f 970/1/889 234/1/889 693/1/889
f 121/1/890 971/1/890 680/1/890
f 492/1/891 681/1/891 971/1/891
f 971/1/892 198/1/892 632/1/892
f 680/1/893 632/1/893 194/1/893
f 193/1/894 972/1/894 707/1/894
f 151/1/895 972/1/895 727/1/895
f 240/1/896 972/1/896 728/1/896
f 729/1/897 631/1/897 196/1/897
f 151/1/898 973/1/898 729/1/898
f 193/1/899 973/1/899 727/1/899
f 522/1/900 524/1/900 152/1/900
f 522/1/901 729/1/901 974/1/901
f 729/1/902 730/1/902 974/1/902
f 974/1/903 148/1/903 524/1/903
f 730/1/904 518/1/904 148/1/904
f 196/1/905 975/1/905 730/1/905
f 710/1/906 731/1/906 975/1/906
f 975/1/907 150/1/907 518/1/907
f 709/1/908 691/1/908 200/1/908
f 197/1/909 976/1/909 709/1/909
f 682/1/910 498/1/910 976/1/910
f 976/1/911 138/1/911 691/1/911
f 633/1/912 731/1/912 201/1/912
f 202/1/913 977/1/913 633/1/913
f 705/1/914 636/1/914 204/1/914
f 238/1/915 977/1/915 705/1/915
f 731/1/916 732/1/916 150/1/916
f 500/1/917 692/1/917 139/1/917
f 3/1/918 978/1/918 500/1/918
f 733/1/919 635/1/919 978/1/919
f 978/1/920 199/1/920 692/1/920
f 249/1/921 733/1/921 3/1/921
f 2/1/922 979/1/922 249/1/922
f 734/1/923 637/1/923 979/1/923
f 979/1/924 203/1/924 733/1/924
f 2/1/925 980/1/925 734/1/925
f 503/1/926 665/1/926 980/1/926
f 980/1/927 207/1/927 639/1/927
f 734/1/928 639/1/928 206/1/928
f 638/1/929 706/1/929 205/1/929
f 640/1/930 638/1/930 208/1/930
f 210/1/931 981/1/931 640/1/931
f 735/1/932 643/1/932 212/1/932
f 237/1/933 981/1/933 735/1/933
f 101/1/934 982/1/934 666/1/934
f 505/1/935 736/1/935 982/1/935
f 982/1/936 211/1/936 642/1/936
f 666/1/937 642/1/937 209/1/937
f 7/1/938 983/1/938 736/1/938
f 246/1/939 737/1/939 983/1/939
f 983/1/940 213/1/940 645/1/940
f 736/1/941 645/1/941 211/1/941
f 8/1/942 984/1/942 737/1/942
f 106/1/943 984/1/943 508/1/943
f 669/1/944 647/1/944 984/1/944
f 984/1/945 213/1/945 737/1/945
f 735/1/946 589/1/946 237/1/946
f 646/1/947 735/1/947 212/1/947
f 215/1/948 985/1/948 646/1/948
f 650/1/949 648/1/949 218/1/949
f 652/1/950 650/1/950 221/1/950
f 224/1/951 985/1/951 652/1/951
f 226/1/952 985/1/952 654/1/952
f 738/1/953 657/1/953 228/1/953
f 239/1/954 985/1/954 738/1/954
f 107/1/955 986/1/955 670/1/955
f 510/1/956 673/1/956 986/1/956
f 986/1/957 217/1/957 649/1/957
f 670/1/958 649/1/958 216/1/958
f 511/1/959 674/1/959 111/1/959
f 112/1/960 987/1/960 511/1/960
f 675/1/961 651/1/961 987/1/961
f 987/1/962 219/1/962 674/1/962
f 512/1/963 676/1/963 113/1/963
f 118/1/964 988/1/964 512/1/964
f 677/1/965 653/1/965 988/1/965
f 988/1/966 222/1/966 676/1/966
f 513/1/967 678/1/967 119/1/967
f 12/1/968 989/1/968 513/1/968
f 739/1/969 656/1/969 989/1/969
f 989/1/970 225/1/970 678/1/970
f 515/1/971 739/1/971 12/1/971
f 128/1/972 990/1/972 515/1/972
f 683/1/973 658/1/973 990/1/973
f 990/1/974 227/1/974 739/1/974
f 129/1/975 991/1/975 684/1/975
f 516/1/976 687/1/976 991/1/976
f 991/1/977 233/1/977 660/1/977
f 684/1/978 660/1/978 229/1/978
f 150/1/979 992/1/979 740/1/979
f 591/1/980 732/1/980 238/1/980
f 738/1/981 591/1/981 239/1/981
f 228/1/982 992/1/982 738/1/982
f 740/1/983 659/1/983 231/1/983
f 519/1/984 711/1/984 149/1/984
f 148/1/985 993/1/985 519/1/985
f 518/1/986 740/1/986 993/1/986
f 993/1/987 231/1/987 711/1/987
f 522/1/988 728/1/988 151/1/988
f 152/1/989 994/1/989 522/1/989
f 718/1/990 521/1/990 153/1/990
f 242/1/991 994/1/991 718/1/991
f 728/1/992 592/1/992 240/1/992
f 254/1/993 741/1/993 251/1/993
f 10/1/994 250/1/994 741/1/994
f 250/1/995 1/1/995 255/1/995
f 741/1/996 255/1/996 15/1/996
f 257/1/997 742/1/997 256/1/997
f 19/1/998 258/1/998 742/1/998
f 20/1/999 256/1/999 742/1/999
f 260/1/1000 743/1/1000 259/1/1000
f 22/1/1001 261/1/1001 743/1/1001
f 23/1/1002 259/1/1002 743/1/1002
f 24/1/1003 263/1/1003 744/1/1003
f 264/1/1004 744/1/1004 263/1/1004
f 26/1/1005 262/1/1005 744/1/1005
f 266/1/1006 745/1/1006 265/1/1006
f 28/1/1007 267/1/1007 745/1/1007
f 29/1/1008 265/1/1008 745/1/1008
f 30/1/1009 269/1/1009 746/1/1009
f 31/1/1010 270/1/1010 746/1/1010
f 32/1/1011 268/1/1011 746/1/1011
f 35/1/1012 272/1/1012 747/1/1012
f 273/1/1013 747/1/1013 272/1/1013
f 271/1/1014 747/1/1014 273/1/1014
f 275/1/1015 748/1/1015 274/1/1015
f 39/1/1016 276/1/1016 748/1/1016
f 40/1/1017 274/1/1017 748/1/1017
f 47/1/1018 278/1/1018 749/1/1018
f 279/1/1019 749/1/1019 278/1/1019
f 49/1/1020 277/1/1020 749/1/1020
f 52/1/1021 281/1/1021 750/1/1021
f 282/1/1022 750/1/1022 281/1/1022
f 54/1/1023 280/1/1023 750/1/1023
f 284/1/1024 751/1/1024 283/1/1024
f 56/1/1025 285/1/1025 751/1/1025
f 285/1/1026 57/1/1026 286/1/1026
f 751/1/1027 286/1/1027 58/1/1027
f 59/1/1028 288/1/1028 752/1/1028
f 289/1/1029 752/1/1029 288/1/1029
f 61/1/1030 287/1/1030 752/1/1030
f 62/1/1031 291/1/1031 753/1/1031
f 292/1/1032 753/1/1032 291/1/1032
f 64/1/1033 290/1/1033 753/1/1033
f 294/1/1034 754/1/1034 293/1/1034
f 68/1/1035 295/1/1035 754/1/1035
f 69/1/1036 293/1/1036 754/1/1036
f 70/1/1037 297/1/1037 755/1/1037
f 71/1/1038 298/1/1038 755/1/1038
f 296/1/1039 755/1/1039 298/1/1039
f 300/1/1040 756/1/1040 299/1/1040
f 78/1/1041 301/1/1041 756/1/1041
f 299/1/1042 756/1/1042 301/1/1042
f 80/1/1043 303/1/1043 757/1/1043
f 304/1/1044 757/1/1044 303/1/1044
f 82/1/1045 302/1/1045 757/1/1045
f 306/1/1046 758/1/1046 305/1/1046
f 307/1/1047 758/1/1047 306/1/1047
f 85/1/1048 305/1/1048 758/1/1048
f 309/1/1049 759/1/1049 308/1/1049
f 87/1/1050 310/1/1050 759/1/1050
f 88/1/1051 308/1/1051 759/1/1051
f 91/1/1052 312/1/1052 760/1/1052
f 313/1/1053 760/1/1053 312/1/1053
f 311/1/1054 760/1/1054 313/1/1054
f 94/1/1055 315/1/1055 761/1/1055
f 316/1/1056 761/1/1056 315/1/1056
f 314/1/1057 761/1/1057 316/1/1057
f 97/1/1058 318/1/1058 762/1/1058
f 319/1/1059 762/1/1059 318/1/1059
f 317/1/1060 762/1/1060 319/1/1060
f 140/1/1061 321/1/1061 763/1/1061
f 141/1/1062 322/1/1062 763/1/1062
f 142/1/1063 320/1/1063 763/1/1063
f 143/1/1064 324/1/1064 764/1/1064
f 144/1/1065 325/1/1065 764/1/1065
f 323/1/1066 764/1/1066 325/1/1066
f 26/1/1067 326/1/1067 765/1/1067
f 326/1/1068 33/1/1068 327/1/1068
f 765/1/1069 327/1/1069 34/1/1069
f 262/1/1070 765/1/1070 328/1/1070
f 330/1/1071 766/1/1071 329/1/1071
f 330/1/1072 26/1/1072 264/1/1072
f 766/1/1073 264/1/1073 25/1/1073
f 329/1/1074 766/1/1074 331/1/1074
f 332/1/1075 767/1/1075 265/1/1075
f 332/1/1076 22/1/1076 260/1/1076
f 260/1/1077 21/1/1077 333/1/1077
f 767/1/1078 333/1/1078 27/1/1078
f 334/1/1079 768/1/1079 274/1/1079
f 31/1/1080 269/1/1080 768/1/1080
f 269/1/1081 30/1/1081 335/1/1081
f 768/1/1082 335/1/1082 38/1/1082
f 33/1/1083 336/1/1083 769/1/1083
f 336/1/1084 35/1/1084 271/1/1084
f 769/1/1085 271/1/1085 37/1/1085
f 327/1/1086 769/1/1086 337/1/1086
f 338/1/1087 770/1/1087 272/1/1087
f 338/1/1088 40/1/1088 276/1/1088
f 770/1/1089 276/1/1089 39/1/1089
f 770/1/1090 339/1/1090 36/1/1090
f 340/1/1091 771/1/1091 270/1/1091
f 340/1/1092 41/1/1092 341/1/1092
f 771/1/1093 341/1/1093 42/1/1093
f 270/1/1094 771/1/1094 342/1/1094
f 41/1/1095 343/1/1095 772/1/1095
f 343/1/1096 43/1/1096 344/1/1096
f 772/1/1097 344/1/1097 44/1/1097
f 341/1/1098 772/1/1098 345/1/1098
f 43/1/1099 346/1/1099 773/1/1099
f 346/1/1100 45/1/1100 347/1/1100
f 347/1/1101 46/1/1101 348/1/1101
f 344/1/1102 773/1/1102 348/1/1102
f 349/1/1103 774/1/1103 347/1/1103
f 48/1/1104 278/1/1104 774/1/1104
f 278/1/1105 47/1/1105 350/1/1105
f 774/1/1106 350/1/1106 46/1/1106
f 99/1/1107 351/1/1107 775/1/1107
f 351/1/1108 50/1/1108 352/1/1108
f 775/1/1109 352/1/1109 51/1/1109
f 317/1/1110 775/1/1110 353/1/1110
f 354/1/1111 776/1/1111 352/1/1111
f 354/1/1112 52/1/1112 280/1/1112
f 776/1/1113 280/1/1113 54/1/1113
f 352/1/1114 776/1/1114 355/1/1114
f 356/1/1115 777/1/1115 256/1/1115
f 147/1/1116 329/1/1116 777/1/1116
f 329/1/1117 146/1/1117 357/1/1117
f 777/1/1118 357/1/1118 18/1/1118
f 358/1/1119 778/1/1119 267/1/1119
f 53/1/1120 281/1/1120 778/1/1120
f 281/1/1121 52/1/1121 359/1/1121
f 778/1/1122 359/1/1122 29/1/1122
f 360/1/1123 779/1/1123 261/1/1123
f 55/1/1124 283/1/1124 779/1/1124
f 283/1/1125 58/1/1125 361/1/1125
f 261/1/1126 779/1/1126 361/1/1126
f 362/1/1127 780/1/1127 285/1/1127
f 362/1/1128 59/1/1128 287/1/1128
f 287/1/1129 61/1/1129 363/1/1129
f 780/1/1130 363/1/1130 57/1/1130
f 364/1/1131 781/1/1131 290/1/1131
f 364/1/1132 65/1/1132 365/1/1132
f 781/1/1133 365/1/1133 66/1/1133
f 781/1/1134 366/1/1134 62/1/1134
f 367/1/1135 782/1/1135 365/1/1135
f 67/1/1136 293/1/1136 782/1/1136
f 293/1/1137 69/1/1137 368/1/1137
f 782/1/1138 368/1/1138 66/1/1138
f 68/1/1139 369/1/1139 783/1/1139
f 71/1/1140 297/1/1140 783/1/1140
f 297/1/1141 70/1/1141 370/1/1141
f 295/1/1142 783/1/1142 370/1/1142
f 71/1/1143 371/1/1143 784/1/1143
f 371/1/1144 73/1/1144 372/1/1144
f 372/1/1145 74/1/1145 373/1/1145
f 784/1/1146 373/1/1146 72/1/1146
f 73/1/1147 374/1/1147 785/1/1147
f 374/1/1148 75/1/1148 375/1/1148
f 785/1/1149 375/1/1149 76/1/1149
f 372/1/1150 785/1/1150 376/1/1150
f 75/1/1151 377/1/1151 786/1/1151
f 377/1/1152 78/1/1152 300/1/1152
f 786/1/1153 300/1/1153 77/1/1153
f 375/1/1154 786/1/1154 378/1/1154
f 379/1/1155 787/1/1155 301/1/1155
f 81/1/1156 303/1/1156 787/1/1156
f 303/1/1157 80/1/1157 380/1/1157
f 787/1/1158 380/1/1158 79/1/1158
f 81/1/1159 381/1/1159 788/1/1159
f 84/1/1160 306/1/1160 788/1/1160
f 788/1/1161 306/1/1161 83/1/1161
f 304/1/1162 788/1/1162 382/1/1162
f 84/1/1163 383/1/1163 789/1/1163
f 383/1/1164 87/1/1164 309/1/1164
f 789/1/1165 309/1/1165 86/1/1165
f 307/1/1166 789/1/1166 384/1/1166
f 87/1/1167 385/1/1167 790/1/1167
f 385/1/1168 89/1/1168 386/1/1168
f 790/1/1169 386/1/1169 90/1/1169
f 790/1/1170 387/1/1170 88/1/1170
f 388/1/1171 791/1/1171 386/1/1171
f 388/1/1172 91/1/1172 311/1/1172
f 791/1/1173 311/1/1173 93/1/1173
f 386/1/1174 791/1/1174 389/1/1174
f 390/1/1175 792/1/1175 312/1/1175
f 390/1/1176 94/1/1176 314/1/1176
f 792/1/1177 314/1/1177 96/1/1177
f 792/1/1178 391/1/1178 92/1/1178
f 392/1/1179 793/1/1179 258/1/1179
f 95/1/1180 315/1/1180 793/1/1180
f 315/1/1181 94/1/1181 393/1/1181
f 258/1/1182 793/1/1182 393/1/1182
f 48/1/1183 394/1/1183 794/1/1183
f 99/1/1184 319/1/1184 794/1/1184
f 794/1/1185 319/1/1185 98/1/1185
f 279/1/1186 794/1/1186 395/1/1186
f 100/1/1187 397/1/1187 795/1/1187
f 397/1/1188 70/1/1188 296/1/1188
f 795/1/1189 296/1/1189 72/1/1189
f 396/1/1190 795/1/1190 398/1/1190
f 102/1/1191 400/1/1191 796/1/1191
f 400/1/1192 47/1/1192 277/1/1192
f 796/1/1193 277/1/1193 49/1/1193
f 399/1/1194 796/1/1194 401/1/1194
f 106/1/1195 403/1/1195 797/1/1195
f 403/1/1196 77/1/1196 299/1/1196
f 797/1/1197 299/1/1197 79/1/1197
f 402/1/1198 797/1/1198 404/1/1198
f 108/1/1199 406/1/1199 798/1/1199
f 406/1/1200 54/1/1200 282/1/1200
f 798/1/1201 282/1/1201 53/1/1201
f 405/1/1202 798/1/1202 407/1/1202
f 110/1/1203 409/1/1203 799/1/1203
f 409/1/1204 80/1/1204 302/1/1204
f 799/1/1205 302/1/1205 82/1/1205
f 408/1/1206 799/1/1206 410/1/1206
f 412/1/1207 800/1/1207 411/1/1207
f 83/1/1208 305/1/1208 800/1/1208
f 305/1/1209 85/1/1209 413/1/1209
f 800/1/1210 413/1/1210 113/1/1210
f 415/1/1211 801/1/1211 414/1/1211
f 86/1/1212 308/1/1212 801/1/1212
f 308/1/1213 88/1/1213 416/1/1213
f 801/1/1214 416/1/1214 119/1/1214
f 418/1/1215 802/1/1215 417/1/1215
f 58/1/1216 286/1/1216 802/1/1216
f 802/1/1217 286/1/1217 57/1/1217
f 417/1/1218 802/1/1218 419/1/1218
f 126/1/1219 421/1/1219 803/1/1219
f 421/1/1220 61/1/1220 289/1/1220
f 803/1/1221 289/1/1221 60/1/1221
f 803/1/1222 422/1/1222 127/1/1222
f 424/1/1223 804/1/1223 423/1/1223
f 93/1/1224 313/1/1224 804/1/1224
f 804/1/1225 313/1/1225 92/1/1225
f 423/1/1226 804/1/1226 425/1/1226
f 130/1/1227 427/1/1227 805/1/1227
f 427/1/1228 30/1/1228 268/1/1228
f 268/1/1229 32/1/1229 428/1/1229
f 805/1/1230 428/1/1230 131/1/1230
f 134/1/1231 430/1/1231 806/1/1231
f 430/1/1232 96/1/1232 316/1/1232
f 806/1/1233 316/1/1233 95/1/1233
f 429/1/1234 806/1/1234 431/1/1234
f 433/1/1235 807/1/1235 432/1/1235
f 37/1/1236 273/1/1236 807/1/1236
f 273/1/1237 36/1/1237 434/1/1237
f 807/1/1238 434/1/1238 137/1/1238
f 436/1/1239 808/1/1239 435/1/1239
f 63/1/1240 291/1/1240 808/1/1240
f 291/1/1241 62/1/1241 437/1/1241
f 808/1/1242 437/1/1242 139/1/1242
f 438/1/1243 809/1/1243 318/1/1243
f 105/1/1244 439/1/1244 809/1/1244
f 439/1/1245 104/1/1245 440/1/1245
f 809/1/1246 440/1/1246 98/1/1246
f 27/1/1247 441/1/1247 810/1/1247
f 441/1/1248 115/1/1248 442/1/1248
f 810/1/1249 442/1/1249 114/1/1249
f 266/1/1250 810/1/1250 443/1/1250
f 444/1/1251 811/1/1251 263/1/1251
f 117/1/1252 445/1/1252 811/1/1252
f 445/1/1253 116/1/1253 446/1/1253
f 811/1/1254 446/1/1254 25/1/1254
f 447/1/1255 812/1/1255 259/1/1255
f 123/1/1256 448/1/1256 812/1/1256
f 448/1/1257 122/1/1257 449/1/1257
f 812/1/1258 449/1/1258 21/1/1258
f 18/1/1259 450/1/1259 813/1/1259
f 450/1/1260 125/1/1260 451/1/1260
f 813/1/1261 451/1/1261 124/1/1261
f 257/1/1262 813/1/1262 452/1/1262
f 38/1/1263 453/1/1263 814/1/1263
f 453/1/1264 133/1/1264 454/1/1264
f 454/1/1265 132/1/1265 455/1/1265
f 814/1/1266 455/1/1266 39/1/1266
f 67/1/1267 456/1/1267 815/1/1267
f 456/1/1268 141/1/1268 321/1/1268
f 815/1/1269 321/1/1269 140/1/1269
f 294/1/1270 815/1/1270 457/1/1270
f 143/1/1271 458/1/1271 816/1/1271
f 458/1/1272 56/1/1272 284/1/1272
f 816/1/1273 284/1/1273 55/1/1273
f 324/1/1274 816/1/1274 459/1/1274
f 63/1/1275 460/1/1275 817/1/1275
f 60/1/1276 288/1/1276 817/1/1276
f 288/1/1277 59/1/1277 461/1/1277
f 292/1/1278 817/1/1278 461/1/1278
f 462/1/1279 818/1/1279 393/1/1279
f 10/1/1280 463/1/1280 818/1/1280
f 463/1/1281 147/1/1281 356/1/1281
f 818/1/1282 356/1/1282 20/1/1282
f 464/1/1283 819/1/1283 452/1/1283
f 135/1/292 431/1/292 819/1/292
f 431/1/1284 95/1/1284 392/1/1284
f 819/1/1285 392/1/1285 19/1/1285
f 125/1/1286 450/1/1286 820/1/1286
f 357/1/1287 820/1/1287 450/1/1287
f 146/1/1288 331/1/1288 820/1/1288
f 446/1/1289 820/1/1289 331/1/1289
f 465/1/1290 820/1/1290 446/1/1290
f 360/1/1291 821/1/1291 459/1/1291
f 22/1/1292 332/1/1292 821/1/1292
f 332/1/1293 29/1/1293 466/1/1293
f 821/1/1294 466/1/1294 144/1/1294
f 447/1/304 822/1/304 467/1/304
f 23/1/1295 361/1/1295 822/1/1295
f 361/1/1296 58/1/1296 418/1/1296
f 822/1/1297 418/1/1297 120/1/1297
f 115/1/1298 441/1/1298 823/1/1298
f 441/1/1299 27/1/1299 333/1/1299
f 823/1/1300 333/1/1300 21/1/1300
f 468/1/1301 823/1/1301 449/1/1301
f 33/1/312 326/1/312 824/1/312
f 470/1/1302 824/1/1302 326/1/1302
f 17/1/1303 469/1/1303 824/1/1303
f 444/1/1304 825/1/1304 471/1/1304
f 24/1/1305 328/1/1305 825/1/1305
f 328/1/1306 34/1/1306 472/1/1306
f 825/1/1307 472/1/1307 11/1/1307
f 330/1/1308 826/1/1308 470/1/1308
f 147/1/1309 463/1/1309 826/1/1309
f 463/1/1310 10/1/1310 254/1/1310
f 826/1/1311 254/1/1311 17/1/1311
f 16/1/1312 474/1/1312 827/1/1312
f 325/1/1313 827/1/1313 474/1/1313
f 466/1/1314 827/1/1314 325/1/1314
f 29/1/1315 475/1/1315 827/1/1315
f 473/1/1316 827/1/1316 475/1/1316
f 338/1/1317 828/1/1317 334/1/1317
f 35/1/1318 475/1/1318 828/1/1318
f 476/1/1319 828/1/1319 475/1/1319
f 41/1/1320 340/1/1320 828/1/1320
f 334/1/1321 828/1/1321 340/1/1321
f 359/1/1322 829/1/1322 476/1/1322
f 52/1/1323 477/1/1323 829/1/1323
f 829/1/1324 477/1/1324 43/1/1324
f 829/1/1325 343/1/1325 41/1/1325
f 478/1/1326 830/1/1326 443/1/1326
f 109/1/1327 407/1/1327 830/1/1327
f 407/1/1328 53/1/1328 358/1/1328
f 830/1/1329 358/1/1329 28/1/1329
f 428/1/1330 831/1/1330 479/1/1330
f 32/1/1331 342/1/1331 831/1/1331
f 342/1/1332 42/1/1332 480/1/1332
f 831/1/344 480/1/344 5/1/344
f 133/1/1333 453/1/1333 832/1/1333
f 453/1/1334 38/1/1334 335/1/1334
f 832/1/1335 335/1/1335 30/1/1335
f 481/1/1336 832/1/1336 427/1/1336
f 472/1/1337 833/1/1337 482/1/1337
f 34/1/1338 337/1/1338 833/1/1338
f 337/1/1339 37/1/1339 433/1/1339
f 833/1/1340 433/1/1340 136/1/1340
f 33/1/1341 483/1/1341 834/1/1341
f 473/1/1342 834/1/1342 483/1/1342
f 336/1/1343 834/1/1343 473/1/1343
f 16/1/1344 483/1/1344 835/1/1344
f 483/1/1345 33/1/1345 469/1/1345
f 835/1/1346 469/1/1346 17/1/1346
f 252/1/1347 835/1/1347 251/1/1347
f 434/1/1348 836/1/1348 484/1/1348
f 36/1/1349 339/1/1349 836/1/1349
f 339/1/1350 39/1/1350 455/1/1350
f 836/1/1351 455/1/1351 132/1/1351
f 480/1/1352 837/1/1352 248/1/1352
f 42/1/1353 345/1/1353 837/1/1353
f 345/1/1354 44/1/1354 485/1/1354
f 837/1/1355 485/1/1355 4/1/1355
f 4/1/1356 485/1/1356 838/1/1356
f 44/1/1357 348/1/1357 838/1/1357
f 838/1/1358 348/1/1358 46/1/1358
f 247/1/1359 838/1/1359 486/1/1359
f 354/1/1360 839/1/1360 477/1/1360
f 50/1/1361 351/1/1361 839/1/1361
f 394/1/1362 839/1/1362 351/1/1362
f 349/1/1363 839/1/1363 394/1/1363
f 45/1/1364 346/1/1364 839/1/1364
f 477/1/1365 839/1/1365 346/1/1365
f 6/1/1366 486/1/1366 840/1/1366
f 486/1/1367 46/1/1367 350/1/1367
f 840/1/1368 350/1/1368 47/1/1368
f 487/1/1369 840/1/1369 400/1/1369
f 401/1/1370 841/1/1370 488/1/1370
f 49/1/1371 395/1/1371 841/1/1371
f 395/1/1372 98/1/1372 440/1/1372
f 841/1/1373 440/1/1373 104/1/1373
f 490/1/1374 842/1/1374 489/1/1374
f 51/1/1375 355/1/1375 842/1/1375
f 355/1/1376 54/1/1376 406/1/1376
f 842/1/1377 406/1/1377 108/1/1377
f 438/1/1378 843/1/1378 491/1/1378
f 97/1/1379 353/1/1379 843/1/1379
f 353/1/1380 51/1/1380 490/1/1380
f 843/1/1381 490/1/1381 9/1/1381
f 121/1/394 419/1/394 844/1/394
f 419/1/1382 57/1/1382 363/1/1382
f 844/1/1383 363/1/1383 61/1/1383
f 492/1/1384 844/1/1384 421/1/1384
f 56/1/1385 458/1/1385 845/1/1385
f 143/1/1386 494/1/1386 845/1/1386
f 14/1/1387 493/1/1387 845/1/1387
f 362/1/1388 846/1/1388 495/1/1388
f 56/1/1389 493/1/1389 846/1/1389
f 14/1/1390 495/1/1390 846/1/1390
f 255/1/1391 847/1/1391 253/1/1391
f 1/1/1392 496/1/1392 847/1/1392
f 496/1/1393 59/1/1393 495/1/1393
f 253/1/1394 847/1/1394 495/1/1394
f 245/1/1395 848/1/1395 496/1/1395
f 13/1/1396 497/1/1396 848/1/1396
f 497/1/1397 64/1/1397 461/1/1397
f 848/1/1398 461/1/1398 59/1/1398
f 436/1/1399 849/1/1399 460/1/1399
f 138/1/1400 498/1/1400 849/1/1400
f 498/1/1401 127/1/1401 422/1/1401
f 849/1/1402 422/1/1402 60/1/1402
f 497/1/1403 850/1/1403 364/1/1403
f 499/1/1404 850/1/1404 497/1/1404
f 141/1/1405 456/1/1405 850/1/1405
f 367/1/1406 850/1/1406 456/1/1406
f 65/1/1407 364/1/1407 850/1/1407
f 437/1/1408 851/1/1408 500/1/1408
f 62/1/1409 366/1/1409 851/1/1409
f 366/1/1410 66/1/1410 501/1/1410
f 851/1/1411 501/1/1411 3/1/1411
f 501/1/1412 852/1/1412 249/1/1412
f 66/1/1413 368/1/1413 852/1/1413
f 368/1/1414 69/1/1414 502/1/1414
f 852/1/1415 502/1/1415 2/1/1415
f 2/1/1416 502/1/1416 853/1/1416
f 502/1/1417 69/1/1417 370/1/1417
f 853/1/1418 370/1/1418 70/1/1418
f 503/1/1419 853/1/1419 397/1/1419
f 457/1/1420 854/1/1420 369/1/1420
f 140/1/1421 504/1/1421 854/1/1421
f 374/1/1422 854/1/1422 504/1/1422
f 73/1/1423 371/1/1423 854/1/1423
f 369/1/1424 854/1/1424 371/1/1424
f 101/1/1425 398/1/1425 855/1/1425
f 398/1/1426 72/1/1426 373/1/1426
f 855/1/1427 373/1/1427 74/1/1427
f 505/1/1428 855/1/1428 506/1/1428
f 7/1/1429 506/1/1429 856/1/1429
f 506/1/1430 74/1/1430 376/1/1430
f 856/1/1431 376/1/1431 76/1/1431
f 246/1/1432 856/1/1432 507/1/1432
f 8/1/1433 507/1/1433 857/1/1433
f 76/1/1434 378/1/1434 857/1/1434
f 378/1/1435 77/1/1435 403/1/1435
f 857/1/1436 403/1/1436 106/1/1436
f 320/1/1437 858/1/1437 504/1/1437
f 142/1/1438 509/1/1438 858/1/1438
f 388/1/1439 858/1/1439 509/1/1439
f 89/1/1440 385/1/1440 858/1/1440
f 87/1/1441 383/1/1441 858/1/1441
f 381/1/1442 858/1/1442 383/1/1442
f 379/1/1443 858/1/1443 381/1/1443
f 78/1/1444 377/1/1444 858/1/1444
f 504/1/1445 858/1/1445 377/1/1445
f 107/1/1446 404/1/1446 859/1/1446
f 404/1/1447 79/1/1447 380/1/1447
f 859/1/1448 380/1/1448 80/1/1448
f 510/1/1449 859/1/1449 409/1/1449
f 410/1/1450 860/1/1450 511/1/1450
f 82/1/1451 382/1/1451 860/1/1451
f 382/1/1452 83/1/1452 412/1/1452
f 860/1/1453 412/1/1453 112/1/1453
f 413/1/1454 861/1/1454 512/1/1454
f 85/1/1455 384/1/1455 861/1/1455
f 384/1/1456 86/1/1456 415/1/1456
f 861/1/1457 415/1/1457 118/1/1457
f 416/1/1458 862/1/1458 513/1/1458
f 88/1/1459 387/1/1459 862/1/1459
f 387/1/1460 90/1/1460 514/1/1460
f 862/1/1461 514/1/1461 12/1/1461
f 514/1/1462 863/1/1462 515/1/1462
f 90/1/1463 389/1/1463 863/1/1463
f 389/1/1464 93/1/1464 424/1/1464
f 863/1/1465 424/1/1465 128/1/1465
f 129/1/1466 425/1/1466 864/1/1466
f 425/1/1467 92/1/1467 391/1/1467
f 864/1/1468 391/1/1468 96/1/1468
f 516/1/1469 864/1/1469 430/1/1469
f 13/1/1470 517/1/1470 865/1/1470
f 390/1/1471 865/1/1471 517/1/1471
f 91/1/1472 509/1/1472 865/1/1472
f 322/1/1473 865/1/1473 509/1/1473
f 499/1/1474 865/1/1474 322/1/1474
f 462/1/1475 866/1/1475 250/1/1475
f 94/1/1476 517/1/1476 866/1/1476
f 517/1/1477 13/1/1477 245/1/1477
f 866/1/1478 245/1/1478 1/1/1478
f 494/1/1479 867/1/1479 253/1/1479
f 323/1/1480 867/1/1480 494/1/1480
f 145/1/1481 474/1/1481 867/1/1481
f 252/1/1482 867/1/1482 474/1/1482
f 15/1/1483 253/1/1483 867/1/1483
f 520/1/1484 868/1/1484 523/1/1484
f 152/1/1485 524/1/1485 868/1/1485
f 524/1/1486 148/1/1486 519/1/1486
f 868/1/1487 519/1/1487 149/1/1487
f 525/1/1488 869/1/1488 526/1/1488
f 157/1/1489 527/1/1489 869/1/1489
f 156/1/1490 526/1/1490 869/1/1490
f 528/1/1491 870/1/1491 529/1/1491
f 160/1/1492 530/1/1492 870/1/1492
f 159/1/1493 529/1/1493 870/1/1493
f 161/1/1494 531/1/1494 871/1/1494
f 163/1/1495 533/1/1495 871/1/1495
f 532/1/1496 871/1/1496 533/1/1496
f 534/1/1497 872/1/1497 535/1/1497
f 166/1/1498 536/1/1498 872/1/1498
f 165/1/1499 535/1/1499 872/1/1499
f 167/1/1500 537/1/1500 873/1/1500
f 169/1/1501 539/1/1501 873/1/1501
f 168/1/1502 538/1/1502 873/1/1502
f 172/1/1503 540/1/1503 874/1/1503
f 542/1/1504 874/1/1504 540/1/1504
f 541/1/1505 874/1/1505 542/1/1505
f 543/1/1506 875/1/1506 544/1/1506
f 177/1/1507 545/1/1507 875/1/1507
f 176/1/1508 544/1/1508 875/1/1508
f 184/1/1509 546/1/1509 876/1/1509
f 186/1/1510 548/1/1510 876/1/1510
f 547/1/1511 876/1/1511 548/1/1511
f 189/1/1512 549/1/1512 877/1/1512
f 191/1/1513 551/1/1513 877/1/1513
f 550/1/1514 877/1/1514 551/1/1514
f 552/1/1515 878/1/1515 553/1/1515
f 195/1/1516 555/1/1516 878/1/1516
f 555/1/1517 194/1/1517 554/1/1517
f 878/1/1518 554/1/1518 193/1/1518
f 196/1/1519 556/1/1519 879/1/1519
f 198/1/1520 558/1/1520 879/1/1520
f 557/1/1521 879/1/1521 558/1/1521
f 199/1/1522 559/1/1522 880/1/1522
f 201/1/1523 561/1/1523 880/1/1523
f 560/1/1524 880/1/1524 561/1/1524
f 562/1/1525 881/1/1525 563/1/1525
f 206/1/1526 564/1/1526 881/1/1526
f 205/1/1527 563/1/1527 881/1/1527
f 207/1/1528 565/1/1528 882/1/1528
f 567/1/1529 882/1/1529 565/1/1529
f 208/1/1530 566/1/1530 882/1/1530
f 568/1/1531 883/1/1531 569/1/1531
f 570/1/1532 883/1/1532 568/1/1532
f 215/1/1533 569/1/1533 883/1/1533
f 217/1/1534 571/1/1534 884/1/1534
f 219/1/1535 573/1/1535 884/1/1535
f 572/1/1536 884/1/1536 573/1/1536
f 574/1/1537 885/1/1537 575/1/1537
f 222/1/1538 576/1/1538 885/1/1538
f 575/1/1539 885/1/1539 576/1/1539
f 577/1/1540 886/1/1540 578/1/1540
f 225/1/1541 579/1/1541 886/1/1541
f 224/1/1542 578/1/1542 886/1/1542
f 228/1/1543 580/1/1543 887/1/1543
f 582/1/1544 887/1/1544 580/1/1544
f 581/1/1545 887/1/1545 582/1/1545
f 231/1/1546 583/1/1546 888/1/1546
f 585/1/1547 888/1/1547 583/1/1547
f 584/1/1548 888/1/1548 585/1/1548
f 234/1/1549 586/1/1549 889/1/1549
f 588/1/1550 889/1/1550 586/1/1550
f 587/1/1551 889/1/1551 588/1/1551
f 237/1/1552 589/1/1552 890/1/1552
f 239/1/1553 591/1/1553 890/1/1553
f 238/1/1554 590/1/1554 890/1/1554
f 240/1/1555 592/1/1555 891/1/1555
f 594/1/1556 891/1/1556 592/1/1556
f 241/1/1557 593/1/1557 891/1/1557
f 163/1/1558 531/1/1558 892/1/1558
f 531/1/1559 161/1/1559 597/1/1559
f 892/1/1560 597/1/1560 171/1/1560
f 595/1/1561 892/1/1561 596/1/1561
f 598/1/1562 893/1/1562 599/1/1562
f 598/1/1563 243/1/1563 600/1/1563
f 893/1/1564 600/1/1564 162/1/1564
f 599/1/1565 893/1/1565 533/1/1565
f 534/1/1566 894/1/1566 601/1/1566
f 164/1/1567 602/1/1567 894/1/1567
f 602/1/1568 158/1/1568 529/1/1568
f 601/1/1569 894/1/1569 529/1/1569
f 543/1/1570 895/1/1570 603/1/1570
f 175/1/1571 604/1/1571 895/1/1571
f 604/1/1572 167/1/1572 538/1/1572
f 895/1/1573 538/1/1573 168/1/1573
f 170/1/1574 596/1/1574 896/1/1574
f 596/1/1575 171/1/1575 606/1/1575
f 896/1/1576 606/1/1576 174/1/1576
f 605/1/1577 896/1/1577 540/1/1577
f 541/1/1578 897/1/1578 607/1/1578
f 173/1/1579 608/1/1579 897/1/1579
f 897/1/1580 608/1/1580 176/1/1580
f 607/1/1581 897/1/1581 545/1/1581
f 539/1/1582 898/1/1582 609/1/1582
f 539/1/1583 169/1/1583 611/1/1583
f 898/1/1584 611/1/1584 179/1/1584
f 609/1/1585 898/1/1585 610/1/1585
f 178/1/1586 610/1/1586 899/1/1586
f 610/1/1587 179/1/1587 614/1/1587
f 899/1/1588 614/1/1588 181/1/1588
f 612/1/1589 899/1/1589 613/1/1589
f 180/1/1590 613/1/1590 900/1/1590
f 613/1/1591 181/1/1591 617/1/1591
f 617/1/1592 183/1/1592 616/1/1592
f 615/1/1593 900/1/1593 616/1/1593
f 616/1/1594 901/1/1594 618/1/1594
f 183/1/1595 619/1/1595 901/1/1595
f 619/1/1596 184/1/1596 547/1/1596
f 901/1/1597 547/1/1597 185/1/1597
f 236/1/1598 586/1/1598 902/1/1598
f 586/1/1599 234/1/1599 622/1/1599
f 902/1/1600 622/1/1600 188/1/1600
f 620/1/1601 902/1/1601 621/1/1601
f 621/1/1602 903/1/1602 623/1/1602
f 621/1/1603 188/1/1603 624/1/1603
f 903/1/1604 624/1/1604 191/1/1604
f 623/1/1605 903/1/1605 549/1/1605
f 525/1/1606 904/1/1606 625/1/1606
f 155/1/1607 626/1/1607 904/1/1607
f 626/1/1608 243/1/1608 598/1/1608
f 904/1/1609 598/1/1609 244/1/1609
f 536/1/1610 905/1/1610 627/1/1610
f 166/1/1611 628/1/1611 905/1/1611
f 628/1/1612 189/1/1612 550/1/1612
f 905/1/1613 550/1/1613 190/1/1613
f 530/1/1614 906/1/1614 629/1/1614
f 530/1/1615 160/1/1615 630/1/1615
f 630/1/1616 195/1/1616 552/1/1616
f 906/1/1617 552/1/1617 192/1/1617
f 554/1/1618 907/1/1618 631/1/1618
f 194/1/1619 632/1/1619 907/1/1619
f 632/1/1620 198/1/1620 556/1/1620
f 631/1/1621 907/1/1621 556/1/1621
f 559/1/1622 908/1/1622 633/1/1622
f 199/1/1623 635/1/1623 908/1/1623
f 908/1/1624 635/1/1624 203/1/1624
f 633/1/1625 908/1/1625 634/1/1625
f 634/1/1626 909/1/1626 636/1/1626
f 203/1/1627 637/1/1627 909/1/1627
f 637/1/1628 206/1/1628 562/1/1628
f 909/1/1629 562/1/1629 204/1/1629
f 205/1/1630 564/1/1630 910/1/1630
f 564/1/1631 206/1/1631 639/1/1631
f 639/1/1632 207/1/1632 566/1/1632
f 910/1/1633 566/1/1633 208/1/1633
f 208/1/1634 567/1/1634 911/1/1634
f 209/1/1635 642/1/1635 911/1/1635
f 642/1/1636 211/1/1636 641/1/1636
f 640/1/1637 911/1/1637 641/1/1637
f 210/1/1638 641/1/1638 912/1/1638
f 641/1/1639 211/1/1639 645/1/1639
f 912/1/1640 645/1/1640 213/1/1640
f 643/1/1641 912/1/1641 644/1/1641
f 212/1/1642 644/1/1642 913/1/1642
f 644/1/1643 213/1/1643 647/1/1643
f 913/1/1644 647/1/1644 214/1/1644
f 646/1/1645 913/1/1645 569/1/1645
f 570/1/1646 914/1/1646 648/1/1646
f 216/1/1647 649/1/1647 914/1/1647
f 649/1/1648 217/1/1648 572/1/1648
f 914/1/1649 572/1/1649 218/1/1649
f 218/1/1650 573/1/1650 915/1/1650
f 573/1/1651 219/1/1651 651/1/1651
f 915/1/1652 651/1/1652 220/1/1652
f 915/1/1653 575/1/1653 221/1/1653
f 221/1/1654 576/1/1654 916/1/1654
f 576/1/1655 222/1/1655 653/1/1655
f 916/1/1656 653/1/1656 223/1/1656
f 652/1/1657 916/1/1657 578/1/1657
f 224/1/1658 579/1/1658 917/1/1658
f 225/1/1659 656/1/1659 917/1/1659
f 917/1/1660 656/1/1660 227/1/1660
f 654/1/1661 917/1/1661 655/1/1661
f 655/1/1662 918/1/1662 657/1/1662
f 655/1/1663 227/1/1663 658/1/1663
f 918/1/1664 658/1/1664 230/1/1664
f 657/1/1665 918/1/1665 580/1/1665
f 581/1/1666 919/1/1666 659/1/1666
f 229/1/1667 660/1/1667 919/1/1667
f 919/1/1668 660/1/1668 233/1/1668
f 659/1/1669 919/1/1669 583/1/1669
f 527/1/1670 920/1/1670 661/1/1670
f 527/1/1671 157/1/1671 662/1/1671
f 662/1/1672 231/1/1672 584/1/1672
f 920/1/1673 584/1/1673 232/1/1673
f 185/1/1674 548/1/1674 921/1/1674
f 548/1/1675 186/1/1675 664/1/1675
f 921/1/1676 664/1/1676 235/1/1676
f 921/1/1677 588/1/1677 236/1/1677
f 100/1/1678 396/1/1678 922/1/1678
f 396/1/1679 101/1/1679 666/1/1679
f 922/1/1680 666/1/1680 209/1/1680
f 665/1/1681 922/1/1681 565/1/1681
f 102/1/1682 399/1/1682 923/1/1682
f 399/1/1683 103/1/1683 668/1/1683
f 923/1/1684 668/1/1684 186/1/1684
f 667/1/1685 923/1/1685 546/1/1685
f 106/1/1686 402/1/1686 924/1/1686
f 402/1/1687 107/1/1687 670/1/1687
f 924/1/1688 670/1/1688 216/1/1688
f 669/1/1689 924/1/1689 568/1/1689
f 108/1/1690 405/1/1690 925/1/1690
f 405/1/1691 109/1/1691 672/1/1691
f 925/1/1692 672/1/1692 190/1/1692
f 671/1/1693 925/1/1693 551/1/1693
f 110/1/1694 408/1/1694 926/1/1694
f 408/1/1695 111/1/1695 674/1/1695
f 926/1/1696 674/1/1696 219/1/1696
f 673/1/1697 926/1/1697 571/1/1697
f 411/1/1698 927/1/1698 675/1/1698
f 113/1/1699 676/1/1699 927/1/1699
f 676/1/1700 222/1/1700 574/1/1700
f 927/1/1701 574/1/1701 220/1/1701
f 414/1/1702 928/1/1702 677/1/1702
f 119/1/1703 678/1/1703 928/1/1703
f 678/1/1704 225/1/1704 577/1/1704
f 928/1/1705 577/1/1705 223/1/1705
f 417/1/1706 929/1/1706 679/1/1706
f 417/1/1707 121/1/1707 680/1/1707
f 929/1/1708 680/1/1708 194/1/1708
f 929/1/1709 555/1/1709 195/1/1709
f 126/1/1710 420/1/1710 930/1/1710
f 127/1/1711 682/1/1711 930/1/1711
f 930/1/1712 682/1/1712 197/1/1712
f 681/1/1713 930/1/1713 558/1/1713
f 423/1/1714 931/1/1714 683/1/1714
f 423/1/1715 129/1/1715 684/1/1715
f 931/1/1716 684/1/1716 229/1/1716
f 931/1/1717 582/1/1717 230/1/1717
f 130/1/1718 426/1/1718 932/1/1718
f 131/1/1719 686/1/1719 932/1/1719
f 686/1/1720 169/1/1720 537/1/1720
f 685/1/1721 932/1/1721 537/1/1721
f 134/1/1722 429/1/1722 933/1/1722
f 429/1/1723 135/1/1723 688/1/1723
f 933/1/1724 688/1/1724 232/1/1724
f 687/1/1725 933/1/1725 585/1/1725
f 432/1/1726 934/1/1726 689/1/1726
f 137/1/1727 690/1/1727 934/1/1727
f 690/1/1728 173/1/1728 542/1/1728
f 934/1/1729 542/1/1729 174/1/1729
f 435/1/1730 935/1/1730 691/1/1730
f 139/1/1731 692/1/1731 935/1/1731
f 692/1/1732 199/1/1732 560/1/1732
f 935/1/1733 560/1/1733 200/1/1733
f 587/1/1734 936/1/1734 693/1/1734
f 235/1/1735 694/1/1735 936/1/1735
f 694/1/1736 104/1/1736 439/1/1736
f 936/1/1737 439/1/1737 105/1/1737
f 164/1/1738 535/1/1738 937/1/1738
f 535/1/1739 165/1/1739 696/1/1739
f 937/1/1740 696/1/1740 114/1/1740
f 695/1/1741 937/1/1741 442/1/1741
f 532/1/1742 938/1/1742 697/1/1742
f 162/1/1743 698/1/1743 938/1/1743
f 698/1/1744 116/1/1744 445/1/1744
f 938/1/1745 445/1/1745 117/1/1745
f 528/1/1746 939/1/1746 699/1/1746
f 158/1/1747 700/1/1747 939/1/1747
f 700/1/1748 122/1/1748 448/1/1748
f 939/1/1749 448/1/1749 123/1/1749
f 155/1/1750 526/1/1750 940/1/1750
f 526/1/1751 156/1/1751 702/1/1751
f 940/1/1752 702/1/1752 124/1/1752
f 701/1/1753 940/1/1753 451/1/1753
f 175/1/1754 544/1/1754 941/1/1754
f 176/1/1755 704/1/1755 941/1/1755
f 704/1/1756 132/1/1756 454/1/1756
f 703/1/1757 941/1/1757 454/1/1757
f 204/1/1758 563/1/1758 942/1/1758
f 563/1/1759 205/1/1759 706/1/1759
f 942/1/1760 706/1/1760 237/1/1760
f 705/1/1761 942/1/1761 590/1/1761
f 240/1/1762 593/1/1762 943/1/1762
f 593/1/1763 241/1/1763 708/1/1763
f 943/1/1764 708/1/1764 192/1/1764
f 707/1/1765 943/1/1765 553/1/1765
f 200/1/1766 561/1/1766 944/1/1766
f 561/1/1767 201/1/1767 710/1/1767
f 710/1/1768 196/1/1768 557/1/1768
f 944/1/1769 557/1/1769 197/1/1769
f 662/1/1770 945/1/1770 711/1/1770
f 157/1/1771 625/1/1771 945/1/1771
f 625/1/1772 244/1/1772 712/1/1772
f 945/1/1773 712/1/1773 149/1/1773
f 702/1/1774 946/1/1774 464/1/1774
f 156/1/1775 661/1/1775 946/1/1775
f 661/1/1776 232/1/1776 688/1/1776
f 946/1/790 688/1/790 135/1/790
f 125/1/1777 465/1/1777 947/1/1777
f 698/1/1778 947/1/1778 465/1/1778
f 600/1/1779 947/1/1779 698/1/1779
f 243/1/1780 626/1/1780 947/1/1780
f 701/1/1781 947/1/1781 626/1/1781
f 708/1/1782 948/1/1782 629/1/1782
f 241/1/1783 713/1/1783 948/1/1783
f 713/1/1784 166/1/1784 601/1/1784
f 948/1/1785 601/1/1785 159/1/1785
f 467/1/800 949/1/800 699/1/800
f 120/1/1786 679/1/1786 949/1/1786
f 679/1/1787 195/1/1787 630/1/1787
f 949/1/1788 630/1/1788 160/1/1788
f 115/1/1789 468/1/1789 950/1/1789
f 468/1/1790 122/1/1790 700/1/1790
f 950/1/1791 700/1/1791 158/1/1791
f 695/1/1792 950/1/1792 602/1/1792
f 170/1/808 714/1/808 951/1/808
f 154/1/1793 715/1/1793 951/1/1793
f 595/1/1794 951/1/1794 715/1/1794
f 471/1/1795 952/1/1795 697/1/1795
f 11/1/1796 716/1/1796 952/1/1796
f 716/1/1797 171/1/1797 597/1/1797
f 952/1/1798 597/1/1798 161/1/1798
f 715/1/1799 953/1/1799 599/1/1799
f 154/1/1800 523/1/1800 953/1/1800
f 523/1/1801 149/1/1801 712/1/1801
f 953/1/1802 712/1/1802 244/1/1802
f 153/1/1803 717/1/1803 954/1/1803
f 719/1/1804 954/1/1804 717/1/1804
f 166/1/1805 713/1/1805 954/1/1805
f 594/1/1806 954/1/1806 713/1/1806
f 718/1/1807 954/1/1807 594/1/1807
f 603/1/1808 955/1/1808 607/1/1808
f 609/1/1809 955/1/1809 603/1/1809
f 178/1/1810 720/1/1810 955/1/1810
f 719/1/1811 955/1/1811 720/1/1811
f 172/1/1812 607/1/1812 955/1/1812
f 720/1/1813 956/1/1813 628/1/1813
f 178/1/1814 612/1/1814 956/1/1814
f 956/1/1815 612/1/1815 180/1/1815
f 956/1/1816 721/1/1816 189/1/1816
f 696/1/1817 957/1/1817 478/1/1817
f 165/1/1818 627/1/1818 957/1/1818
f 627/1/1819 190/1/1819 672/1/1819
f 957/1/1820 672/1/1820 109/1/1820
f 479/1/1821 958/1/1821 686/1/1821
f 5/1/838 722/1/838 958/1/838
f 722/1/1822 179/1/1822 611/1/1822
f 958/1/1823 611/1/1823 169/1/1823
f 133/1/1824 481/1/1824 959/1/1824
f 481/1/1825 130/1/1825 685/1/1825
f 959/1/1826 685/1/1826 167/1/1826
f 703/1/1827 959/1/1827 604/1/1827
f 482/1/1828 960/1/1828 716/1/1828
f 136/1/1829 689/1/1829 960/1/1829
f 689/1/1830 174/1/1830 606/1/1830
f 960/1/1831 606/1/1831 171/1/1831
f 170/1/1832 605/1/1832 961/1/1832
f 717/1/1833 961/1/1833 605/1/1833
f 723/1/1834 961/1/1834 717/1/1834
f 153/1/1835 521/1/1835 962/1/1835
f 521/1/1836 152/1/1836 520/1/1836
f 962/1/1837 520/1/1837 154/1/1837
f 723/1/1838 962/1/1838 714/1/1838
f 484/1/1839 963/1/1839 690/1/1839
f 132/1/1840 704/1/1840 963/1/1840
f 704/1/1841 176/1/1841 608/1/1841
f 963/1/1842 608/1/1842 173/1/1842
f 248/1/1843 964/1/1843 722/1/1843
f 4/1/1844 724/1/1844 964/1/1844
f 724/1/1845 181/1/1845 614/1/1845
f 964/1/1846 614/1/1846 179/1/1846
f 4/1/1847 247/1/1847 965/1/1847
f 247/1/1848 6/1/1848 725/1/1848
f 965/1/1849 725/1/1849 183/1/1849
f 965/1/1850 617/1/1850 181/1/1850
f 721/1/1851 966/1/1851 623/1/1851
f 615/1/1852 966/1/1852 721/1/1852
f 182/1/1853 618/1/1853 966/1/1853
f 663/1/1854 966/1/1854 618/1/1854
f 620/1/1855 966/1/1855 663/1/1855
f 187/1/1856 623/1/1856 966/1/1856
f 6/1/1857 487/1/1857 967/1/1857
f 487/1/1858 102/1/1858 667/1/1858
f 967/1/1859 667/1/1859 184/1/1859
f 725/1/1860 967/1/1860 619/1/1860
f 488/1/1861 968/1/1861 668/1/1861
f 104/1/1862 694/1/1862 968/1/1862
f 694/1/1863 235/1/1863 664/1/1863
f 968/1/1864 664/1/1864 186/1/1864
f 489/1/1865 969/1/1865 726/1/1865
f 108/1/1866 671/1/1866 969/1/1866
f 671/1/1867 191/1/1867 624/1/1867
f 969/1/1868 624/1/1868 188/1/1868
f 491/1/1869 970/1/1869 693/1/1869
f 9/1/1870 726/1/1870 970/1/1870
f 726/1/1871 188/1/1871 622/1/1871
f 970/1/1872 622/1/1872 234/1/1872
f 121/1/890 492/1/890 971/1/890
f 492/1/1873 126/1/1873 681/1/1873
f 971/1/1874 681/1/1874 198/1/1874
f 680/1/1875 971/1/1875 632/1/1875
f 193/1/1876 727/1/1876 972/1/1876
f 151/1/1877 728/1/1877 972/1/1877
f 240/1/1878 707/1/1878 972/1/1878
f 729/1/1879 973/1/1879 631/1/1879
f 151/1/1880 727/1/1880 973/1/1880
f 193/1/1881 631/1/1881 973/1/1881
f 522/1/1882 974/1/1882 524/1/1882
f 522/1/1883 151/1/1883 729/1/1883
f 729/1/1884 196/1/1884 730/1/1884
f 974/1/1885 730/1/1885 148/1/1885
f 730/1/1886 975/1/1886 518/1/1886
f 196/1/1887 710/1/1887 975/1/1887
f 710/1/1888 201/1/1888 731/1/1888
f 975/1/1889 731/1/1889 150/1/1889
f 709/1/1890 976/1/1890 691/1/1890
f 197/1/1891 682/1/1891 976/1/1891
f 682/1/1892 127/1/1892 498/1/1892
f 976/1/1893 498/1/1893 138/1/1893
f 633/1/1894 977/1/1894 731/1/1894
f 202/1/1895 636/1/1895 977/1/1895
f 705/1/1896 977/1/1896 636/1/1896
f 238/1/1897 732/1/1897 977/1/1897
f 731/1/1898 977/1/1898 732/1/1898
f 500/1/1899 978/1/1899 692/1/1899
f 3/1/1900 733/1/1900 978/1/1900
f 733/1/1901 203/1/1901 635/1/1901
f 978/1/1902 635/1/1902 199/1/1902
f 249/1/1903 979/1/1903 733/1/1903
f 2/1/1904 734/1/1904 979/1/1904
f 734/1/1905 206/1/1905 637/1/1905
f 979/1/1906 637/1/1906 203/1/1906
f 2/1/1907 503/1/1907 980/1/1907
f 503/1/1908 100/1/1908 665/1/1908
f 980/1/1909 665/1/1909 207/1/1909
f 734/1/1910 980/1/1910 639/1/1910
f 638/1/1911 981/1/1911 706/1/1911
f 640/1/1912 981/1/1912 638/1/1912
f 210/1/1913 643/1/1913 981/1/1913
f 735/1/1914 981/1/1914 643/1/1914
f 237/1/1915 706/1/1915 981/1/1915
f 101/1/1916 505/1/1916 982/1/1916
f 505/1/1917 7/1/1917 736/1/1917
f 982/1/1918 736/1/1918 211/1/1918
f 666/1/1919 982/1/1919 642/1/1919
f 7/1/1920 246/1/1920 983/1/1920
f 246/1/1921 8/1/1921 737/1/1921
f 983/1/1922 737/1/1922 213/1/1922
f 736/1/1923 983/1/1923 645/1/1923
f 8/1/1924 508/1/1924 984/1/1924
f 106/1/1925 669/1/1925 984/1/1925
f 669/1/1926 214/1/1926 647/1/1926
f 984/1/1927 647/1/1927 213/1/1927
f 735/1/1928 985/1/1928 589/1/1928
f 646/1/1929 985/1/1929 735/1/1929
f 215/1/1930 648/1/1930 985/1/1930
f 650/1/1931 985/1/1931 648/1/1931
f 652/1/1932 985/1/1932 650/1/1932
f 224/1/1933 654/1/1933 985/1/1933
f 226/1/1934 657/1/1934 985/1/1934
f 738/1/1935 985/1/1935 657/1/1935
f 239/1/1936 589/1/1936 985/1/1936
f 107/1/1937 510/1/1937 986/1/1937
f 510/1/1938 110/1/1938 673/1/1938
f 986/1/1939 673/1/1939 217/1/1939
f 670/1/1940 986/1/1940 649/1/1940
f 511/1/1941 987/1/1941 674/1/1941
f 112/1/1942 675/1/1942 987/1/1942
f 675/1/1943 220/1/1943 651/1/1943
f 987/1/1944 651/1/1944 219/1/1944
f 512/1/1945 988/1/1945 676/1/1945
f 118/1/1946 677/1/1946 988/1/1946
f 677/1/1947 223/1/1947 653/1/1947
f 988/1/1948 653/1/1948 222/1/1948
f 513/1/1949 989/1/1949 678/1/1949
f 12/1/1950 739/1/1950 989/1/1950
f 739/1/1951 227/1/1951 656/1/1951
f 989/1/1952 656/1/1952 225/1/1952
f 515/1/1953 990/1/1953 739/1/1953
f 128/1/1954 683/1/1954 990/1/1954
f 683/1/1955 230/1/1955 658/1/1955
f 990/1/1956 658/1/1956 227/1/1956
f 129/1/1957 516/1/1957 991/1/1957
f 516/1/1958 134/1/1958 687/1/1958
f 991/1/1959 687/1/1959 233/1/1959
f 684/1/1960 991/1/1960 660/1/1960
f 150/1/1961 732/1/1961 992/1/1961
f 591/1/1962 992/1/1962 732/1/1962
f 738/1/1963 992/1/1963 591/1/1963
f 228/1/1964 659/1/1964 992/1/1964
f 740/1/1965 992/1/1965 659/1/1965
f 519/1/1966 993/1/1966 711/1/1966
f 148/1/1967 518/1/1967 993/1/1967
f 518/1/1968 150/1/1968 740/1/1968
f 993/1/1969 740/1/1969 231/1/1969
f 522/1/1970 994/1/1970 728/1/1970
f 152/1/1971 521/1/1971 994/1/1971
f 718/1/1972 994/1/1972 521/1/1972
f 242/1/1973 592/1/1973 994/1/1973
f 728/1/1974 994/1/1974 592/1/1974
o front_wheel
v -0.041415 -0.000000 0.308771
v 0.041415 0.000000 0.308771
v 0.041415 -0.060238 0.302838
v -0.041415 -0.060238 0.302838
v 0.041415 -0.118161 0.285267
v -0.041415 -0.118161 0.285267
v 0.041415 -0.171544 0.256733
v -0.041415 -0.171544 0.256733
v 0.041415 -0.218334 0.218334
v -0.041415 -0.218334 0.218334
v 0.041415 -0.256733 0.171544
v -0.041415 -0.256733 0.171544
v 0.041415 -0.285267 0.118161
v -0.041415 -0.285267 0.118161
v 0.041415 -0.302838 0.060238
v -0.041415 -0.302838 0.060238
v 0.041415 -0.308771 0.000000
v -0.041415 -0.308771 0.000000
v 0.041415 -0.302838 -0.060238
v -0.041415 -0.302838 -0.060238
v 0.041415 -0.285267 -0.118161
v -0.041415 -0.285267 -0.118161
v 0.041415 -0.256733 -0.171544
v -0.041415 -0.256733 -0.171544
v 0.041415 -0.218334 -0.218334
v -0.041415 -0.218334 -0.218334
v 0.041415 -0.171544 -0.256733
v -0.041415 -0.171544 -0.256733
v 0.041415 -0.118161 -0.285267
v -0.041415 -0.118161 -0.285267
v 0.041415 -0.060238 -0.302838
v -0.041415 -0.060238 -0.302838
v 0.041415 0.000000 -0.308771
v -0.041415 -0.000000 -0.308771
v 0.041415 0.060238 -0.302838
v -0.041415 0.060238 -0.302838
v 0.041415 0.118161 -0.285267
v -0.041415 0.118161 -0.285267
v 0.041415 0.171544 -0.256733
v -0.041415 0.171544 -0.256733
v 0.041415 0.218334 -0.218334
v -0.041415 0.218334 -0.218334
v 0.041415 0.256733 -0.171544
v -0.041415 0.256733 -0.171544
v 0.041415 0.285267 -0.118161
v -0.041415 0.285267 -0.118161
v 0.041415 0.302838 -0.060238
v -0.041415 0.302838 -0.060238
v 0.041415 0.308771 0.000000
v -0.041415 0.308771 0.000000
v 0.041415 0.302838 0.060238
v -0.041415 0.302838 0.060238
v 0.041415 0.285267 0.118161
v -0.041415 0.285267 0.118161
v 0.041415 0.256733 0.171544
v -0.041415 0.256733 0.171544
v 0.041415 0.218334 0.218334
v -0.041415 0.218334 0.218334
v 0.041415 0.171544 0.256733
v -0.041415 0.171544 0.256733
v 0.041415 0.118161 0.285267
v -0.041415 0.118161 0.285267
v 0.041415 0.060238 0.302838
v -0.041415 0.060238 0.302838
v -0.041415 -0.000000 0.308771
v -0.062123 -0.000000 0.287963
v 0.062123 0.000000 0.287963
v 0.041415 0.000000 0.308771
v -0.062123 -0.056179 0.282430
v -0.041415 -0.060238 0.302838
v 0.041415 -0.060238 0.302838
v 0.062123 -0.056179 0.282430
v -0.062123 -0.110199 0.266043
v -0.041415 -0.118161 0.285267
v 0.041415 -0.118161 0.285267
v 0.062123 -0.110199 0.266043
v -0.062123 -0.159984 0.239432
v -0.041415 -0.171544 0.256733
v 0.041415 -0.171544 0.256733
v 0.062123 -0.159984 0.239432
v -0.062123 -0.203621 0.203621
v -0.041415 -0.218334 0.218334
v 0.041415 -0.218334 0.218334
v 0.062123 -0.203621 0.203621
v -0.062123 -0.239432 0.159984
v -0.041415 -0.256733 0.171544
v 0.041415 -0.256733 0.171544
v 0.062123 -0.239432 0.159984
v -0.062123 -0.266043 0.110199
v -0.041415 -0.285267 0.118161
v 0.041415 -0.285267 0.118161
v 0.062123 -0.266043 0.110199
v -0.062123 -0.282430 0.056179
v -0.041415 -0.302838 0.060238
v 0.041415 -0.302838 0.060238
v 0.062123 -0.282430 0.056179
v -0.062123 -0.287963 0.000000
v -0.041415 -0.308771 0.000000
v 0.041415 -0.308771 0.000000
v 0.062123 -0.287963 0.000000
v -0.062123 -0.282430 -0.056179
v -0.041415 -0.302838 -0.060238
v 0.041415 -0.302838 -0.060238
v 0.062123 -0.282430 -0.056179
v -0.062123 -0.266043 -0.110199
v -0.041415 -0.285267 -0.118161
v 0.041415 -0.285267 -0.118161
v 0.062123 -0.266043 -0.110199
v -0.062123 -0.239432 -0.159984
v -0.041415 -0.256733 -0.171544
v 0.041415 -0.256733 -0.171544
v 0.062123 -0.239432 -0.159984
v -0.062123 -0.203621 -0.203621
v -0.041415 -0.218334 -0.218334
v 0.041415 -0.218334 -0.218334
v 0.062123 -0.203621 -0.203621
v -0.062123 -0.159984 -0.239432
v -0.041415 -0.171544 -0.256733
v 0.041415 -0.171544 -0.256733
v 0.062123 -0.159984 -0.239432
v -0.062123 -0.110199 -0.266043
v -0.041415 -0.118161 -0.285267
v 0.041415 -0.118161 -0.285267
v 0.062123 -0.110199 -0.266043
v -0.062123 -0.056179 -0.282430
v -0.041415 -0.060238 -0.302838
v 0.041415 -0.060238 -0.302838
v 0.062123 -0.056179 -0.282430
v -0.062123 -0.000000 -0.287963
v -0.041415 -0.000000 -0.308771
v 0.041415 0.000000 -0.308771
v 0.062123 0.000000 -0.287963
v -0.062123 0.056179 -0.282430
v -0.041415 0.060238 -0.302838
v 0.041415 0.060238 -0.302838
v 0.062123 0.056179 -0.282430
v -0.062123 0.110199 -0.266043
v -0.041415 0.118161 -0.285267
v 0.041415 0.118161 -0.285267
v 0.062123 0.110199 -0.266043
v -0.062123 0.159984 -0.239432
v -0.041415 0.171544 -0.256733
v 0.041415 0.171544 -0.256733
v 0.062123 0.159984 -0.239432
v -0.062123 0.203621 -0.203621
v -0.041415 0.218334 -0.218334
v 0.041415 0.218334 -0.218334
v 0.062123 0.203621 -0.203621
v -0.062123 0.239432 -0.159984
v -0.041415 0.256733 -0.171544
v 0.041415 0.256733 -0.171544
v 0.062123 0.239432 -0.159984
v -0.062123 0.266043 -0.110199
v -0.041415 0.285267 -0.118161
v 0.041415 0.285267 -0.118161
v 0.062123 0.266043 -0.110199
v -0.062123 0.282430 -0.056179
v -0.041415 0.302838 -0.060238
v 0.041415 0.302838 -0.060238
v 0.062123 0.282430 -0.056179
v -0.062123 0.287963 0.000000
v -0.041415 0.308771 0.000000
v 0.041415 0.308771 0.000000
v 0.062123 0.287963 0.000000
v -0.062123 0.282430 0.056179
v -0.041415 0.302838 0.060238
v 0.041415 0.302838 0.060238
v 0.062123 0.282430 0.056179
v -0.062123 0.266043 0.110199
v -0.041415 0.285267 0.118161
v 0.041415 0.285267 0.118161
v 0.062123 0.266043 0.110199
v -0.062123 0.239432 0.159984
v -0.041415 0.256733 0.171544
v 0.041415 0.256733 0.171544
v 0.062123 0.239432 0.159984
v -0.062123 0.203621 0.203621
v -0.041415 0.218334 0.218334
v 0.041415 0.218334 0.218334
v 0.062123 0.203621 0.203621
v -0.062123 0.159984 0.239432
v -0.041415 0.171544 0.256733
v 0.041415 0.171544 0.256733
v 0.062123 0.159984 0.239432
v -0.062123 0.110199 0.266043
v -0.041415 0.118161 0.285267
v 0.041415 0.118161 0.285267
v 0.062123 0.110199 0.266043
v -0.062123 0.056179 0.282430
v -0.041415 0.060238 0.302838
v 0.041415 0.060238 0.302838
v 0.062123 0.056179 0.282430
vn -0.0000 -0.0000 1.0000
vn -0.0000 0.1892 0.9819
vn -0.0000 0.3700 0.9290
vn -0.0000 0.3879 0.9217
vn -0.0000 0.5640 0.8257
vn -0.0000 0.6629 0.7487
vn -0.0000 0.7012 0.7130
vn -0.0000 0.9243 0.3818
vn -0.0000 0.8274 0.5616
vn -0.0000 0.9572 0.2896
vn -0.0000 0.9248 0.3803
vn -0.0000 0.9809 0.1946
vn -0.0000 0.9814 0.1920
vn -0.0000 0.9952 0.0978
vn -0.0000 1.0000 -0.0000
vn -0.0000 0.9814 -0.1920
vn -0.0000 0.9952 -0.0978
vn -0.0000 0.9329 -0.3602
vn -0.0000 0.9809 -0.1946
vn -0.0000 0.9572 -0.2896
vn -0.0000 0.8263 -0.5633
vn -0.0000 0.7101 -0.7041
vn -0.0000 0.9243 -0.3817
vn -0.0000 0.5348 -0.8450
vn -0.0000 0.6629 -0.7487
vn -0.0000 0.3879 -0.9217
vn -0.0000 0.3875 -0.9219
vn -0.0000 0.1729 -0.9849
vn -0.0000 0.2120 -0.9773
vn -0.0000 -0.0000 -1.0000
vn -0.0000 -0.2311 -0.9729
vn -0.0000 -0.2469 -0.9691
vn -0.0000 -0.3991 -0.9169
vn -0.0000 -0.5898 -0.8075
vn -0.0000 -0.5601 -0.8284
vn -0.0000 -0.7580 -0.6522
vn -0.0000 -0.7018 -0.7124
vn -0.0000 -0.8629 -0.5055
vn -0.0000 -0.8246 -0.5657
vn -0.0000 -0.9200 -0.3918
vn -0.0000 -0.9231 -0.3845
vn -0.0000 -0.9808 -0.1950
vn -0.0000 -0.9841 -0.1776
vn -0.0000 -1.0000 -0.0000
vn -0.0000 -0.9808 0.1950
vn -0.0000 -0.9788 0.2046
vn -0.0000 -0.9657 0.2595
vn -0.0000 -0.9213 0.3888
vn -0.0000 -0.8397 0.5431
vn -0.0000 -0.8585 0.5128
vn -0.0000 -0.8060 0.5919
vn -0.0000 -0.6979 0.7162
vn -0.0000 -0.5500 0.8352
vn -0.0000 -0.5799 0.8147
vn -0.0000 -0.4612 0.8873
vn -0.0000 -0.3632 0.9317
vn -0.0000 -0.2197 0.9756
vn -0.0000 -0.1892 0.9819
vn -0.7088 -0.1376 0.6918
vn -0.3766 -0.0000 0.9264
vn -0.7088 -0.0000 0.7054
vn 0.7088 -0.1376 0.6918
vn 0.3755 -0.0000 0.9268
vn 0.3754 -0.1743 0.9103
vn -0.3747 -0.3332 0.8652
vn -0.3770 -0.2079 0.9026
vn 0.3760 -0.4411 0.8149
vn 0.7088 -0.2699 0.6517
vn -0.7088 -0.2699 0.6517
vn -0.3748 -0.5419 0.7522
vn 0.3747 -0.5090 0.7749
vn 0.7088 -0.3919 0.5865
vn -0.7088 -0.3919 0.5865
vn -0.3749 -0.6454 0.6656
vn 0.4003 -0.7554 0.5188
vn 0.7088 -0.4988 0.4988
vn -0.7088 -0.5865 0.3919
vn -0.7088 -0.4988 0.4988
vn 0.7088 -0.5865 0.3919
vn 0.3747 -0.7800 0.5012
vn -0.7088 -0.6517 0.2699
vn -0.3777 -0.7996 0.4670
vn 0.7088 -0.6517 0.2699
vn 0.3789 -0.8995 0.2174
vn -0.7088 -0.6918 0.1376
vn -0.3774 -0.8527 0.3611
vn 0.7088 -0.6918 0.1376
vn 0.3751 -0.9092 0.1808
vn -0.3753 -0.9269 -0.0000
vn -0.3762 -0.9066 0.1913
vn 0.3762 -0.9265 -0.0000
vn 0.7088 -0.7054 -0.0000
vn -0.7088 -0.6918 -0.1376
vn -0.7088 -0.7054 -0.0000
vn 0.7088 -0.6918 -0.1376
vn 0.3751 -0.9092 -0.1808
vn -0.3751 -0.8522 -0.3649
vn -0.3752 -0.9128 -0.1615
vn 0.3763 -0.8552 -0.3565
vn 0.7088 -0.6517 -0.2699
vn -0.7088 -0.6517 -0.2699
vn -0.3768 -0.7626 -0.5258
vn 0.3967 -0.7977 -0.4543
vn 0.7088 -0.5865 -0.3919
vn -0.7088 -0.5865 -0.3919
vn -0.3768 -0.6491 -0.6608
vn 0.3757 -0.7112 -0.5942
vn 0.7088 -0.4988 -0.4988
vn -0.7088 -0.3919 -0.5865
vn -0.7088 -0.4988 -0.4988
vn 0.7088 -0.3919 -0.5865
vn 0.3754 -0.5527 -0.7440
vn -0.7088 -0.2699 -0.6517
vn -0.3758 -0.5198 -0.7672
vn 0.7088 -0.2699 -0.6517
vn 0.3755 -0.3728 -0.8486
vn -0.7088 -0.1376 -0.6918
vn -0.3755 -0.3728 -0.8486
vn 0.7088 -0.1376 -0.6918
vn 0.3793 -0.2377 -0.8942
vn -0.3755 -0.0000 -0.9268
vn -0.3764 -0.2206 -0.8998
vn 0.3755 -0.0000 -0.9268
vn 0.7088 -0.0000 -0.7054
vn -0.7088 0.1376 -0.6918
vn -0.7088 -0.0000 -0.7054
vn 0.7088 0.1376 -0.6918
vn 0.3750 0.1563 -0.9137
vn -0.3784 0.3600 -0.8528
vn -0.3749 0.1996 -0.9053
vn 0.3753 0.3601 -0.8541
vn 0.7088 0.2699 -0.6517
vn -0.7088 0.2699 -0.6517
vn -0.4255 0.6202 -0.6590
vn 0.3751 0.4920 -0.7856
vn 0.7088 0.3919 -0.5865
vn -0.7088 0.3919 -0.5865
vn -0.3996 0.8725 -0.2812
vn 0.3749 0.6589 -0.6522
vn 0.7088 0.4988 -0.4988
vn -0.7088 0.5865 -0.3919
vn -0.7088 0.4988 -0.4988
vn 0.7088 0.5865 -0.3919
vn 0.3747 0.7652 -0.5236
vn -0.7088 0.6517 -0.2699
vn -0.3884 0.8961 -0.2147
vn 0.7088 0.6517 -0.2699
vn 0.3750 0.8663 -0.3299
vn -0.7088 0.6918 -0.1376
vn -0.3806 0.9133 -0.1450
vn 0.7088 0.6918 -0.1376
vn 0.3755 0.9097 -0.1774
vn -0.3746 0.9272 -0.0000
vn -0.3761 0.9237 -0.0730
vn 0.3755 0.9268 -0.0000
vn 0.7088 0.7054 -0.0000
vn -0.7088 0.6918 0.1376
vn -0.7088 0.7054 -0.0000
vn 0.7088 0.6918 0.1376
vn 0.3755 0.9097 0.1774
vn -0.3806 0.9133 0.1450
vn -0.3761 0.9237 0.0730
vn 0.3756 0.8573 0.3521
vn 0.7088 0.6517 0.2699
vn -0.7088 0.6517 0.2699
vn -0.3884 0.8961 0.2147
vn 0.3761 0.7659 0.5215
vn 0.7088 0.5865 0.3919
vn -0.7088 0.5865 0.3919
vn -0.3996 0.8725 0.2812
vn 0.3772 0.6483 0.6614
vn 0.7088 0.4988 0.4988
vn -0.7088 0.3919 0.5865
vn -0.7088 0.4988 0.4988
vn 0.7088 0.3919 0.5865
vn 0.3764 0.5241 0.7640
vn -0.7088 0.2699 0.6517
vn -0.4255 0.6202 0.6591
vn 0.7088 0.2699 0.6517
vn 0.3761 0.3406 0.8617
vn -0.7088 0.1376 0.6918
vn -0.3784 0.3600 0.8528
vn 0.7088 0.1376 0.6918
vn 0.3754 0.1743 0.9103
vn -0.3754 0.1743 0.9103
vn 0.7088 -0.0000 0.7054
vn -1.0000 -0.0000 -0.0000
vn 1.0000 -0.0000 -0.0000
vt 0.000000 0.666667
vt 0.031250 0.833333
vt 0.031250 0.666667
vt 0.062500 0.833333
vt 0.062500 0.666667
vt 0.093750 0.833333
vt 0.093750 0.666667
vt 0.125000 0.833333
vt 0.125000 0.666667
vt 0.156250 0.833333
vt 0.156250 0.666667
vt 0.187500 0.833333
vt 0.187500 0.666667
vt 0.218750 0.833333
vt 0.218750 0.666667
vt 0.250000 0.833333
vt 0.250000 0.666667
vt 0.281250 0.833333
vt 0.281250 0.666667
vt 0.312500 0.833333
vt 0.312500 0.666667
vt 0.343750 0.666667
vt 0.343750 0.833333
vt 0.375000 0.833333
vt 0.375000 0.666667
vt 0.406250 0.833333
vt 0.406250 0.666667
vt 0.437500 0.666667
vt 0.437500 0.833333
vt 0.468750 0.833333
vt 0.468750 0.666667
vt 0.500000 0.833333
vt 0.500000 0.666667
vt 0.531250 0.666667
vt 0.531250 0.833333
vt 0.562500 0.833333
vt 0.562500 0.666667
vt 0.593750 0.833333
vt 0.593750 0.666667
vt 0.625000 0.833333
vt 0.625000 0.666667
vt 0.656250 0.833333
vt 0.656250 0.666667
vt 0.687500 0.666667
vt 0.687500 0.833333
vt 0.718750 0.833333
vt 0.718750 0.666667
vt 0.750000 0.833333
vt 0.750000 0.666667
vt 0.781250 0.833333
vt 0.781250 0.666667
vt 0.812500 0.833333
vt 0.812500 0.666667
vt 0.843750 0.833333
vt 0.843750 0.666667
vt 0.875000 0.833333
vt 0.875000 0.666667
vt 0.906250 0.833333
vt 0.906250 0.666667
vt 0.937500 0.833333
vt 0.937500 0.666667
vt 0.968750 0.666667
vt 0.968750 0.833333
vt 1.000000 0.833333
vt 1.000000 0.666667
vt 0.968750 0.500000
vt 0.998947 0.500000
vt 0.968750 1.000000
vt 1.000000 0.833333
vt 0.968750 0.833333
vt 0.937500 0.666667
vt 0.968750 0.666667
vt 0.937500 0.833333
vt 0.937500 1.000000
vt 0.937500 0.500000
vt 0.906250 0.666667
vt 0.906250 0.833333
vt 0.906250 1.000000
vt 0.906250 0.500000
vt 0.875000 0.666667
vt 0.875000 0.833333
vt 0.875000 1.000000
vt 0.843750 0.500000
vt 0.875000 0.500000
vt 0.843750 1.000000
vt 0.812500 0.500000
vt 0.843750 0.666667
vt 0.812500 1.000000
vt 0.812500 0.833333
vt 0.781250 0.500000
vt 0.812500 0.666667
vt 0.781250 1.000000
vt 0.781250 0.833333
vt 0.750000 0.666667
vt 0.781250 0.666667
vt 0.750000 0.833333
vt 0.750000 1.000000
vt 0.718750 0.500000
vt 0.750000 0.500000
vt 0.718750 1.000000
vt 0.718750 0.833333
vt 0.687500 0.666667
vt 0.718750 0.666667
vt 0.687500 1.000000
vt 0.687500 0.500000
vt 0.656250 0.666667
vt 0.656250 0.833333
vt 0.656250 1.000000
vt 0.656250 0.500000
vt 0.625000 0.666667
vt 0.625000 0.833333
vt 0.625000 1.000000
vt 0.593750 0.500000
vt 0.625000 0.500000
vt 0.593750 1.000000
vt 0.593750 0.833333
vt 0.562500 0.500000
vt 0.593750 0.666667
vt 0.562500 1.000000
vt 0.562500 0.833333
vt 0.531250 0.500000
vt 0.562500 0.666667
vt 0.531250 1.000000
vt 0.531250 0.833333
vt 0.500000 0.666667
vt 0.531250 0.666667
vt 0.500000 0.833333
vt 0.500000 1.000000
vt 0.468750 0.500000
vt 0.500000 0.500000
vt 0.468750 1.000000
vt 0.468750 0.833333
vt 0.437500 0.666667
vt 0.468750 0.666667
vt 0.437500 0.833333
vt 0.437500 1.000000
vt 0.437500 0.500000
vt 0.406250 0.833333
vt 0.406250 1.000000
vt 0.406250 0.500000
vt 0.375000 0.833333
vt 0.375000 1.000000
vt 0.343750 0.500000
vt 0.375000 0.500000
vt 0.343750 1.000000
vt 0.343750 0.833333
vt 0.312500 0.500000
vt 0.312500 1.000000
vt 0.312500 0.833333
vt 0.281250 0.500000
vt 0.281250 1.000000
vt 0.281250 0.833333
vt 0.250000 0.833333
vt 0.250000 1.000000
vt 0.218750 0.500000
vt 0.250000 0.500000
vt 0.218750 1.000000
vt 0.218750 0.833333
vt 0.187500 0.833333
vt 0.187500 1.000000
vt 0.187500 0.500000
vt 0.156250 0.833333
vt 0.156250 1.000000
vt 0.156250 0.500000
vt 0.125000 0.833333
vt 0.125000 1.000000
vt 0.093750 0.500000
vt 0.125000 0.500000
vt 0.093750 1.000000
vt 0.093750 0.833333
vt 0.062500 0.500000
vt 0.062500 1.000000
vt 0.062500 0.833333
vt 0.031250 0.500000
vt 0.062500 0.666667
vt 0.031250 1.000000
vt 0.031250 0.833333
vt 0.000000 0.666666
vt 0.031250 0.666667
vt 0.000000 0.833333
vt 0.001053 1.000000
vt 0.706334 0.030474
vt 0.969526 0.206334
vt 0.793666 0.469526
vt 0.250000 0.026173
vt 0.026173 0.250000
vt 0.250000 0.473827
vt 0.998947 1.000000
vt 0.001053 0.500000
vt 0.750000 0.473827
vt 0.706334 0.469526
vt 0.664345 0.456789
vt 0.625649 0.436105
vt 0.591731 0.408269
vt 0.563895 0.374352
vt 0.543211 0.335655
vt 0.530474 0.293666
vt 0.526173 0.250000
vt 0.530474 0.206334
vt 0.543211 0.164345
vt 0.563895 0.125649
vt 0.591731 0.091731
vt 0.625648 0.063895
vt 0.664345 0.043211
vt 0.750000 0.026173
vt 0.793666 0.030474
vt 0.835655 0.043211
vt 0.874351 0.063895
vt 0.908269 0.091731
vt 0.936105 0.125649
vt 0.956789 0.164345
vt 0.973827 0.250000
vt 0.969526 0.293666
vt 0.956789 0.335655
vt 0.936105 0.374351
vt 0.908269 0.408269
vt 0.874351 0.436105
vt 0.835655 0.456789
vt 0.293666 0.469526
vt 0.335655 0.456789
vt 0.374352 0.436105
vt 0.408269 0.408269
vt 0.436105 0.374352
vt 0.456789 0.335655
vt 0.469526 0.293666
vt 0.473827 0.250000
vt 0.469526 0.206334
vt 0.456789 0.164345
vt 0.436105 0.125649
vt 0.408269 0.091731
vt 0.374352 0.063895
vt 0.335655 0.043211
vt 0.293666 0.030474
vt 0.206334 0.030474
vt 0.164345 0.043211
vt 0.125649 0.063895
vt 0.091731 0.091731
vt 0.063895 0.125649
vt 0.043211 0.164345
vt 0.030474 0.206334
vt 0.030474 0.293666
vt 0.043211 0.335655
vt 0.063895 0.374351
vt 0.091731 0.408269
vt 0.125649 0.436105
vt 0.164345 0.456789
vt 0.206334 0.469526
s 1
usemtl wheel
f 995/2/1975 1057/3/1976 1058/4/1976
f 1058/4/1976 1055/5/1977 1056/6/1978
f 1056/6/1978 1053/7/1979 1054/8/1980
f 1054/8/1980 1051/9/1981 1052/10/1982
f 1052/10/1982 1049/11/1983 1050/12/1984
f 1050/12/1984 1047/13/1985 1048/14/1986
f 1048/14/1986 1045/15/1987 1046/16/1988
f 1046/16/1988 1043/17/1989 1044/18/1989
f 1044/18/1989 1041/19/1990 1042/20/1991
f 1042/20/1991 1039/21/1992 1040/22/1993
f 1038/23/1994 1039/21/1992 1037/24/1995
f 1038/23/1994 1035/25/1996 1036/26/1997
f 1036/26/1997 1033/27/1998 1034/28/1999
f 1032/29/2000 1033/27/1998 1031/30/2001
f 1032/29/2000 1029/31/2002 1030/32/2003
f 1030/32/2003 1027/33/2004 1028/34/2004
f 1026/35/2005 1027/33/2004 1025/36/2006
f 1026/35/2005 1023/37/2007 1024/38/2007
f 1024/38/2007 1021/39/2008 1022/40/2009
f 1022/40/2009 1019/41/2010 1020/42/2011
f 1020/42/2011 1017/43/2012 1018/44/2013
f 1016/45/2014 1017/43/2012 1015/46/2015
f 1016/45/2014 1013/47/2016 1014/48/2017
f 1014/48/2017 1011/49/2018 1012/50/2018
f 1012/50/2018 1009/51/2019 1010/52/2020
f 1010/52/2020 1007/53/2021 1008/54/2022
f 1008/54/2022 1005/55/2023 1006/56/2024
f 1006/56/2024 1003/57/2025 1004/58/2026
f 1004/58/2026 1001/59/2027 1002/60/2028
f 1002/60/2028 999/61/2029 1000/62/2030
f 998/63/2031 999/61/2029 997/64/2032
f 998/63/2031 996/65/1975 995/66/1975
f 1063/67/2033 1059/66/2034 1060/68/2035
f 1066/69/2036 1062/70/2037 1065/71/2038
f 1063/67/2033 1068/72/2039 1064/73/2040
f 1066/69/2036 1069/74/2041 1070/75/2042
f 1067/76/2043 1072/77/2044 1068/72/2039
f 1070/75/2042 1073/78/2045 1074/79/2046
f 1071/80/2047 1076/81/2048 1072/77/2044
f 1074/79/2046 1077/82/2049 1078/83/2050
f 1079/84/2051 1076/81/2048 1075/85/2052
f 1082/86/2053 1077/82/2049 1081/55/2054
f 1083/87/2055 1080/88/2056 1079/84/2051
f 1086/89/2057 1081/55/2054 1085/90/2058
f 1087/91/2059 1084/92/2060 1083/87/2055
f 1090/93/2061 1085/90/2058 1089/94/2062
f 1087/91/2059 1092/95/2063 1088/96/2064
f 1090/93/2061 1093/97/2065 1094/98/2066
f 1095/99/2067 1092/95/2063 1091/100/2068
f 1098/101/2069 1093/97/2065 1097/102/2070
f 1095/99/2067 1100/103/2071 1096/104/2072
f 1098/101/2069 1101/46/2073 1102/105/2074
f 1099/106/2075 1104/107/2076 1100/103/2071
f 1102/105/2074 1105/108/2077 1106/109/2078
f 1103/110/2079 1108/111/2080 1104/107/2076
f 1106/109/2078 1109/112/2081 1110/113/2082
f 1111/114/2083 1108/111/2080 1107/115/2084
f 1114/116/2085 1109/112/2081 1113/117/2086
f 1115/118/2087 1112/119/2088 1111/114/2083
f 1118/120/2089 1113/117/2086 1117/121/2090
f 1119/122/2091 1116/123/2092 1115/118/2087
f 1122/124/2093 1117/121/2090 1121/125/2094
f 1119/122/2091 1124/126/2095 1120/127/2096
f 1122/124/2093 1125/128/2097 1126/129/2098
f 1127/130/2099 1124/126/2095 1123/131/2100
f 1130/132/2101 1125/128/2097 1129/133/2102
f 1127/130/2099 1132/134/2103 1128/135/2104
f 1130/132/2101 1133/136/2105 1134/137/2106
f 1131/138/2107 1136/28/2108 1132/134/2103
f 1134/137/2106 1137/139/2109 1138/140/2110
f 1135/141/2111 1140/26/2112 1136/28/2108
f 1138/140/2110 1141/142/2113 1142/143/2114
f 1143/144/2115 1140/26/2112 1139/145/2116
f 1146/146/2117 1141/142/2113 1145/147/2118
f 1147/148/2119 1144/23/2120 1143/144/2115
f 1150/149/2121 1145/147/2118 1149/150/2122
f 1151/151/2123 1148/22/2124 1147/148/2119
f 1154/152/2125 1149/150/2122 1153/153/2126
f 1151/151/2123 1156/18/2127 1152/20/2128
f 1154/152/2125 1157/154/2129 1158/155/2130
f 1159/156/2131 1156/18/2127 1155/157/2132
f 1162/158/2133 1157/154/2129 1161/159/2134
f 1159/156/2131 1164/14/2135 1160/16/2136
f 1162/158/2133 1165/160/2137 1166/161/2138
f 1163/162/2139 1168/12/2140 1164/14/2135
f 1166/161/2138 1169/163/2141 1170/164/2142
f 1167/165/2143 1172/10/2144 1168/12/2140
f 1170/164/2142 1173/166/2145 1174/167/2146
f 1175/168/2147 1172/10/2144 1171/169/2148
f 1178/170/2149 1173/166/2145 1177/171/2150
f 1179/172/2151 1176/8/2152 1175/168/2147
f 1182/173/2153 1177/171/2150 1181/174/2154
f 1183/175/2155 1180/176/2156 1179/172/2151
f 1186/177/2157 1181/174/2154 1185/178/2158
f 1183/175/2155 1059/179/2034 1184/180/2159
f 1186/177/2157 1062/181/2037 1061/182/2160
f 1064/73/2040 995/66/1975 1059/66/2034
s 0
f 1127/183/2161 1095/184/2161 1063/185/2161
s 1
f 1059/179/2034 1058/4/1976 1184/180/2159
s 0
f 1126/186/2162 1158/187/2162 1061/188/2162
s 1
f 997/64/2032 1062/70/2037 996/65/1975
f 996/181/1975 1185/178/2158 1057/3/1976
f 1068/72/2039 998/63/2031 1064/73/2040
f 999/61/2029 1065/71/2038 997/64/2032
f 1072/77/2044 1000/62/2030 1068/72/2039
f 1001/59/2027 1069/74/2041 999/61/2029
f 1076/81/2048 1002/60/2028 1072/77/2044
f 1003/57/2025 1073/78/2045 1001/59/2027
f 1080/88/2056 1004/58/2026 1076/81/2048
f 1005/55/2023 1077/82/2049 1003/57/2025
f 1084/92/2060 1006/56/2024 1080/88/2056
f 1007/53/2021 1081/55/2054 1005/55/2023
f 1088/96/2064 1008/54/2022 1084/92/2060
f 1009/51/2019 1085/90/2058 1007/53/2021
f 1092/95/2063 1010/52/2020 1088/96/2064
f 1011/49/2018 1089/94/2062 1009/51/2019
f 1096/104/2072 1012/50/2018 1092/95/2063
f 1013/47/2016 1093/97/2065 1011/49/2018
f 1100/103/2071 1014/48/2017 1096/104/2072
f 1015/46/2015 1097/102/2070 1013/47/2016
f 1104/107/2076 1016/45/2014 1100/103/2071
f 1017/43/2012 1101/46/2073 1015/46/2015
f 1108/111/2080 1018/44/2013 1104/107/2076
f 1019/41/2010 1105/108/2077 1017/43/2012
f 1112/119/2088 1020/42/2011 1108/111/2080
f 1021/39/2008 1109/112/2081 1019/41/2010
f 1116/123/2092 1022/40/2009 1112/119/2088
f 1023/37/2007 1113/117/2086 1021/39/2008
f 1120/127/2096 1024/38/2007 1116/123/2092
f 1025/36/2006 1117/121/2090 1023/37/2007
f 1124/126/2095 1026/35/2005 1120/127/2096
f 1027/33/2004 1121/125/2094 1025/36/2006
f 1128/135/2104 1028/34/2004 1124/126/2095
f 1029/31/2002 1125/128/2097 1027/33/2004
f 1132/134/2103 1030/32/2003 1128/135/2104
f 1031/30/2001 1129/133/2102 1029/31/2002
f 1136/28/2108 1032/29/2000 1132/134/2103
f 1033/27/1998 1133/136/2105 1031/30/2001
f 1136/28/2108 1036/26/1997 1034/28/1999
f 1035/25/1996 1137/139/2109 1033/27/1998
f 1140/26/2112 1038/23/1994 1036/26/1997
f 1037/24/1995 1141/142/2113 1035/25/1996
f 1144/23/2120 1040/22/1993 1038/23/1994
f 1039/21/1992 1145/147/2118 1037/24/1995
f 1148/22/2124 1042/20/1991 1040/22/1993
f 1041/19/1990 1149/150/2122 1039/21/1992
f 1152/20/2128 1044/18/1989 1042/20/1991
f 1043/17/1989 1153/153/2126 1041/19/1990
f 1156/18/2127 1046/16/1988 1044/18/1989
f 1045/15/1987 1157/154/2129 1043/17/1989
f 1160/16/2136 1048/14/1986 1046/16/1988
f 1047/13/1985 1161/159/2134 1045/15/1987
f 1164/14/2135 1050/12/1984 1048/14/1986
f 1049/11/1983 1165/160/2137 1047/13/1985
f 1168/12/2140 1052/10/1982 1050/12/1984
f 1051/9/1981 1169/163/2141 1049/11/1983
f 1172/10/2144 1054/8/1980 1052/10/1982
f 1053/7/1979 1173/166/2145 1051/9/1981
f 1176/8/2152 1056/6/1978 1054/8/1980
f 1053/7/1979 1181/174/2154 1177/171/2150
f 1184/180/2159 1056/6/1978 1180/176/2156
f 1057/3/1976 1181/174/2154 1055/5/1977
f 995/2/1975 996/181/1975 1057/3/1976
f 1058/4/1976 1057/3/1976 1055/5/1977
f 1056/6/1978 1055/5/1977 1053/7/1979
f 1054/8/1980 1053/7/1979 1051/9/1981
f 1052/10/1982 1051/9/1981 1049/11/1983
f 1050/12/1984 1049/11/1983 1047/13/1985
f 1048/14/1986 1047/13/1985 1045/15/1987
f 1046/16/1988 1045/15/1987 1043/17/1989
f 1044/18/1989 1043/17/1989 1041/19/1990
f 1042/20/1991 1041/19/1990 1039/21/1992
f 1038/23/1994 1040/22/1993 1039/21/1992
f 1038/23/1994 1037/24/1995 1035/25/1996
f 1036/26/1997 1035/25/1996 1033/27/1998
f 1032/29/2000 1034/28/1999 1033/27/1998
f 1032/29/2000 1031/30/2001 1029/31/2002
f 1030/32/2003 1029/31/2002 1027/33/2004
f 1026/35/2005 1028/34/2004 1027/33/2004
f 1026/35/2005 1025/36/2006 1023/37/2007
f 1024/38/2007 1023/37/2007 1021/39/2008
f 1022/40/2009 1021/39/2008 1019/41/2010
f 1020/42/2011 1019/41/2010 1017/43/2012
f 1016/45/2014 1018/44/2013 1017/43/2012
f 1016/45/2014 1015/46/2015 1013/47/2016
f 1014/48/2017 1013/47/2016 1011/49/2018
f 1012/50/2018 1011/49/2018 1009/51/2019
f 1010/52/2020 1009/51/2019 1007/53/2021
f 1008/54/2022 1007/53/2021 1005/55/2023
f 1006/56/2024 1005/55/2023 1003/57/2025
f 1004/58/2026 1003/57/2025 1001/59/2027
f 1002/60/2028 1001/59/2027 999/61/2029
f 998/63/2031 1000/62/2030 999/61/2029
f 998/63/2031 997/64/2032 996/65/1975
f 1063/67/2033 1064/73/2040 1059/66/2034
f 1066/69/2036 1061/189/2160 1062/70/2037
f 1063/67/2033 1067/76/2043 1068/72/2039
f 1066/69/2036 1065/71/2038 1069/74/2041
f 1067/76/2043 1071/80/2047 1072/77/2044
f 1070/75/2042 1069/74/2041 1073/78/2045
f 1071/80/2047 1075/85/2052 1076/81/2048
f 1074/79/2046 1073/78/2045 1077/82/2049
f 1079/84/2051 1080/88/2056 1076/81/2048
f 1082/86/2053 1078/83/2050 1077/82/2049
f 1083/87/2055 1084/92/2060 1080/88/2056
f 1086/89/2057 1082/86/2053 1081/55/2054
f 1087/91/2059 1088/96/2064 1084/92/2060
f 1090/93/2061 1086/89/2057 1085/90/2058
f 1087/91/2059 1091/100/2068 1092/95/2063
f 1090/93/2061 1089/94/2062 1093/97/2065
f 1095/99/2067 1096/104/2072 1092/95/2063
f 1098/101/2069 1094/98/2066 1093/97/2065
f 1095/99/2067 1099/106/2075 1100/103/2071
f 1098/101/2069 1097/102/2070 1101/46/2073
f 1099/106/2075 1103/110/2079 1104/107/2076
f 1102/105/2074 1101/46/2073 1105/108/2077
f 1103/110/2079 1107/115/2084 1108/111/2080
f 1106/109/2078 1105/108/2077 1109/112/2081
f 1111/114/2083 1112/119/2088 1108/111/2080
f 1114/116/2085 1110/113/2082 1109/112/2081
f 1115/118/2087 1116/123/2092 1112/119/2088
f 1118/120/2089 1114/116/2085 1113/117/2086
f 1119/122/2091 1120/127/2096 1116/123/2092
f 1122/124/2093 1118/120/2089 1117/121/2090
f 1119/122/2091 1123/131/2100 1124/126/2095
f 1122/124/2093 1121/125/2094 1125/128/2097
f 1127/130/2099 1128/135/2104 1124/126/2095
f 1130/132/2101 1126/129/2098 1125/128/2097
f 1127/130/2099 1131/138/2107 1132/134/2103
f 1130/132/2101 1129/133/2102 1133/136/2105
f 1131/138/2107 1135/141/2111 1136/28/2108
f 1134/137/2106 1133/136/2105 1137/139/2109
f 1135/141/2111 1139/145/2116 1140/26/2112
f 1138/140/2110 1137/139/2109 1141/142/2113
f 1143/144/2115 1144/23/2120 1140/26/2112
f 1146/146/2117 1142/143/2114 1141/142/2113
f 1147/148/2119 1148/22/2124 1144/23/2120
f 1150/149/2121 1146/146/2117 1145/147/2118
f 1151/151/2123 1152/20/2128 1148/22/2124
f 1154/152/2125 1150/149/2121 1149/150/2122
f 1151/151/2123 1155/157/2132 1156/18/2127
f 1154/152/2125 1153/153/2126 1157/154/2129
f 1159/156/2131 1160/16/2136 1156/18/2127
f 1162/158/2133 1158/155/2130 1157/154/2129
f 1159/156/2131 1163/162/2139 1164/14/2135
f 1162/158/2133 1161/159/2134 1165/160/2137
f 1163/162/2139 1167/165/2143 1168/12/2140
f 1166/161/2138 1165/160/2137 1169/163/2141
f 1167/165/2143 1171/169/2148 1172/10/2144
f 1170/164/2142 1169/163/2141 1173/166/2145
f 1175/168/2147 1176/8/2152 1172/10/2144
f 1178/170/2149 1174/167/2146 1173/166/2145
f 1179/172/2151 1180/176/2156 1176/8/2152
f 1182/173/2153 1178/170/2149 1177/171/2150
f 1183/175/2155 1184/180/2159 1180/176/2156
f 1186/177/2157 1182/173/2153 1181/174/2154
f 1183/175/2155 1060/190/2035 1059/179/2034
f 1186/177/2157 1185/178/2158 1062/181/2037
f 1064/73/2040 998/63/2031 995/66/1975
s 0
f 1063/185/2161 1060/191/2161 1183/192/2161
f 1183/192/2161 1179/193/2161 1175/194/2161
f 1175/194/2161 1171/195/2161 1167/196/2161
f 1167/196/2161 1163/197/2161 1159/198/2161
f 1159/198/2161 1155/199/2161 1151/200/2161
f 1151/200/2161 1147/201/2161 1143/202/2161
f 1143/202/2161 1139/203/2161 1135/204/2161
f 1135/204/2161 1131/205/2161 1127/183/2161
f 1127/183/2161 1123/206/2161 1119/207/2161
f 1119/207/2161 1115/208/2161 1111/209/2161
f 1111/209/2161 1107/210/2161 1103/211/2161
f 1103/211/2161 1099/212/2161 1095/184/2161
f 1095/184/2161 1091/213/2161 1087/214/2161
f 1087/214/2161 1083/215/2161 1079/216/2161
f 1079/216/2161 1075/217/2161 1071/218/2161
f 1071/218/2161 1067/219/2161 1063/185/2161
f 1063/185/2161 1183/192/2161 1175/194/2161
f 1175/194/2161 1167/196/2161 1159/198/2161
f 1159/198/2161 1151/200/2161 1143/202/2161
f 1143/202/2161 1135/204/2161 1127/183/2161
f 1127/183/2161 1119/207/2161 1111/209/2161
f 1111/209/2161 1103/211/2161 1095/184/2161
f 1095/184/2161 1087/214/2161 1079/216/2161
f 1079/216/2161 1071/218/2161 1063/185/2161
f 1063/185/2161 1175/194/2161 1159/198/2161
f 1159/198/2161 1143/202/2161 1127/183/2161
f 1127/183/2161 1111/209/2161 1095/184/2161
f 1095/184/2161 1079/216/2161 1063/185/2161
f 1063/185/2161 1159/198/2161 1127/183/2161
s 1
f 1059/179/2034 995/2/1975 1058/4/1976
s 0
f 1061/188/2162 1066/220/2162 1070/221/2162
f 1070/221/2162 1074/222/2162 1078/223/2162
f 1078/223/2162 1082/224/2162 1086/225/2162
f 1086/225/2162 1090/226/2162 1094/227/2162
f 1094/227/2162 1098/228/2162 1102/229/2162
f 1102/229/2162 1106/230/2162 1110/231/2162
f 1110/231/2162 1114/232/2162 1118/233/2162
f 1118/233/2162 1122/234/2162 1126/186/2162
f 1126/186/2162 1130/235/2162 1134/236/2162
f 1134/236/2162 1138/237/2162 1142/238/2162
f 1142/238/2162 1146/239/2162 1150/240/2162
f 1150/240/2162 1154/241/2162 1158/187/2162
f 1158/187/2162 1162/242/2162 1166/243/2162
f 1166/243/2162 1170/244/2162 1174/245/2162
f 1174/245/2162 1178/246/2162 1182/247/2162
f 1182/247/2162 1186/248/2162 1061/188/2162
f 1061/188/2162 1070/221/2162 1078/223/2162
f 1078/223/2162 1086/225/2162 1094/227/2162
f 1094/227/2162 1102/229/2162 1110/231/2162
f 1110/231/2162 1118/233/2162 1126/186/2162
f 1126/186/2162 1134/236/2162 1142/238/2162
f 1142/238/2162 1150/240/2162 1158/187/2162
f 1158/187/2162 1166/243/2162 1174/245/2162
f 1174/245/2162 1182/247/2162 1061/188/2162
f 1061/188/2162 1078/223/2162 1094/227/2162
f 1094/227/2162 1110/231/2162 1126/186/2162
f 1126/186/2162 1142/238/2162 1158/187/2162
f 1158/187/2162 1174/245/2162 1061/188/2162
f 1061/188/2162 1094/227/2162 1126/186/2162
s 1
f 997/64/2032 1065/71/2038 1062/70/2037
f 996/181/1975 1062/181/2037 1185/178/2158
f 1068/72/2039 1000/62/2030 998/63/2031
f 999/61/2029 1069/74/2041 1065/71/2038
f 1072/77/2044 1002/60/2028 1000/62/2030
f 1001/59/2027 1073/78/2045 1069/74/2041
f 1076/81/2048 1004/58/2026 1002/60/2028
f 1003/57/2025 1077/82/2049 1073/78/2045
f 1080/88/2056 1006/56/2024 1004/58/2026
f 1005/55/2023 1081/55/2054 1077/82/2049
f 1084/92/2060 1008/54/2022 1006/56/2024
f 1007/53/2021 1085/90/2058 1081/55/2054
f 1088/96/2064 1010/52/2020 1008/54/2022
f 1009/51/2019 1089/94/2062 1085/90/2058
f 1092/95/2063 1012/50/2018 1010/52/2020
f 1011/49/2018 1093/97/2065 1089/94/2062
f 1096/104/2072 1014/48/2017 1012/50/2018
f 1013/47/2016 1097/102/2070 1093/97/2065
f 1100/103/2071 1016/45/2014 1014/48/2017
f 1015/46/2015 1101/46/2073 1097/102/2070
f 1104/107/2076 1018/44/2013 1016/45/2014
f 1017/43/2012 1105/108/2077 1101/46/2073
f 1108/111/2080 1020/42/2011 1018/44/2013
f 1019/41/2010 1109/112/2081 1105/108/2077
f 1112/119/2088 1022/40/2009 1020/42/2011
f 1021/39/2008 1113/117/2086 1109/112/2081
f 1116/123/2092 1024/38/2007 1022/40/2009
f 1023/37/2007 1117/121/2090 1113/117/2086
f 1120/127/2096 1026/35/2005 1024/38/2007
f 1025/36/2006 1121/125/2094 1117/121/2090
f 1124/126/2095 1028/34/2004 1026/35/2005
f 1027/33/2004 1125/128/2097 1121/125/2094
f 1128/135/2104 1030/32/2003 1028/34/2004
f 1029/31/2002 1129/133/2102 1125/128/2097
f 1132/134/2103 1032/29/2000 1030/32/2003
f 1031/30/2001 1133/136/2105 1129/133/2102
f 1136/28/2108 1034/28/1999 1032/29/2000
f 1033/27/1998 1137/139/2109 1133/136/2105
f 1136/28/2108 1140/26/2112 1036/26/1997
f 1035/25/1996 1141/142/2113 1137/139/2109
f 1140/26/2112 1144/23/2120 1038/23/1994
f 1037/24/1995 1145/147/2118 1141/142/2113
f 1144/23/2120 1148/22/2124 1040/22/1993
f 1039/21/1992 1149/150/2122 1145/147/2118
f 1148/22/2124 1152/20/2128 1042/20/1991
f 1041/19/1990 1153/153/2126 1149/150/2122
f 1152/20/2128 1156/18/2127 1044/18/1989
f 1043/17/1989 1157/154/2129 1153/153/2126
f 1156/18/2127 1160/16/2136 1046/16/1988
f 1045/15/1987 1161/159/2134 1157/154/2129
f 1160/16/2136 1164/14/2135 1048/14/1986
f 1047/13/1985 1165/160/2137 1161/159/2134
f 1164/14/2135 1168/12/2140 1050/12/1984
f 1049/11/1983 1169/163/2141 1165/160/2137
f 1168/12/2140 1172/10/2144 1052/10/1982
f 1051/9/1981 1173/166/2145 1169/163/2141
f 1172/10/2144 1176/8/2152 1054/8/1980
f 1053/7/1979 1177/171/2150 1173/166/2145
f 1176/8/2152 1180/176/2156 1056/6/1978
f 1053/7/1979 1055/5/1977 1181/174/2154
f 1184/180/2159 1058/4/1976 1056/6/1978
f 1057/3/1976 1185/178/2158 1181/174/2154
o handlebar
v -0.010093 0.000000 0.033614
v 0.000000 0.123648 0.030565
v 0.005142 0.000000 0.024502
v 0.013621 0.123648 0.027856
v 0.008414 0.000000 0.009362
v 0.025169 0.123648 0.020140
v 0.013586 0.000000 -0.009500
v 0.032885 0.123648 0.008592
v 0.016961 0.000000 -0.029213
v 0.035594 0.123648 -0.005029
v 0.018023 0.000000 -0.046775
v 0.032885 0.123648 -0.018651
v 0.016612 0.000000 -0.053941
v 0.025169 0.123648 -0.030198
v 0.012942 0.000000 -0.059916
v 0.013621 0.123648 -0.037914
v 0.007573 0.000000 -0.058217
v 0.000000 0.123648 -0.040624
v -0.001384 0.000000 -0.054677
v -0.013621 0.123648 -0.037914
v -0.018650 0.000000 -0.039537
v -0.025169 0.123648 -0.030198
v -0.023366 0.000000 -0.020675
v -0.032885 0.123648 -0.018651
v -0.026442 0.000000 -0.000962
v -0.035594 0.123648 -0.005029
v -0.027411 0.000000 0.016600
v -0.032885 0.123648 0.008592
v -0.026125 0.000000 0.029338
v -0.025169 0.123648 0.020140
v -0.022779 0.000000 0.035313
v -0.013621 0.123648 0.027856
v 0.000000 0.178788 0.019953
v 0.010497 0.178247 0.017937
v 0.019395 0.176705 0.012194
v 0.025341 0.174398 0.003600
v 0.027429 0.171677 -0.006538
v 0.025341 0.168956 -0.016676
v 0.019395 0.166649 -0.025270
v 0.010497 0.165107 -0.031013
v 0.000000 0.164566 -0.033029
v -0.010497 0.165107 -0.031013
v -0.019395 0.166649 -0.025270
v -0.025341 0.168956 -0.016676
v -0.027429 0.171677 -0.006538
v -0.025341 0.174398 0.003600
v -0.019395 0.176705 0.012194
v -0.010497 0.178247 0.017937
v 0.000000 0.225738 0.034734
v 0.016345 0.224755 0.031635
v 0.030201 0.221957 0.022809
v 0.039460 0.217771 0.009600
v 0.042711 0.212832 -0.005981
v 0.039460 0.207893 -0.021562
v 0.030201 0.203706 -0.034771
v 0.016345 0.200909 -0.043596
v 0.000000 0.199926 -0.046696
v -0.016345 0.200909 -0.043596
v -0.030201 0.203706 -0.034771
v -0.039460 0.207893 -0.021562
v -0.042711 0.212832 -0.005981
v -0.039460 0.217771 0.009600
v -0.030201 0.221957 0.022809
v -0.016345 0.224755 0.031635
v 0.000000 0.264900 0.008144
v 0.011500 0.263908 0.006082
v 0.021250 0.261085 0.000211
v 0.027764 0.256860 -0.008575
v 0.030052 0.251877 -0.018940
v 0.027764 0.246893 -0.029304
v 0.021250 0.242668 -0.038091
v 0.011500 0.239845 -0.043962
v 0.000000 0.238854 -0.046023
v -0.011500 0.239845 -0.043962
v -0.021250 0.242668 -0.038091
v -0.027764 0.246893 -0.029304
v -0.030052 0.251877 -0.018940
v -0.027764 0.256860 -0.008575
v -0.021250 0.261085 0.000211
v -0.011500 0.263908 0.006082
v 0.000000 0.271206 -0.006187
v 0.007604 0.270550 -0.007550
v 0.014050 0.268684 -0.011432
v 0.018357 0.265890 -0.017241
v 0.019869 0.262595 -0.024094
v 0.018357 0.259300 -0.030946
v 0.014050 0.256507 -0.036756
v 0.007604 0.254641 -0.040637
v 0.000000 0.253985 -0.042001
v -0.007604 0.254641 -0.040637
v -0.014050 0.256507 -0.036756
v -0.018357 0.259300 -0.030946
v -0.019869 0.262595 -0.024094
v -0.018357 0.265890 -0.017241
v -0.014050 0.268684 -0.011432
v -0.007604 0.270550 -0.007550
v 0.000000 0.392492 -0.071925
v 0.007604 0.391836 -0.073288
v 0.014050 0.389970 -0.077170
v 0.018357 0.387176 -0.082979
v 0.019869 0.383881 -0.089832
v 0.018357 0.380586 -0.096685
v 0.014050 0.377793 -0.102494
v 0.007604 0.375927 -0.106376
v 0.000000 0.375271 -0.107739
v -0.007604 0.375927 -0.106376
v -0.014050 0.377793 -0.102494
v -0.018357 0.380586 -0.096685
v -0.019869 0.383881 -0.089832
v -0.018357 0.387176 -0.082979
v -0.014050 0.389970 -0.077170
v -0.007604 0.391836 -0.073288
v 0.279666 0.000000 0.178111
v -0.009745 0.000000 0.019899
v 0.279916 0.005291 0.177654
v -0.009495 0.005291 0.019442
v 0.280656 0.010379 0.176300
v -0.008754 0.010379 0.018088
v 0.281858 0.015068 0.174100
v -0.007552 0.015068 0.015889
v 0.283476 0.019178 0.171141
v -0.005934 0.019179 0.012929
v 0.285448 0.022552 0.167534
v -0.003963 0.022552 0.009323
v 0.287697 0.025058 0.163420
v -0.001713 0.025058 0.005208
v 0.290138 0.026601 0.158956
v 0.000727 0.026601 0.000744
v 0.292676 0.027122 0.154313
v 0.003265 0.027123 -0.003899
v 0.295214 0.026601 0.149670
v 0.005803 0.026601 -0.008542
v 0.297655 0.025058 0.145205
v 0.008244 0.025058 -0.013006
v 0.299904 0.022552 0.141091
v 0.010493 0.022552 -0.017121
v 0.301875 0.019178 0.137484
v 0.012465 0.019179 -0.020727
v 0.303493 0.015068 0.134525
v 0.014083 0.015068 -0.023687
v 0.304695 0.010379 0.132326
v 0.015285 0.010379 -0.025886
v 0.305436 0.005291 0.130971
v 0.016025 0.005291 -0.027240
v 0.305686 0.000000 0.130514
v 0.016275 0.000000 -0.027698
v 0.305436 -0.005291 0.130971
v 0.016025 -0.005291 -0.027240
v 0.304695 -0.010379 0.132326
v 0.015285 -0.010379 -0.025886
v 0.303493 -0.015068 0.134525
v 0.014083 -0.015068 -0.023687
v 0.301875 -0.019179 0.137484
v 0.012465 -0.019179 -0.020727
v 0.299904 -0.022552 0.141091
v 0.010493 -0.022552 -0.017121
v 0.297655 -0.025058 0.145205
v 0.008244 -0.025058 -0.013006
v 0.295214 -0.026601 0.149670
v 0.005803 -0.026601 -0.008542
v 0.292676 -0.027123 0.154313
v 0.003265 -0.027123 -0.003899
v 0.290138 -0.026601 0.158956
v 0.000727 -0.026601 0.000744
v 0.287697 -0.025058 0.163420
v -0.001713 -0.025058 0.005208
v 0.285448 -0.022552 0.167534
v -0.003963 -0.022552 0.009323
v 0.283476 -0.019179 0.171141
v -0.005934 -0.019179 0.012929
v 0.281858 -0.015068 0.174100
v -0.007552 -0.015068 0.015889
v 0.280656 -0.010379 0.176300
v -0.008754 -0.010379 0.018088
v 0.279916 -0.005291 0.177654
v -0.009495 -0.005291 0.019442
v 0.000000 -0.123648 0.030565
v 0.013621 -0.123648 0.027856
v 0.025169 -0.123648 0.020140
v 0.032885 -0.123648 0.008592
v 0.035594 -0.123648 -0.005029
v 0.032885 -0.123648 -0.018651
v 0.025169 -0.123648 -0.030198
v 0.013621 -0.123648 -0.037914
v 0.000000 -0.123648 -0.040624
v -0.013621 -0.123648 -0.037914
v -0.025169 -0.123648 -0.030198
v -0.032885 -0.123648 -0.018651
v -0.035594 -0.123648 -0.005029
v -0.032885 -0.123648 0.008592
v -0.025169 -0.123648 0.020140
v -0.013621 -0.123648 0.027856
v 0.000000 -0.178788 0.019953
v 0.010497 -0.178247 0.017937
v 0.019395 -0.176705 0.012194
v 0.025341 -0.174398 0.003600
v 0.027429 -0.171677 -0.006538
v 0.025341 -0.168956 -0.016676
v 0.019395 -0.166649 -0.025270
v 0.010497 -0.165107 -0.031013
v 0.000000 -0.164566 -0.033029
v -0.010497 -0.165107 -0.031013
v -0.019395 -0.166649 -0.025270
v -0.025341 -0.168956 -0.016676
v -0.027429 -0.171677 -0.006538
v -0.025341 -0.174398 0.003600
v -0.019395 -0.176705 0.012194
v -0.010497 -0.178247 0.017937
v 0.000000 -0.225738 0.034734
v 0.016345 -0.224755 0.031635
v 0.030201 -0.221957 0.022809
v 0.039460 -0.217771 0.009600
v 0.042711 -0.212832 -0.005981
v 0.039460 -0.207893 -0.021562
v 0.030201 -0.203706 -0.034771
v 0.016345 -0.200909 -0.043596
v 0.000000 -0.199926 -0.046696
v -0.016345 -0.200909 -0.043596
v -0.030201 -0.203706 -0.034771
v -0.039460 -0.207893 -0.021562
v -0.042711 -0.212832 -0.005981
v -0.039460 -0.217771 0.009600
v -0.030201 -0.221957 0.022809
v -0.016345 -0.224755 0.031635
v 0.000000 -0.264900 0.008144
v 0.011500 -0.263908 0.006082
v 0.021250 -0.261085 0.000211
v 0.027764 -0.256860 -0.008575
v 0.030052 -0.251877 -0.018940
v 0.027764 -0.246893 -0.029304
v 0.021250 -0.242668 -0.038091
v 0.011500 -0.239845 -0.043962
v 0.000000 -0.238854 -0.046023
v -0.011500 -0.239845 -0.043962
v -0.021250 -0.242668 -0.038091
v -0.027764 -0.246893 -0.029304
v -0.030052 -0.251877 -0.018940
v -0.027764 -0.256860 -0.008575
v -0.021250 -0.261085 0.000211
v -0.011500 -0.263908 0.006082
v 0.000000 -0.271206 -0.006187
v 0.007604 -0.270550 -0.007550
v 0.014050 -0.268684 -0.011432
v 0.018357 -0.265890 -0.017241
v 0.019869 -0.262595 -0.024094
v 0.018357 -0.259300 -0.030946
v 0.014050 -0.256507 -0.036756
v 0.007604 -0.254641 -0.040637
v 0.000000 -0.253985 -0.042001
v -0.007604 -0.254641 -0.040637
v -0.014050 -0.256507 -0.036756
v -0.018357 -0.259300 -0.030946
v -0.019869 -0.262595 -0.024094
v -0.018357 -0.265890 -0.017241
v -0.014050 -0.268684 -0.011432
v -0.007604 -0.270550 -0.007550
v 0.000000 -0.392492 -0.071925
v 0.007604 -0.391836 -0.073288
v 0.014050 -0.389970 -0.077170
v 0.018357 -0.387176 -0.082979
v 0.019869 -0.383881 -0.089832
v 0.018357 -0.380586 -0.096685
v 0.014050 -0.377793 -0.102494
v 0.007604 -0.375927 -0.106376
v 0.000000 -0.375271 -0.107739
v -0.007604 -0.375927 -0.106376
v -0.014050 -0.377793 -0.102494
v -0.018357 -0.380586 -0.096685
v -0.019869 -0.383881 -0.089832
v -0.018357 -0.387176 -0.082979
v -0.014050 -0.389970 -0.077170
v -0.007604 -0.391836 -0.073288
v 0.279916 -0.005291 0.177654
v -0.009495 -0.005291 0.019442
v 0.280656 -0.010379 0.176300
v -0.008754 -0.010379 0.018088
v 0.281858 -0.015068 0.174100
v -0.007552 -0.015068 0.015889
v 0.283476 -0.019178 0.171141
v -0.005934 -0.019179 0.012929
v 0.285448 -0.022552 0.167534
v -0.003963 -0.022552 0.009323
v 0.287697 -0.025058 0.163420
v -0.001713 -0.025058 0.005208
v 0.290138 -0.026601 0.158956
v 0.000727 -0.026601 0.000744
v 0.292676 -0.027122 0.154313
v 0.003265 -0.027123 -0.003899
v 0.295214 -0.026601 0.149670
v 0.005803 -0.026601 -0.008542
v 0.297655 -0.025058 0.145205
v 0.008244 -0.025058 -0.013006
v 0.299904 -0.022552 0.141091
v 0.010493 -0.022552 -0.017121
v 0.301875 -0.019178 0.137484
v 0.012465 -0.019179 -0.020727
v 0.303493 -0.015068 0.134525
v 0.014083 -0.015068 -0.023687
v 0.304695 -0.010379 0.132326
v 0.015285 -0.010379 -0.025886
v 0.305436 -0.005291 0.130971
v 0.016025 -0.005291 -0.027240
v 0.305436 0.005291 0.130971
v 0.016025 0.005291 -0.027240
v 0.304695 0.010379 0.132326
v 0.015285 0.010379 -0.025886
v 0.303493 0.015068 0.134525
v 0.014083 0.015068 -0.023687
v 0.301875 0.019179 0.137484
v 0.012465 0.019179 -0.020727
v 0.299904 0.022552 0.141091
v 0.010493 0.022552 -0.017121
v 0.297655 0.025058 0.145205
v 0.008244 0.025058 -0.013006
v 0.295214 0.026601 0.149670
v 0.005803 0.026601 -0.008542
v 0.292676 0.027123 0.154313
v 0.003265 0.027123 -0.003899
v 0.290138 0.026601 0.158956
v 0.000727 0.026601 0.000744
v 0.287697 0.025058 0.163420
v -0.001713 0.025058 0.005208
v 0.285448 0.022552 0.167534
v -0.003963 0.022552 0.009323
v 0.283476 0.019179 0.171141
v -0.005934 0.019179 0.012929
v 0.281858 0.015068 0.174100
v -0.007552 0.015068 0.015889
v 0.280656 0.010379 0.176300
v -0.008754 0.010379 0.018088
v 0.279916 0.005291 0.177654
v -0.009495 0.005291 0.019442
vn 0.3086 -0.0000 0.9512
vn 0.0129 0.0935 0.9955
vn 0.8026 -0.0000 0.5965
vn 0.3973 0.0454 0.9166
vn 0.9620 -0.0000 0.2731
vn 0.7078 0.0130 0.7063
vn 0.9767 -0.0000 0.2145
vn 0.9247 0.0014 0.3806
vn 0.9950 -0.0000 0.0999
vn 0.9999 0.0105 0.0111
vn 0.9951 -0.0000 -0.0990
vn 0.9300 0.0590 -0.3628
vn 0.9172 -0.0000 -0.3983
vn 0.7120 0.1224 -0.6914
vn 0.3269 -0.0000 -0.9450
vn 0.3822 0.1590 -0.9103
vn -0.3166 -0.0000 -0.9486
vn -0.0062 0.1575 -0.9875
vn -0.5016 -0.0000 -0.8651
vn -0.3914 0.1257 -0.9116
vn -0.8419 -0.0000 -0.5396
vn -0.7142 0.0819 -0.6951
vn -0.9774 -0.0000 -0.2113
vn -0.9239 0.0521 -0.3791
vn -0.9953 -0.0000 -0.0966
vn -0.9988 0.0488 -0.0018
vn -0.9991 -0.0000 0.0428
vn -0.9253 0.0698 0.3728
vn -0.9459 -0.0000 0.3244
vn -0.7100 0.1067 0.6961
vn -0.4591 -0.0000 0.8884
vn -0.3754 0.1204 0.9190
vn -0.0000 -0.0681 0.9977
vn 0.3633 -0.0717 0.9289
vn 0.6809 -0.0810 0.7278
vn 0.9056 -0.0922 0.4139
vn 0.9945 -0.1008 0.0276
vn 0.9241 -0.1032 -0.3680
vn 0.7050 -0.0992 -0.7022
vn 0.3793 -0.0923 -0.9207
vn -0.0000 -0.0887 -0.9961
vn -0.3793 -0.0923 -0.9207
vn -0.7050 -0.0992 -0.7022
vn -0.9241 -0.1032 -0.3680
vn -0.9945 -0.1008 0.0276
vn -0.9056 -0.0922 0.4139
vn -0.6809 -0.0810 0.7278
vn -0.3633 -0.0717 0.9289
vn -0.0000 0.1538 0.9881
vn 0.3743 0.1390 0.9168
vn 0.6952 0.0972 0.7122
vn 0.9154 0.0367 0.4009
vn 0.9992 -0.0305 0.0258
vn 0.9296 -0.0920 -0.3569
vn 0.7144 -0.1391 -0.6858
vn 0.3873 -0.1680 -0.9065
vn -0.0000 -0.1777 -0.9841
vn -0.3873 -0.1680 -0.9065
vn -0.7144 -0.1391 -0.6858
vn -0.9296 -0.0920 -0.3569
vn -0.9992 -0.0305 0.0258
vn -0.9154 0.0367 0.4009
vn -0.6952 0.0972 0.7122
vn -0.3743 0.1390 0.9168
vn -0.0000 0.7596 0.6504
vn 0.3462 0.7334 0.5851
vn 0.6364 0.6596 0.3999
vn 0.8248 0.5514 0.1254
vn 0.8831 0.4274 -0.1935
vn 0.8059 0.3080 -0.5057
vn 0.6095 0.2110 -0.7642
vn 0.3272 0.1492 -0.9331
vn -0.0000 0.1283 -0.9917
vn -0.3272 0.1492 -0.9331
vn -0.6095 0.2110 -0.7642
vn -0.8059 0.3080 -0.5057
vn -0.8831 0.4274 -0.1935
vn -0.8248 0.5514 0.1254
vn -0.6364 0.6596 0.3999
vn -0.3462 0.7334 0.5851
vn -0.0000 0.7461 0.6658
vn 0.3526 0.7146 0.6042
vn 0.6533 0.6246 0.4279
vn 0.8571 0.4888 0.1623
vn 0.9323 0.3273 -0.1540
vn 0.8655 0.1641 -0.4733
vn 0.6651 0.0246 -0.7463
vn 0.3609 -0.0693 -0.9300
vn -0.0000 -0.1024 -0.9947
vn -0.3609 -0.0693 -0.9300
vn -0.6651 0.0246 -0.7463
vn -0.8655 0.1641 -0.4733
vn -0.9323 0.3273 -0.1540
vn -0.8571 0.4889 0.1623
vn -0.6533 0.6246 0.4279
vn -0.3526 0.7146 0.6042
vn -0.0000 0.9323 0.3617
vn 0.2814 0.9072 0.3127
vn 0.5218 0.8355 0.1724
vn 0.6854 0.7271 -0.0396
vn 0.7463 0.5979 -0.2925
vn 0.6935 0.4672 -0.5484
vn 0.5333 0.3553 -0.7677
vn 0.2895 0.2801 -0.9153
vn -0.0000 0.2535 -0.9673
vn -0.2895 0.2801 -0.9153
vn -0.5333 0.3553 -0.7677
vn -0.6935 0.4672 -0.5484
vn -0.7463 0.5979 -0.2925
vn -0.6854 0.7271 -0.0396
vn -0.5218 0.8355 0.1724
vn -0.2814 0.9072 0.3126
vn 0.2525 -0.0000 0.9676
vn -0.9508 -0.0000 0.3098
vn 0.2592 0.1420 0.9553
vn -0.9441 0.1420 0.2975
vn 0.2791 0.2785 0.9190
vn -0.9242 0.2786 0.2612
vn 0.3114 0.4044 0.8600
vn -0.8920 0.4044 0.2021
vn 0.3548 0.5147 0.7805
vn -0.8485 0.5147 0.1227
vn 0.4077 0.6052 0.6837
vn -0.7956 0.6052 0.0259
vn 0.4681 0.6725 0.5733
vn -0.7353 0.6725 -0.0845
vn 0.5335 0.7139 0.4535
vn -0.6698 0.7139 -0.2043
vn 0.6017 0.7279 0.3289
vn -0.6016 0.7279 -0.3289
vn 0.6698 0.7139 0.2043
vn -0.5335 0.7139 -0.4535
vn 0.7353 0.6725 0.0845
vn -0.4680 0.6725 -0.5733
vn 0.7956 0.6052 -0.0259
vn -0.4077 0.6052 -0.6837
vn 0.8485 0.5147 -0.1227
vn -0.3547 0.5147 -0.7805
vn 0.8920 0.4044 -0.2022
vn -0.3114 0.4044 -0.8600
vn 0.9242 0.2785 -0.2612
vn -0.2791 0.2786 -0.9190
vn 0.9441 0.1420 -0.2975
vn -0.2592 0.1420 -0.9553
vn 0.9508 -0.0000 -0.3098
vn -0.2525 -0.0000 -0.9676
vn 0.9441 -0.1420 -0.2975
vn -0.2592 -0.1420 -0.9553
vn 0.9242 -0.2786 -0.2612
vn -0.2791 -0.2786 -0.9190
vn 0.8920 -0.4044 -0.2021
vn -0.3114 -0.4044 -0.8600
vn 0.8486 -0.5147 -0.1227
vn -0.3547 -0.5147 -0.7805
vn 0.7956 -0.6052 -0.0259
vn -0.4077 -0.6052 -0.6837
vn 0.7353 -0.6725 0.0845
vn -0.4680 -0.6725 -0.5733
vn 0.6698 -0.7139 0.2043
vn -0.5335 -0.7139 -0.4535
vn 0.6017 -0.7279 0.3289
vn -0.6016 -0.7279 -0.3289
vn 0.5335 -0.7139 0.4535
vn -0.6698 -0.7139 -0.2043
vn 0.4681 -0.6725 0.5733
vn -0.7353 -0.6725 -0.0845
vn 0.4077 -0.6052 0.6837
vn -0.7956 -0.6052 0.0259
vn 0.3548 -0.5147 0.7805
vn -0.8485 -0.5147 0.1227
vn 0.3113 -0.4044 0.8600
vn -0.8920 -0.4044 0.2021
vn 0.2791 -0.2785 0.9190
vn -0.9242 -0.2786 0.2612
vn 0.2592 -0.1420 0.9553
vn -0.9441 -0.1420 0.2975
vn 0.0129 -0.0935 0.9955
vn 0.3973 -0.0454 0.9166
vn 0.7078 -0.0130 0.7063
vn 0.9247 -0.0014 0.3806
vn 0.9999 -0.0105 0.0111
vn 0.9300 -0.0590 -0.3628
vn 0.7120 -0.1224 -0.6914
vn 0.3822 -0.1590 -0.9103
vn -0.0062 -0.1575 -0.9875
vn -0.3914 -0.1257 -0.9116
vn -0.7142 -0.0819 -0.6951
vn -0.9239 -0.0521 -0.3791
vn -0.9988 -0.0488 -0.0018
vn -0.9253 -0.0698 0.3728
vn -0.7100 -0.1067 0.6961
vn -0.3754 -0.1204 0.9190
vn -0.0000 0.0681 0.9977
vn 0.3633 0.0717 0.9289
vn 0.6809 0.0810 0.7278
vn 0.9056 0.0922 0.4139
vn 0.9945 0.1008 0.0276
vn 0.9241 0.1032 -0.3680
vn 0.7050 0.0992 -0.7022
vn 0.3793 0.0923 -0.9207
vn -0.0000 0.0887 -0.9961
vn -0.3793 0.0923 -0.9207
vn -0.7050 0.0992 -0.7022
vn -0.9241 0.1032 -0.3680
vn -0.9945 0.1008 0.0276
vn -0.9056 0.0922 0.4139
vn -0.6809 0.0810 0.7278
vn -0.3633 0.0717 0.9289
vn -0.0000 -0.1538 0.9881
vn 0.3743 -0.1390 0.9168
vn 0.6952 -0.0972 0.7122
vn 0.9154 -0.0367 0.4009
vn 0.9992 0.0305 0.0258
vn 0.9296 0.0920 -0.3569
vn 0.7144 0.1391 -0.6858
vn 0.3873 0.1680 -0.9065
vn -0.0000 0.1777 -0.9841
vn -0.3873 0.1680 -0.9065
vn -0.7144 0.1391 -0.6858
vn -0.9296 0.0920 -0.3569
vn -0.9992 0.0305 0.0258
vn -0.9154 -0.0367 0.4009
vn -0.6952 -0.0972 0.7122
vn -0.3743 -0.1390 0.9168
vn -0.0000 -0.7596 0.6504
vn 0.3462 -0.7334 0.5851
vn 0.6364 -0.6596 0.3999
vn 0.8248 -0.5514 0.1254
vn 0.8831 -0.4274 -0.1935
vn 0.8059 -0.3080 -0.5057
vn 0.6095 -0.2110 -0.7642
vn 0.3272 -0.1492 -0.9331
vn -0.0000 -0.1283 -0.9917
vn -0.3272 -0.1492 -0.9331
vn -0.6095 -0.2110 -0.7642
vn -0.8059 -0.3080 -0.5057
vn -0.8831 -0.4274 -0.1935
vn -0.8248 -0.5514 0.1254
vn -0.6364 -0.6596 0.3999
vn -0.3462 -0.7334 0.5851
vn -0.0000 -0.7461 0.6658
vn 0.3526 -0.7146 0.6042
vn 0.6533 -0.6246 0.4279
vn 0.8571 -0.4889 0.1623
vn 0.9323 -0.3273 -0.1540
vn 0.8655 -0.1641 -0.4733
vn 0.6651 -0.0246 -0.7463
vn 0.3609 0.0693 -0.9300
vn -0.0000 0.1024 -0.9947
vn -0.3609 0.0693 -0.9300
vn -0.6651 -0.0246 -0.7463
vn -0.8655 -0.1641 -0.4733
vn -0.9323 -0.3273 -0.1540
vn -0.8571 -0.4889 0.1623
vn -0.6533 -0.6246 0.4279
vn -0.3526 -0.7146 0.6042
vn -0.0000 -0.9323 0.3617
vn 0.2814 -0.9072 0.3127
vn 0.5218 -0.8355 0.1724
vn 0.6854 -0.7271 -0.0396
vn 0.7463 -0.5979 -0.2925
vn 0.6935 -0.4672 -0.5484
vn 0.5333 -0.3553 -0.7677
vn 0.2895 -0.2801 -0.9153
vn -0.0000 -0.2535 -0.9673
vn -0.2895 -0.2801 -0.9153
vn -0.5333 -0.3553 -0.7677
vn -0.6935 -0.4672 -0.5484
vn -0.7463 -0.5979 -0.2925
vn -0.6854 -0.7271 -0.0396
vn -0.5218 -0.8355 0.1724
vn -0.2814 -0.9072 0.3127
vn -0.6017 -0.7279 -0.3289
vn 0.8485 -0.5147 -0.1227
vn -0.3548 -0.5147 -0.7805
vn 0.9242 -0.2785 -0.2612
vn 0.9242 0.2786 -0.2612
vn 0.8486 0.5147 -0.1227
vn -0.3548 0.5147 -0.7805
vn -0.6017 0.7279 -0.3289
vn 0.3114 0.4044 0.8599
vt 0.937500 0.500000
vt 1.000000 1.000000
vt 1.000000 0.500000
vt 0.875000 0.500000
vt 0.937500 1.000000
vt 0.812500 1.000000
vt 0.875000 1.000000
vt 0.812500 0.500000
vt 0.750000 1.000000
vt 0.750000 0.500000
vt 0.687500 1.000000
vt 0.687500 0.500000
vt 0.625000 1.000000
vt 0.625000 0.500000
vt 0.562500 1.000000
vt 0.500000 0.500000
vt 0.562500 0.500000
vt 0.437500 0.500000
vt 0.500000 1.000000
vt 0.375000 0.500000
vt 0.437500 1.000000
vt 0.312500 0.500000
vt 0.375000 1.000000
vt 0.250000 0.500000
vt 0.312500 1.000000
vt 0.187500 1.000000
vt 0.250000 1.000000
vt 0.187500 0.500000
vt 0.125000 1.000000
vt 0.125000 0.500000
vt 0.062500 1.000000
vt 0.000000 0.500000
vt 0.062500 0.500000
vt 0.000000 1.000000
vt 0.250000 0.010000
vt 0.010000 0.250000
vt 0.250000 0.490000
vt 0.968750 0.500000
vt 0.968750 1.000000
vt 0.906250 0.500000
vt 0.906250 1.000000
vt 0.843750 1.000000
vt 0.843750 0.500000
vt 0.781250 0.500000
vt 0.781250 1.000000
vt 0.718750 1.000000
vt 0.718750 0.500000
vt 0.656250 0.500000
vt 0.656250 1.000000
vt 0.593750 0.500000
vt 0.593750 1.000000
vt 0.531250 0.500000
vt 0.531250 1.000000
vt 0.468750 1.000000
vt 0.468750 0.500000
vt 0.406250 0.500000
vt 0.406250 1.000000
vt 0.343750 0.500000
vt 0.343750 1.000000
vt 0.281250 0.500000
vt 0.281250 1.000000
vt 0.218750 0.500000
vt 0.218750 1.000000
vt 0.156250 0.500000
vt 0.156250 1.000000
vt 0.093750 0.500000
vt 0.093750 1.000000
vt 0.031250 0.500000
vt 0.031250 1.000000
vt 0.703178 0.014612
vt 0.985388 0.203178
vt 0.796822 0.485388
vt 0.080294 0.080294
vt 0.419706 0.080294
vt 0.419706 0.419706
vt 0.158156 0.028269
vt 0.471731 0.158156
vt 0.341844 0.471731
vt 0.796822 0.014612
vt 0.514612 0.203178
vt 0.703178 0.485388
vt 0.471731 0.341844
vt 0.490000 0.250000
vt 0.341844 0.028269
vt 0.028269 0.158156
vt 0.028269 0.341844
vt 0.080294 0.419706
vt 0.158156 0.471731
vt 0.296822 0.485388
vt 0.383337 0.449553
vt 0.449553 0.383337
vt 0.485388 0.296822
vt 0.485388 0.203178
vt 0.449553 0.116663
vt 0.383337 0.050447
vt 0.296822 0.014612
vt 0.203178 0.014612
vt 0.116663 0.050447
vt 0.050447 0.116663
vt 0.014612 0.203178
vt 0.014612 0.296822
vt 0.050447 0.383337
vt 0.116663 0.449553
vt 0.203178 0.485388
vt 0.750000 0.490000
vt 0.658156 0.471731
vt 0.616663 0.449553
vt 0.580294 0.419706
vt 0.550447 0.383337
vt 0.528269 0.341844
vt 0.514612 0.296822
vt 0.510000 0.250000
vt 0.528269 0.158156
vt 0.550447 0.116663
vt 0.580294 0.080294
vt 0.616663 0.050447
vt 0.658156 0.028269
vt 0.750000 0.010000
vt 0.841844 0.028269
vt 0.883337 0.050447
vt 0.919706 0.080294
vt 0.949553 0.116663
vt 0.971731 0.158156
vt 0.990000 0.250000
vt 0.985388 0.296822
vt 0.971731 0.341844
vt 0.949553 0.383337
vt 0.919706 0.419706
vt 0.883337 0.449553
vt 0.841844 0.471731
s 1
usemtl metal
f 1189/249/2165 1188/250/2164 1187/251/2163
f 1191/252/2167 1190/253/2166 1189/249/2165
f 1191/252/2167 1194/254/2170 1192/255/2168
f 1193/256/2169 1196/257/2172 1194/254/2170
f 1195/258/2171 1198/259/2174 1196/257/2172
f 1197/260/2173 1200/261/2176 1198/259/2174
f 1199/262/2175 1202/263/2178 1200/261/2176
f 1203/264/2179 1202/263/2178 1201/265/2177
f 1205/266/2181 1204/267/2180 1203/264/2179
f 1207/268/2183 1206/269/2182 1205/266/2181
f 1209/270/2185 1208/271/2184 1207/268/2183
f 1211/272/2187 1210/273/2186 1209/270/2185
f 1211/272/2187 1214/274/2190 1212/275/2188
f 1213/276/2189 1216/277/2192 1214/274/2190
f 1225/261/2201 1198/259/2174 1200/261/2176
f 1215/278/2191 1218/279/2194 1216/277/2192
f 1187/280/2163 1218/279/2194 1217/281/2193
f 1242/263/2218 1225/261/2201 1226/263/2202
f 1210/273/2186 1229/271/2205 1208/271/2184
f 1188/282/2164 1234/279/2210 1218/279/2194
f 1223/257/2199 1194/254/2170 1196/257/2172
f 1206/269/2182 1227/267/2203 1204/267/2180
f 1216/277/2192 1232/274/2208 1214/274/2190
f 1221/255/2197 1190/253/2166 1192/255/2168
f 1226/263/2202 1200/261/2176 1202/263/2178
f 1212/275/2188 1230/273/2206 1210/273/2186
f 1224/259/2200 1196/257/2172 1198/259/2174
f 1208/271/2184 1228/269/2204 1206/269/2182
f 1218/279/2194 1233/277/2209 1216/277/2192
f 1222/254/2198 1192/255/2168 1194/254/2170
f 1227/267/2203 1202/263/2178 1204/267/2180
f 1220/253/2196 1188/250/2164 1190/253/2166
f 1214/274/2190 1231/275/2207 1212/275/2188
f 1247/275/2223 1262/273/2238 1246/273/2222
f 1234/279/2210 1249/277/2225 1233/277/2209
f 1243/267/2219 1226/263/2202 1227/267/2203
f 1236/253/2212 1219/250/2195 1220/253/2196
f 1219/282/2195 1250/279/2226 1234/279/2210
f 1228/269/2204 1243/267/2219 1227/267/2203
f 1237/255/2213 1220/253/2196 1221/255/2197
f 1229/271/2205 1244/269/2220 1228/269/2204
f 1238/254/2214 1221/255/2197 1222/254/2198
f 1230/273/2206 1245/271/2221 1229/271/2205
f 1239/257/2215 1222/254/2198 1223/257/2199
f 1231/275/2207 1246/273/2222 1230/273/2206
f 1240/259/2216 1223/257/2199 1224/259/2200
f 1232/274/2208 1247/275/2223 1231/275/2207
f 1241/261/2217 1224/259/2200 1225/261/2201
f 1233/277/2209 1248/274/2224 1232/274/2208
f 1269/255/2245 1252/253/2228 1253/255/2229
f 1256/259/2232 1239/257/2215 1240/259/2216
f 1248/274/2224 1263/275/2239 1247/275/2223
f 1257/261/2233 1240/259/2216 1241/261/2217
f 1249/277/2225 1264/274/2240 1248/274/2224
f 1258/263/2234 1241/261/2217 1242/263/2218
f 1250/279/2226 1265/277/2241 1249/277/2225
f 1259/267/2235 1242/263/2218 1243/267/2219
f 1252/253/2228 1235/250/2211 1236/253/2212
f 1235/282/2211 1266/279/2242 1250/279/2226
f 1244/269/2220 1259/267/2235 1243/267/2219
f 1253/255/2229 1236/253/2212 1237/255/2213
f 1245/271/2221 1260/269/2236 1244/269/2220
f 1254/254/2230 1237/255/2213 1238/254/2214
f 1246/273/2222 1261/271/2237 1245/271/2221
f 1255/257/2231 1238/254/2214 1239/257/2215
f 1274/263/2250 1289/261/2265 1273/261/2249
f 1261/271/2237 1276/269/2252 1260/269/2236
f 1254/254/2230 1269/255/2245 1253/255/2229
f 1262/273/2238 1277/271/2253 1261/271/2237
f 1271/257/2247 1254/254/2230 1255/257/2231
f 1263/275/2239 1278/273/2254 1262/273/2238
f 1272/259/2248 1255/257/2231 1256/259/2232
f 1280/274/2256 1263/275/2239 1264/274/2240
f 1273/261/2249 1256/259/2232 1257/261/2233
f 1281/277/2257 1264/274/2240 1265/277/2241
f 1274/263/2250 1257/261/2233 1258/263/2234
f 1266/279/2242 1281/277/2257 1265/277/2241
f 1259/267/2235 1274/263/2250 1258/263/2234
f 1252/253/2228 1267/250/2243 1251/250/2227
f 1267/282/2243 1266/279/2242 1251/282/2227
f 1276/269/2252 1259/267/2235 1260/269/2236
f 1291/283/2267 1295/284/2271 1283/285/2259
f 1298/279/2274 1281/277/2257 1282/279/2258
f 1275/267/2251 1290/263/2266 1274/263/2250
f 1268/253/2244 1283/250/2259 1267/250/2243
f 1283/282/2259 1282/279/2258 1267/282/2243
f 1292/269/2268 1275/267/2251 1276/269/2252
f 1269/255/2245 1284/253/2260 1268/253/2244
f 1293/271/2269 1276/269/2252 1277/271/2253
f 1270/254/2246 1285/255/2261 1269/255/2245
f 1294/273/2270 1277/271/2253 1278/273/2254
f 1271/257/2247 1286/254/2262 1270/254/2246
f 1295/275/2271 1278/273/2254 1279/275/2255
f 1272/259/2248 1287/257/2263 1271/257/2247
f 1296/274/2272 1279/275/2255 1280/274/2256
f 1273/261/2249 1288/259/2264 1272/259/2248
f 1297/277/2273 1280/274/2256 1281/277/2257
f 1301/286/2277 1300/250/2276 1299/251/2275
f 1303/249/2279 1302/287/2278 1301/286/2277
f 1305/288/2281 1304/253/2280 1303/249/2279
f 1307/252/2283 1306/289/2282 1305/288/2281
f 1307/252/2283 1310/290/2286 1308/255/2284
f 1311/256/2287 1310/290/2286 1309/291/2285
f 1313/292/2289 1312/254/2288 1311/256/2287
f 1315/258/2291 1314/293/2290 1313/292/2289
f 1315/258/2291 1318/294/2294 1316/257/2292
f 1319/260/2295 1318/294/2294 1317/295/2293
f 1321/296/2297 1320/259/2296 1319/260/2295
f 1321/296/2297 1324/261/2300 1322/297/2298
f 1325/298/2301 1324/261/2300 1323/262/2299
f 1327/265/2303 1326/299/2302 1325/298/2301
f 1329/300/2305 1328/263/2304 1327/265/2303
f 1329/300/2305 1332/267/2308 1330/301/2306
f 1331/264/2307 1334/302/2310 1332/267/2308
f 1335/266/2311 1334/302/2310 1333/303/2309
f 1337/304/2313 1336/269/2312 1335/266/2311
f 1337/304/2313 1340/271/2316 1338/305/2314
f 1341/306/2317 1340/271/2316 1339/268/2315
f 1343/270/2319 1342/307/2318 1341/306/2317
f 1345/308/2321 1344/273/2320 1343/270/2319
f 1347/272/2323 1346/309/2322 1345/308/2321
f 1349/310/2325 1348/275/2324 1347/272/2323
f 1349/310/2325 1352/274/2328 1350/311/2326
f 1353/312/2329 1352/274/2328 1351/276/2327
f 1355/278/2331 1354/313/2330 1353/312/2329
f 1357/314/2333 1356/277/2332 1355/278/2331
f 1359/281/2335 1358/315/2334 1357/314/2333
f 1332/283/2308 1348/284/2324 1300/285/2276
f 1361/316/2337 1360/279/2336 1359/281/2335
f 1299/280/2275 1362/317/2338 1361/316/2337
f 1333/318/2309 1317/319/2293 1301/320/2277
f 1363/250/2339 1189/249/2165 1187/251/2163
f 1364/253/2340 1191/252/2167 1189/249/2165
f 1191/252/2167 1366/254/2342 1193/256/2169
f 1193/256/2169 1367/257/2343 1195/258/2171
f 1195/258/2171 1368/259/2344 1197/260/2173
f 1197/260/2173 1369/261/2345 1199/262/2175
f 1199/262/2175 1370/263/2346 1201/265/2177
f 1370/263/2346 1203/264/2179 1201/265/2177
f 1371/267/2347 1205/266/2181 1203/264/2179
f 1372/269/2348 1207/268/2183 1205/266/2181
f 1373/271/2349 1209/270/2185 1207/268/2183
f 1374/273/2350 1211/272/2187 1209/270/2185
f 1211/272/2187 1376/274/2352 1213/276/2189
f 1213/276/2189 1377/277/2353 1215/278/2191
f 1368/259/2344 1385/261/2361 1369/261/2345
f 1215/278/2191 1378/279/2354 1217/281/2193
f 1378/279/2354 1187/280/2163 1217/281/2193
f 1385/261/2361 1402/263/2378 1386/263/2362
f 1374/273/2350 1389/271/2365 1390/273/2366
f 1363/282/2339 1394/279/2370 1379/282/2355
f 1366/254/2342 1383/257/2359 1367/257/2343
f 1372/269/2348 1387/267/2363 1388/269/2364
f 1377/277/2353 1392/274/2368 1393/277/2369
f 1364/253/2340 1381/255/2357 1365/255/2341
f 1369/261/2345 1386/263/2362 1370/263/2346
f 1375/275/2351 1390/273/2366 1391/275/2367
f 1367/257/2343 1384/259/2360 1368/259/2344
f 1373/271/2349 1388/269/2364 1389/271/2365
f 1378/279/2354 1393/277/2369 1394/279/2370
f 1365/255/2341 1382/254/2358 1366/254/2342
f 1370/263/2346 1387/267/2363 1371/267/2347
f 1363/250/2339 1380/253/2356 1364/253/2340
f 1376/274/2352 1391/275/2367 1392/274/2368
f 1407/275/2383 1422/273/2398 1423/275/2399
f 1394/279/2370 1409/277/2385 1410/279/2386
f 1386/263/2362 1403/267/2379 1387/267/2363
f 1379/250/2355 1396/253/2372 1380/253/2356
f 1379/282/2355 1410/279/2386 1395/282/2371
f 1388/269/2364 1403/267/2379 1404/269/2380
f 1380/253/2356 1397/255/2373 1381/255/2357
f 1389/271/2365 1404/269/2380 1405/271/2381
f 1381/255/2357 1398/254/2374 1382/254/2358
f 1390/273/2366 1405/271/2381 1406/273/2382
f 1382/254/2358 1399/257/2375 1383/257/2359
f 1391/275/2367 1406/273/2382 1407/275/2383
f 1383/257/2359 1400/259/2376 1384/259/2360
f 1392/274/2368 1407/275/2383 1408/274/2384
f 1384/259/2360 1401/261/2377 1385/261/2361
f 1393/277/2369 1408/274/2384 1409/277/2385
f 1412/253/2388 1429/255/2405 1413/255/2389
f 1399/257/2375 1416/259/2392 1400/259/2376
f 1408/274/2384 1423/275/2399 1424/274/2400
f 1400/259/2376 1417/261/2393 1401/261/2377
f 1409/277/2385 1424/274/2400 1425/277/2401
f 1401/261/2377 1418/263/2394 1402/263/2378
f 1410/279/2386 1425/277/2401 1426/279/2402
f 1402/263/2378 1419/267/2395 1403/267/2379
f 1395/250/2371 1412/253/2388 1396/253/2372
f 1395/282/2371 1426/279/2402 1411/282/2387
f 1404/269/2380 1419/267/2395 1420/269/2396
f 1396/253/2372 1413/255/2389 1397/255/2373
f 1405/271/2381 1420/269/2396 1421/271/2397
f 1397/255/2373 1414/254/2390 1398/254/2374
f 1406/273/2382 1421/271/2397 1422/273/2398
f 1398/254/2374 1415/257/2391 1399/257/2375
f 1434/263/2410 1449/261/2425 1450/263/2426
f 1421/271/2397 1436/269/2412 1437/271/2413
f 1414/254/2390 1429/255/2405 1430/254/2406
f 1422/273/2398 1437/271/2413 1438/273/2414
f 1415/257/2391 1430/254/2406 1431/257/2407
f 1423/275/2399 1438/273/2414 1439/275/2415
f 1415/257/2391 1432/259/2408 1416/259/2392
f 1423/275/2399 1440/274/2416 1424/274/2400
f 1416/259/2392 1433/261/2409 1417/261/2393
f 1424/274/2400 1441/277/2417 1425/277/2401
f 1417/261/2393 1434/263/2410 1418/263/2394
f 1426/279/2402 1441/277/2417 1442/279/2418
f 1419/267/2395 1434/263/2410 1435/267/2411
f 1412/253/2388 1427/250/2403 1428/253/2404
f 1426/279/2402 1427/282/2403 1411/282/2387
f 1419/267/2395 1436/269/2412 1420/269/2396
f 1453/321/2429 1449/322/2425 1445/323/2421
f 1441/277/2417 1458/279/2434 1442/279/2418
f 1435/267/2411 1450/263/2426 1451/267/2427
f 1428/253/2404 1443/250/2419 1444/253/2420
f 1442/279/2418 1443/282/2419 1427/282/2403
f 1435/267/2411 1452/269/2428 1436/269/2412
f 1429/255/2405 1444/253/2420 1445/255/2421
f 1436/269/2412 1453/271/2429 1437/271/2413
f 1430/254/2406 1445/255/2421 1446/254/2422
f 1437/271/2413 1454/273/2430 1438/273/2414
f 1431/257/2407 1446/254/2422 1447/257/2423
f 1438/273/2414 1455/275/2431 1439/275/2415
f 1432/259/2408 1447/257/2423 1448/259/2424
f 1439/275/2415 1456/274/2432 1440/274/2416
f 1433/261/2409 1448/259/2424 1449/261/2425
f 1440/274/2416 1457/277/2433 1441/277/2417
f 1299/251/2275 1460/287/2338 1459/286/2337
f 1460/287/2338 1461/249/2335 1459/286/2337
f 1462/253/2336 1463/288/2333 1461/249/2335
f 1464/289/2334 1465/252/2331 1463/288/2333
f 1466/255/2332 1467/291/2329 1465/252/2331
f 1468/290/2330 1469/256/2327 1467/291/2329
f 1470/254/2328 1471/292/2325 1469/256/2327
f 1471/292/2325 1474/257/2435 1473/258/2323
f 1473/258/2323 1476/294/2322 1475/295/2321
f 1476/294/2322 1477/260/2319 1475/295/2321
f 1478/259/2320 1479/296/2317 1477/260/2319
f 1480/297/2318 1481/262/2436 1479/296/2317
f 1482/261/2437 1483/298/2313 1481/262/2436
f 1484/299/2314 1485/265/2438 1483/298/2313
f 1486/263/2312 1487/300/2309 1485/265/2438
f 1488/301/2310 1331/264/2307 1487/300/2309
f 1332/267/2308 1489/303/2305 1331/264/2307
f 1490/302/2306 1491/266/2439 1489/303/2305
f 1492/269/2304 1493/304/2301 1491/266/2439
f 1494/305/2302 1495/268/2440 1493/304/2301
f 1496/271/2441 1497/306/2297 1495/268/2440
f 1498/307/2298 1499/270/2295 1497/306/2297
f 1500/273/2296 1501/308/2293 1499/270/2295
f 1502/309/2294 1503/272/2291 1501/308/2293
f 1503/272/2291 1506/311/2290 1505/310/2289
f 1506/311/2290 1507/276/2287 1505/310/2289
f 1508/274/2288 1509/312/2285 1507/276/2287
f 1510/313/2286 1511/278/2283 1509/312/2285
f 1512/277/2284 1513/314/2443 1511/278/2283
f 1514/315/2282 1515/281/2279 1513/314/2443
f 1492/324/2304 1478/325/2320 1462/326/2336
f 1516/279/2280 1517/316/2277 1515/281/2279
f 1518/317/2278 1299/280/2275 1517/316/2277
f 1487/327/2309 1501/328/2293 1517/329/2277
f 1189/249/2165 1190/253/2166 1188/250/2164
f 1191/252/2167 1192/255/2168 1190/253/2166
f 1191/252/2167 1193/256/2169 1194/254/2170
f 1193/256/2169 1195/258/2171 1196/257/2172
f 1195/258/2171 1197/260/2173 1198/259/2174
f 1197/260/2173 1199/262/2175 1200/261/2176
f 1199/262/2175 1201/265/2177 1202/263/2178
f 1203/264/2179 1204/267/2180 1202/263/2178
f 1205/266/2181 1206/269/2182 1204/267/2180
f 1207/268/2183 1208/271/2184 1206/269/2182
f 1209/270/2185 1210/273/2186 1208/271/2184
f 1211/272/2187 1212/275/2188 1210/273/2186
f 1211/272/2187 1213/276/2189 1214/274/2190
f 1213/276/2189 1215/278/2191 1216/277/2192
f 1225/261/2201 1224/259/2200 1198/259/2174
f 1215/278/2191 1217/281/2193 1218/279/2194
f 1187/280/2163 1188/282/2164 1218/279/2194
f 1242/263/2218 1241/261/2217 1225/261/2201
f 1210/273/2186 1230/273/2206 1229/271/2205
f 1188/282/2164 1219/282/2195 1234/279/2210
f 1223/257/2199 1222/254/2198 1194/254/2170
f 1206/269/2182 1228/269/2204 1227/267/2203
f 1216/277/2192 1233/277/2209 1232/274/2208
f 1221/255/2197 1220/253/2196 1190/253/2166
f 1226/263/2202 1225/261/2201 1200/261/2176
f 1212/275/2188 1231/275/2207 1230/273/2206
f 1224/259/2200 1223/257/2199 1196/257/2172
f 1208/271/2184 1229/271/2205 1228/269/2204
f 1218/279/2194 1234/279/2210 1233/277/2209
f 1222/254/2198 1221/255/2197 1192/255/2168
f 1227/267/2203 1226/263/2202 1202/263/2178
f 1220/253/2196 1219/250/2195 1188/250/2164
f 1214/274/2190 1232/274/2208 1231/275/2207
f 1247/275/2223 1263/275/2239 1262/273/2238
f 1234/279/2210 1250/279/2226 1249/277/2225
f 1243/267/2219 1242/263/2218 1226/263/2202
f 1236/253/2212 1235/250/2211 1219/250/2195
f 1219/282/2195 1235/282/2211 1250/279/2226
f 1228/269/2204 1244/269/2220 1243/267/2219
f 1237/255/2213 1236/253/2212 1220/253/2196
f 1229/271/2205 1245/271/2221 1244/269/2220
f 1238/254/2214 1237/255/2213 1221/255/2197
f 1230/273/2206 1246/273/2222 1245/271/2221
f 1239/257/2215 1238/254/2214 1222/254/2198
f 1231/275/2207 1247/275/2223 1246/273/2222
f 1240/259/2216 1239/257/2215 1223/257/2199
f 1232/274/2208 1248/274/2224 1247/275/2223
f 1241/261/2217 1240/259/2216 1224/259/2200
f 1233/277/2209 1249/277/2225 1248/274/2224
f 1269/255/2245 1268/253/2244 1252/253/2228
f 1256/259/2232 1255/257/2231 1239/257/2215
f 1248/274/2224 1264/274/2240 1263/275/2239
f 1257/261/2233 1256/259/2232 1240/259/2216
f 1249/277/2225 1265/277/2241 1264/274/2240
f 1258/263/2234 1257/261/2233 1241/261/2217
f 1250/279/2226 1266/279/2242 1265/277/2241
f 1259/267/2235 1258/263/2234 1242/263/2218
f 1252/253/2228 1251/250/2227 1235/250/2211
f 1235/282/2211 1251/282/2227 1266/279/2242
f 1244/269/2220 1260/269/2236 1259/267/2235
f 1253/255/2229 1252/253/2228 1236/253/2212
f 1245/271/2221 1261/271/2237 1260/269/2236
f 1254/254/2230 1253/255/2229 1237/255/2213
f 1246/273/2222 1262/273/2238 1261/271/2237
f 1255/257/2231 1254/254/2230 1238/254/2214
f 1274/263/2250 1290/263/2266 1289/261/2265
f 1261/271/2237 1277/271/2253 1276/269/2252
f 1254/254/2230 1270/254/2246 1269/255/2245
f 1262/273/2238 1278/273/2254 1277/271/2253
f 1271/257/2247 1270/254/2246 1254/254/2230
f 1263/275/2239 1279/275/2255 1278/273/2254
f 1272/259/2248 1271/257/2247 1255/257/2231
f 1280/274/2256 1279/275/2255 1263/275/2239
f 1273/261/2249 1272/259/2248 1256/259/2232
f 1281/277/2257 1280/274/2256 1264/274/2240
f 1274/263/2250 1273/261/2249 1257/261/2233
f 1266/279/2242 1282/279/2258 1281/277/2257
f 1259/267/2235 1275/267/2251 1274/263/2250
f 1252/253/2228 1268/253/2244 1267/250/2243
f 1267/282/2243 1282/279/2258 1266/279/2242
f 1276/269/2252 1275/267/2251 1259/267/2235
f 1283/285/2259 1284/326/2260 1285/323/2261
f 1285/323/2261 1286/330/2262 1287/331/2263
f 1287/331/2263 1288/325/2264 1289/322/2265
f 1289/322/2265 1290/332/2266 1291/283/2267
f 1291/283/2267 1292/324/2268 1293/321/2269
f 1293/321/2269 1294/333/2270 1295/284/2271
f 1295/284/2271 1296/334/2272 1297/335/2273
f 1297/335/2273 1298/336/2274 1283/285/2259
f 1283/285/2259 1285/323/2261 1287/331/2263
f 1287/331/2263 1289/322/2265 1291/283/2267
f 1291/283/2267 1293/321/2269 1295/284/2271
f 1295/284/2271 1297/335/2273 1283/285/2259
f 1283/285/2259 1287/331/2263 1291/283/2267
f 1298/279/2274 1297/277/2273 1281/277/2257
f 1275/267/2251 1291/267/2267 1290/263/2266
f 1268/253/2244 1284/253/2260 1283/250/2259
f 1283/282/2259 1298/279/2274 1282/279/2258
f 1292/269/2268 1291/267/2267 1275/267/2251
f 1269/255/2245 1285/255/2261 1284/253/2260
f 1293/271/2269 1292/269/2268 1276/269/2252
f 1270/254/2246 1286/254/2262 1285/255/2261
f 1294/273/2270 1293/271/2269 1277/271/2253
f 1271/257/2247 1287/257/2263 1286/254/2262
f 1295/275/2271 1294/273/2270 1278/273/2254
f 1272/259/2248 1288/259/2264 1287/257/2263
f 1296/274/2272 1295/275/2271 1279/275/2255
f 1273/261/2249 1289/261/2265 1288/259/2264
f 1297/277/2273 1296/274/2272 1280/274/2256
f 1301/286/2277 1302/287/2278 1300/250/2276
f 1303/249/2279 1304/253/2280 1302/287/2278
f 1305/288/2281 1306/289/2282 1304/253/2280
f 1307/252/2283 1308/255/2284 1306/289/2282
f 1307/252/2283 1309/291/2285 1310/290/2286
f 1311/256/2287 1312/254/2288 1310/290/2286
f 1313/292/2289 1314/293/2290 1312/254/2288
f 1315/258/2291 1316/257/2292 1314/293/2290
f 1315/258/2291 1317/295/2293 1318/294/2294
f 1319/260/2295 1320/259/2296 1318/294/2294
f 1321/296/2297 1322/297/2298 1320/259/2296
f 1321/296/2297 1323/262/2299 1324/261/2300
f 1325/298/2301 1326/299/2302 1324/261/2300
f 1327/265/2303 1328/263/2304 1326/299/2302
f 1329/300/2305 1330/301/2306 1328/263/2304
f 1329/300/2305 1331/264/2307 1332/267/2308
f 1331/264/2307 1333/303/2309 1334/302/2310
f 1335/266/2311 1336/269/2312 1334/302/2310
f 1337/304/2313 1338/305/2314 1336/269/2312
f 1337/304/2313 1339/268/2315 1340/271/2316
f 1341/306/2317 1342/307/2318 1340/271/2316
f 1343/270/2319 1344/273/2320 1342/307/2318
f 1345/308/2321 1346/309/2322 1344/273/2320
f 1347/272/2323 1348/275/2324 1346/309/2322
f 1349/310/2325 1350/311/2326 1348/275/2324
f 1349/310/2325 1351/276/2327 1352/274/2328
f 1353/312/2329 1354/313/2330 1352/274/2328
f 1355/278/2331 1356/277/2332 1354/313/2330
f 1357/314/2333 1358/315/2334 1356/277/2332
f 1359/281/2335 1360/279/2336 1358/315/2334
f 1300/285/2276 1302/337/2278 1304/326/2280
f 1304/326/2280 1306/338/2282 1308/323/2284
f 1308/323/2284 1310/339/2286 1312/330/2288
f 1312/330/2288 1314/340/2290 1316/331/2292
f 1316/331/2292 1318/341/2294 1320/325/2296
f 1320/325/2296 1322/342/2298 1324/322/2300
f 1324/322/2300 1326/343/2302 1328/332/2304
f 1328/332/2304 1330/344/2306 1332/283/2308
f 1332/283/2308 1334/345/2310 1336/324/2312
f 1336/324/2312 1338/346/2314 1340/321/2316
f 1340/321/2316 1342/347/2318 1344/333/2320
f 1344/333/2320 1346/348/2322 1348/284/2324
f 1348/284/2324 1350/349/2326 1352/334/2328
f 1352/334/2328 1354/350/2330 1356/335/2332
f 1356/335/2332 1358/351/2334 1360/336/2336
f 1360/336/2336 1362/352/2338 1300/285/2276
f 1300/285/2276 1304/326/2280 1308/323/2284
f 1308/323/2284 1312/330/2288 1316/331/2292
f 1316/331/2292 1320/325/2296 1324/322/2300
f 1324/322/2300 1328/332/2304 1332/283/2308
f 1332/283/2308 1336/324/2312 1340/321/2316
f 1340/321/2316 1344/333/2320 1348/284/2324
f 1348/284/2324 1352/334/2328 1356/335/2332
f 1356/335/2332 1360/336/2336 1300/285/2276
f 1300/285/2276 1308/323/2284 1316/331/2292
f 1316/331/2292 1324/322/2300 1332/283/2308
f 1332/283/2308 1340/321/2316 1348/284/2324
f 1348/284/2324 1356/335/2332 1300/285/2276
f 1300/285/2276 1316/331/2292 1332/283/2308
f 1361/316/2337 1362/317/2338 1360/279/2336
f 1299/280/2275 1300/282/2276 1362/317/2338
f 1301/320/2277 1299/353/2275 1361/329/2337
f 1361/329/2337 1359/354/2335 1357/355/2333
f 1357/355/2333 1355/356/2331 1353/357/2329
f 1353/357/2329 1351/358/2327 1349/359/2325
f 1349/359/2325 1347/360/2323 1345/328/2321
f 1345/328/2321 1343/361/2319 1341/362/2317
f 1341/362/2317 1339/363/2315 1337/364/2313
f 1337/364/2313 1335/365/2311 1333/318/2309
f 1333/318/2309 1331/366/2307 1329/327/2305
f 1329/327/2305 1327/367/2303 1325/368/2301
f 1325/368/2301 1323/369/2299 1321/370/2297
f 1321/370/2297 1319/371/2295 1317/319/2293
f 1317/319/2293 1315/372/2291 1313/373/2289
f 1313/373/2289 1311/374/2287 1309/375/2285
f 1309/375/2285 1307/376/2283 1305/377/2281
f 1305/377/2281 1303/378/2279 1301/320/2277
f 1301/320/2277 1361/329/2337 1357/355/2333
f 1357/355/2333 1353/357/2329 1349/359/2325
f 1349/359/2325 1345/328/2321 1341/362/2317
f 1341/362/2317 1337/364/2313 1333/318/2309
f 1333/318/2309 1329/327/2305 1325/368/2301
f 1325/368/2301 1321/370/2297 1317/319/2293
f 1317/319/2293 1313/373/2289 1309/375/2285
f 1309/375/2285 1305/377/2281 1301/320/2277
f 1301/320/2277 1357/355/2333 1349/359/2325
f 1349/359/2325 1341/362/2317 1333/318/2309
f 1333/318/2309 1325/368/2301 1317/319/2293
f 1317/319/2293 1309/375/2285 1301/320/2277
f 1301/320/2277 1349/359/2325 1333/318/2309
f 1363/250/2339 1364/253/2340 1189/249/2165
f 1364/253/2340 1365/255/2341 1191/252/2167
f 1191/252/2167 1365/255/2341 1366/254/2342
f 1193/256/2169 1366/254/2342 1367/257/2343
f 1195/258/2171 1367/257/2343 1368/259/2344
f 1197/260/2173 1368/259/2344 1369/261/2345
f 1199/262/2175 1369/261/2345 1370/263/2346
f 1370/263/2346 1371/267/2347 1203/264/2179
f 1371/267/2347 1372/269/2348 1205/266/2181
f 1372/269/2348 1373/271/2349 1207/268/2183
f 1373/271/2349 1374/273/2350 1209/270/2185
f 1374/273/2350 1375/275/2351 1211/272/2187
f 1211/272/2187 1375/275/2351 1376/274/2352
f 1213/276/2189 1376/274/2352 1377/277/2353
f 1368/259/2344 1384/259/2360 1385/261/2361
f 1215/278/2191 1377/277/2353 1378/279/2354
f 1378/279/2354 1363/282/2339 1187/280/2163
f 1385/261/2361 1401/261/2377 1402/263/2378
f 1374/273/2350 1373/271/2349 1389/271/2365
f 1363/282/2339 1378/279/2354 1394/279/2370
f 1366/254/2342 1382/254/2358 1383/257/2359
f 1372/269/2348 1371/267/2347 1387/267/2363
f 1377/277/2353 1376/274/2352 1392/274/2368
f 1364/253/2340 1380/253/2356 1381/255/2357
f 1369/261/2345 1385/261/2361 1386/263/2362
f 1375/275/2351 1374/273/2350 1390/273/2366
f 1367/257/2343 1383/257/2359 1384/259/2360
f 1373/271/2349 1372/269/2348 1388/269/2364
f 1378/279/2354 1377/277/2353 1393/277/2369
f 1365/255/2341 1381/255/2357 1382/254/2358
f 1370/263/2346 1386/263/2362 1387/267/2363
f 1363/250/2339 1379/250/2355 1380/253/2356
f 1376/274/2352 1375/275/2351 1391/275/2367
f 1407/275/2383 1406/273/2382 1422/273/2398
f 1394/279/2370 1393/277/2369 1409/277/2385
f 1386/263/2362 1402/263/2378 1403/267/2379
f 1379/250/2355 1395/250/2371 1396/253/2372
f 1379/282/2355 1394/279/2370 1410/279/2386
f 1388/269/2364 1387/267/2363 1403/267/2379
f 1380/253/2356 1396/253/2372 1397/255/2373
f 1389/271/2365 1388/269/2364 1404/269/2380
f 1381/255/2357 1397/255/2373 1398/254/2374
f 1390/273/2366 1389/271/2365 1405/271/2381
f 1382/254/2358 1398/254/2374 1399/257/2375
f 1391/275/2367 1390/273/2366 1406/273/2382
f 1383/257/2359 1399/257/2375 1400/259/2376
f 1392/274/2368 1391/275/2367 1407/275/2383
f 1384/259/2360 1400/259/2376 1401/261/2377
f 1393/277/2369 1392/274/2368 1408/274/2384
f 1412/253/2388 1428/253/2404 1429/255/2405
f 1399/257/2375 1415/257/2391 1416/259/2392
f 1408/274/2384 1407/275/2383 1423/275/2399
f 1400/259/2376 1416/259/2392 1417/261/2393
f 1409/277/2385 1408/274/2384 1424/274/2400
f 1401/261/2377 1417/261/2393 1418/263/2394
f 1410/279/2386 1409/277/2385 1425/277/2401
f 1402/263/2378 1418/263/2394 1419/267/2395
f 1395/250/2371 1411/250/2387 1412/253/2388
f 1395/282/2371 1410/279/2386 1426/279/2402
f 1404/269/2380 1403/267/2379 1419/267/2395
f 1396/253/2372 1412/253/2388 1413/255/2389
f 1405/271/2381 1404/269/2380 1420/269/2396
f 1397/255/2373 1413/255/2389 1414/254/2390
f 1406/273/2382 1405/271/2381 1421/271/2397
f 1398/254/2374 1414/254/2390 1415/257/2391
f 1434/263/2410 1433/261/2409 1449/261/2425
f 1421/271/2397 1420/269/2396 1436/269/2412
f 1414/254/2390 1413/255/2389 1429/255/2405
f 1422/273/2398 1421/271/2397 1437/271/2413
f 1415/257/2391 1414/254/2390 1430/254/2406
f 1423/275/2399 1422/273/2398 1438/273/2414
f 1415/257/2391 1431/257/2407 1432/259/2408
f 1423/275/2399 1439/275/2415 1440/274/2416
f 1416/259/2392 1432/259/2408 1433/261/2409
f 1424/274/2400 1440/274/2416 1441/277/2417
f 1417/261/2393 1433/261/2409 1434/263/2410
f 1426/279/2402 1425/277/2401 1441/277/2417
f 1419/267/2395 1418/263/2394 1434/263/2410
f 1412/253/2388 1411/250/2387 1427/250/2403
f 1426/279/2402 1442/279/2418 1427/282/2403
f 1419/267/2395 1435/267/2411 1436/269/2412
f 1445/323/2421 1444/326/2420 1443/285/2419
f 1443/285/2419 1458/336/2434 1457/335/2433
f 1457/335/2433 1456/334/2432 1455/284/2431
f 1455/284/2431 1454/333/2430 1453/321/2429
f 1453/321/2429 1452/324/2428 1451/283/2427
f 1451/283/2427 1450/332/2426 1449/322/2425
f 1449/322/2425 1448/325/2424 1447/331/2423
f 1447/331/2423 1446/330/2422 1445/323/2421
f 1445/323/2421 1443/285/2419 1457/335/2433
f 1457/335/2433 1455/284/2431 1453/321/2429
f 1453/321/2429 1451/283/2427 1449/322/2425
f 1449/322/2425 1447/331/2423 1445/323/2421
f 1445/323/2421 1457/335/2433 1453/321/2429
f 1441/277/2417 1457/277/2433 1458/279/2434
f 1435/267/2411 1434/263/2410 1450/263/2426
f 1428/253/2404 1427/250/2403 1443/250/2419
f 1442/279/2418 1458/279/2434 1443/282/2419
f 1435/267/2411 1451/267/2427 1452/269/2428
f 1429/255/2405 1428/253/2404 1444/253/2420
f 1436/269/2412 1452/269/2428 1453/271/2429
f 1430/254/2406 1429/255/2405 1445/255/2421
f 1437/271/2413 1453/271/2429 1454/273/2430
f 1431/257/2407 1430/254/2406 1446/254/2422
f 1438/273/2414 1454/273/2430 1455/275/2431
f 1432/259/2408 1431/257/2407 1447/257/2423
f 1439/275/2415 1455/275/2431 1456/274/2432
f 1433/261/2409 1432/259/2408 1448/259/2424
f 1440/274/2416 1456/274/2432 1457/277/2433
f 1299/251/2275 1300/250/2276 1460/287/2338
f 1460/287/2338 1462/253/2336 1461/249/2335
f 1462/253/2336 1464/289/2334 1463/288/2333
f 1464/289/2334 1466/255/2332 1465/252/2331
f 1466/255/2332 1468/290/2330 1467/291/2329
f 1468/290/2330 1470/254/2328 1469/256/2327
f 1470/254/2328 1472/293/2326 1471/292/2325
f 1471/292/2325 1472/293/2326 1474/257/2435
f 1473/258/2323 1474/257/2435 1476/294/2322
f 1476/294/2322 1478/259/2320 1477/260/2319
f 1478/259/2320 1480/297/2318 1479/296/2317
f 1480/297/2318 1482/261/2437 1481/262/2436
f 1482/261/2437 1484/299/2314 1483/298/2313
f 1484/299/2314 1486/263/2312 1485/265/2438
f 1486/263/2312 1488/301/2310 1487/300/2309
f 1488/301/2310 1332/267/2308 1331/264/2307
f 1332/267/2308 1490/302/2306 1489/303/2305
f 1490/302/2306 1492/269/2304 1491/266/2439
f 1492/269/2304 1494/305/2302 1493/304/2301
f 1494/305/2302 1496/271/2441 1495/268/2440
f 1496/271/2441 1498/307/2298 1497/306/2297
f 1498/307/2298 1500/273/2296 1499/270/2295
f 1500/273/2296 1502/309/2294 1501/308/2293
f 1502/309/2294 1504/275/2442 1503/272/2291
f 1503/272/2291 1504/275/2442 1506/311/2290
f 1506/311/2290 1508/274/2288 1507/276/2287
f 1508/274/2288 1510/313/2286 1509/312/2285
f 1510/313/2286 1512/277/2284 1511/278/2283
f 1512/277/2284 1514/315/2282 1513/314/2443
f 1514/315/2282 1516/279/2280 1515/281/2279
f 1462/326/2336 1460/337/2338 1300/285/2276
f 1300/285/2276 1518/352/2278 1516/336/2280
f 1516/336/2280 1514/351/2282 1512/335/2284
f 1512/335/2284 1510/350/2286 1508/334/2288
f 1508/334/2288 1506/349/2290 1504/284/2442
f 1504/284/2442 1502/348/2294 1500/333/2296
f 1500/333/2296 1498/347/2298 1496/321/2441
f 1496/321/2441 1494/346/2302 1492/324/2304
f 1492/324/2304 1490/345/2306 1332/283/2308
f 1332/283/2308 1488/344/2310 1486/332/2312
f 1486/332/2312 1484/343/2314 1482/322/2437
f 1482/322/2437 1480/342/2318 1478/325/2320
f 1478/325/2320 1476/341/2322 1474/331/2435
f 1474/331/2435 1472/340/2326 1470/330/2328
f 1470/330/2328 1468/339/2330 1466/323/2332
f 1466/323/2332 1464/338/2334 1462/326/2336
f 1462/326/2336 1300/285/2276 1516/336/2280
f 1516/336/2280 1512/335/2284 1508/334/2288
f 1508/334/2288 1504/284/2442 1500/333/2296
f 1500/333/2296 1496/321/2441 1492/324/2304
f 1492/324/2304 1332/283/2308 1486/332/2312
f 1486/332/2312 1482/322/2437 1478/325/2320
f 1478/325/2320 1474/331/2435 1470/330/2328
f 1470/330/2328 1466/323/2332 1462/326/2336
f 1462/326/2336 1516/336/2280 1508/334/2288
f 1508/334/2288 1500/333/2296 1492/324/2304
f 1492/324/2304 1486/332/2312 1478/325/2320
f 1478/325/2320 1470/330/2328 1462/326/2336
f 1462/326/2336 1508/334/2288 1492/324/2304
f 1516/279/2280 1518/317/2278 1517/316/2277
f 1518/317/2278 1300/282/2276 1299/280/2275
f 1517/329/2277 1299/353/2275 1459/320/2337
f 1459/320/2337 1461/378/2335 1463/377/2333
f 1463/377/2333 1465/376/2331 1467/375/2329
f 1467/375/2329 1469/374/2327 1471/373/2325
f 1471/373/2325 1473/372/2323 1475/319/2321
f 1475/319/2321 1477/371/2319 1479/370/2317
f 1479/370/2317 1481/369/2436 1483/368/2313
f 1483/368/2313 1485/367/2438 1487/327/2309
f 1487/327/2309 1331/366/2307 1489/318/2305
f 1489/318/2305 1491/365/2439 1493/364/2301
f 1493/364/2301 1495/363/2440 1497/362/2297
f 1497/362/2297 1499/361/2295 1501/328/2293
f 1501/328/2293 1503/360/2291 1505/359/2289
f 1505/359/2289 1507/358/2287 1509/357/2285
f 1509/357/2285 1511/356/2283 1513/355/2443
f 1513/355/2443 1515/354/2279 1517/329/2277
f 1517/329/2277 1459/320/2337 1463/377/2333
f 1463/377/2333 1467/375/2329 1471/373/2325
f 1471/373/2325 1475/319/2321 1479/370/2317
f 1479/370/2317 1483/368/2313 1487/327/2309
f 1487/327/2309 1489/318/2305 1493/364/2301
f 1493/364/2301 1497/362/2297 1501/328/2293
f 1501/328/2293 1505/359/2289 1509/357/2285
f 1509/357/2285 1513/355/2443 1517/329/2277
f 1517/329/2277 1463/377/2333 1471/373/2325
f 1471/373/2325 1479/370/2317 1487/327/2309
f 1487/327/2309 1493/364/2301 1501/328/2293
f 1501/328/2293 1509/357/2285 1517/329/2277
f 1517/329/2277 1471/373/2325 1487/327/2309
o front_suspension
v 0.094068 -0.339351 0.027122
v 0.094068 0.339351 0.027122
v 0.099359 -0.339351 0.026601
v 0.099359 0.339351 0.026601
v 0.104447 -0.339351 0.025058
v 0.104447 0.339351 0.025058
v 0.109136 -0.339351 0.022552
v 0.109136 0.339351 0.022552
v 0.113246 -0.339351 0.019178
v 0.113246 0.339351 0.019178
v 0.116619 -0.339351 0.015068
v 0.116619 0.339351 0.015068
v 0.119125 -0.339351 0.010379
v 0.119125 0.339351 0.010379
v 0.120669 -0.339351 0.005291
v 0.120669 0.339351 0.005291
v 0.121190 -0.339351 -0.000000
v 0.121190 0.339351 -0.000000
v 0.120669 -0.339351 -0.005291
v 0.120669 0.339351 -0.005291
v 0.119125 -0.339351 -0.010379
v 0.119125 0.339351 -0.010379
v 0.116619 -0.339351 -0.015069
v 0.116619 0.339351 -0.015069
v 0.113246 -0.339351 -0.019179
v 0.113246 0.339351 -0.019179
v 0.109136 -0.339351 -0.022552
v 0.109136 0.339351 -0.022552
v 0.104447 -0.339351 -0.025058
v 0.104447 0.339351 -0.025058
v 0.099359 -0.339351 -0.026601
v 0.099359 0.339351 -0.026601
v 0.094068 -0.339351 -0.027123
v 0.094068 0.339351 -0.027123
v 0.088776 -0.339351 -0.026601
v 0.088776 0.339351 -0.026601
v 0.083688 -0.339351 -0.025058
v 0.083688 0.339351 -0.025058
v 0.078999 -0.339351 -0.022552
v 0.078999 0.339351 -0.022552
v 0.074889 -0.339351 -0.019179
v 0.074889 0.339351 -0.019179
v 0.071516 -0.339351 -0.015069
v 0.071516 0.339351 -0.015069
v 0.069010 -0.339351 -0.010379
v 0.069010 0.339351 -0.010379
v 0.067466 -0.339351 -0.005291
v 0.067466 0.339351 -0.005291
v 0.066945 -0.339351 -0.000000
v 0.066945 0.339351 -0.000000
v 0.067466 -0.339351 0.005291
v 0.067466 0.339351 0.005291
v 0.069010 -0.339351 0.010379
v 0.069010 0.339351 0.010379
v 0.071516 -0.339351 0.015068
v 0.071516 0.339351 0.015068
v 0.074889 -0.339351 0.019178
v 0.074889 0.339351 0.019178
v 0.078999 -0.339351 0.022552
v 0.078999 0.339351 0.022552
v 0.083688 -0.339351 0.025058
v 0.083688 0.339351 0.025058
v 0.088776 -0.339351 0.026601
v 0.088776 0.339351 0.026601
v -0.094068 -0.339351 0.027122
v -0.094068 0.339351 0.027122
v -0.088776 -0.339351 0.026601
v -0.088776 0.339351 0.026601
v -0.083688 -0.339351 0.025058
v -0.083688 0.339351 0.025058
v -0.078999 -0.339351 0.022552
v -0.078999 0.339351 0.022551
v -0.074889 -0.339351 0.019178
v -0.074889 0.339351 0.019178
v -0.071516 -0.339351 0.015068
v -0.071516 0.339351 0.015068
v -0.069010 -0.339351 0.010379
v -0.069010 0.339351 0.010379
v -0.067466 -0.339351 0.005291
v -0.067466 0.339351 0.005291
v -0.066945 -0.339351 -0.000000
v -0.066945 0.339351 -0.000000
v -0.067466 -0.339351 -0.005291
v -0.067466 0.339351 -0.005291
v -0.069010 -0.339351 -0.010379
v -0.069010 0.339351 -0.010379
v -0.071516 -0.339351 -0.015069
v -0.071516 0.339351 -0.015069
v -0.074889 -0.339351 -0.019179
v -0.074889 0.339351 -0.019179
v -0.078999 -0.339351 -0.022552
v -0.078999 0.339351 -0.022552
v -0.083688 -0.339351 -0.025058
v -0.083688 0.339351 -0.025058
v -0.088776 -0.339351 -0.026601
v -0.088776 0.339351 -0.026601
v -0.094068 -0.339351 -0.027123
v -0.094068 0.339351 -0.027123
v -0.099359 -0.339351 -0.026601
v -0.099359 0.339351 -0.026601
v -0.104447 -0.339351 -0.025058
v -0.104447 0.339351 -0.025058
v -0.109136 -0.339351 -0.022552
v -0.109136 0.339351 -0.022552
v -0.113246 -0.339351 -0.019179
v -0.113246 0.339351 -0.019179
v -0.116619 -0.339351 -0.015069
v -0.116619 0.339351 -0.015069
v -0.119125 -0.339351 -0.010379
v -0.119125 0.339351 -0.010379
v -0.120669 -0.339351 -0.005291
v -0.120669 0.339351 -0.005291
v -0.121190 -0.339351 -0.000000
v -0.121190 0.339351 -0.000000
v -0.120669 -0.339351 0.005291
v -0.120669 0.339351 0.005291
v -0.119125 -0.339351 0.010379
v -0.119125 0.339351 0.010379
v -0.116619 -0.339351 0.015068
v -0.116619 0.339351 0.015068
v -0.113246 -0.339351 0.019178
v -0.113246 0.339351 0.019178
v -0.109136 -0.339351 0.022552
v -0.109136 0.339351 0.022551
v -0.104447 -0.339351 0.025058
v -0.104447 0.339351 0.025058
v -0.099359 -0.339351 0.026601
v -0.099359 0.339351 0.026601
vn -0.0000 -0.6857 0.7279
vn -0.0000 0.6857 0.7279
vn 0.1420 -0.6857 0.7139
vn 0.1420 0.6857 0.7139
vn 0.2786 -0.6857 0.6725
vn 0.2785 0.6857 0.6725
vn 0.4044 -0.6857 0.6052
vn 0.4044 0.6857 0.6052
vn 0.5147 -0.6857 0.5147
vn 0.5147 0.6857 0.5147
vn 0.6052 -0.6857 0.4044
vn 0.6052 0.6857 0.4044
vn 0.6725 -0.6857 0.2785
vn 0.6725 0.6857 0.2785
vn 0.7139 -0.6857 0.1420
vn 0.7139 0.6857 0.1420
vn 0.7279 -0.6857 -0.0000
vn 0.7279 0.6857 -0.0000
vn 0.7139 -0.6857 -0.1420
vn 0.7139 0.6857 -0.1420
vn 0.6725 -0.6857 -0.2785
vn 0.6725 0.6857 -0.2786
vn 0.6052 -0.6857 -0.4044
vn 0.6052 0.6857 -0.4044
vn 0.5147 -0.6857 -0.5147
vn 0.5147 0.6857 -0.5147
vn 0.4044 -0.6857 -0.6052
vn 0.4044 0.6857 -0.6052
vn 0.2786 -0.6857 -0.6725
vn 0.2786 0.6857 -0.6725
vn 0.1420 -0.6857 -0.7139
vn 0.1420 0.6857 -0.7139
vn -0.0000 -0.6857 -0.7279
vn -0.0000 0.6857 -0.7279
vn -0.1420 -0.6857 -0.7139
vn -0.1420 0.6857 -0.7139
vn -0.2786 -0.6857 -0.6725
vn -0.2786 0.6857 -0.6725
vn -0.4044 -0.6857 -0.6052
vn -0.4044 0.6857 -0.6052
vn -0.5147 -0.6857 -0.5147
vn -0.5147 0.6857 -0.5147
vn -0.6052 -0.6857 -0.4044
vn -0.6052 0.6857 -0.4044
vn -0.6725 -0.6857 -0.2785
vn -0.6725 0.6857 -0.2786
vn -0.7139 -0.6857 -0.1420
vn -0.7139 0.6857 -0.1420
vn -0.7279 -0.6857 -0.0000
vn -0.7279 0.6857 -0.0000
vn -0.7139 -0.6857 0.1420
vn -0.7139 0.6857 0.1420
vn -0.6725 -0.6857 0.2785
vn -0.6725 0.6857 0.2785
vn -0.6052 -0.6857 0.4044
vn -0.6052 0.6857 0.4044
vn -0.5147 -0.6857 0.5147
vn -0.5147 0.6857 0.5147
vn -0.4044 -0.6857 0.6052
vn -0.4044 0.6857 0.6052
vn -0.2786 -0.6857 0.6725
vn -0.2785 0.6857 0.6725
vn -0.1420 -0.6857 0.7139
vn -0.1420 0.6857 0.7139
vn 0.2786 0.6857 0.6725
vn 0.6725 0.6857 0.2786
vn 0.6725 -0.6857 -0.2786
vn -0.6725 -0.6857 -0.2786
vn -0.6725 0.6857 0.2786
vn -0.2786 0.6857 0.6725
vt 0.968750 0.500000
vt 1.000000 1.000000
vt 1.000000 0.500000
vt 0.937500 0.500000
vt 0.968750 1.000000
vt 0.906250 0.500000
vt 0.937500 1.000000
vt 0.875000 0.500000
vt 0.906250 1.000000
vt 0.843750 0.500000
vt 0.875000 1.000000
vt 0.812500 0.500000
vt 0.843750 1.000000
vt 0.781250 0.500000
vt 0.812500 1.000000
vt 0.750000 0.500000
vt 0.781250 1.000000
vt 0.718750 0.500000
vt 0.750000 1.000000
vt 0.687500 0.500000
vt 0.718750 1.000000
vt 0.656250 0.500000
vt 0.687500 1.000000
vt 0.625000 0.500000
vt 0.656250 1.000000
vt 0.593750 0.500000
vt 0.625000 1.000000
vt 0.562500 0.500000
vt 0.593750 1.000000
vt 0.531250 0.500000
vt 0.562500 1.000000
vt 0.500000 0.500000
vt 0.531250 1.000000
vt 0.468750 0.500000
vt 0.500000 1.000000
vt 0.437500 0.500000
vt 0.468750 1.000000
vt 0.406250 0.500000
vt 0.437500 1.000000
vt 0.375000 0.500000
vt 0.406250 1.000000
vt 0.343750 0.500000
vt 0.375000 1.000000
vt 0.312500 0.500000
vt 0.343750 1.000000
vt 0.281250 0.500000
vt 0.312500 1.000000
vt 0.250000 0.500000
vt 0.281250 1.000000
vt 0.218750 0.500000
vt 0.250000 1.000000
vt 0.187500 0.500000
vt 0.218750 1.000000
vt 0.156250 0.500000
vt 0.187500 1.000000
vt 0.125000 0.500000
vt 0.156250 1.000000
vt 0.093750 0.500000
vt 0.125000 1.000000
vt 0.062500 0.500000
vt 0.093750 1.000000
vt 0.250000 0.010000
vt 0.010000 0.250000
vt 0.250000 0.490000
vt 0.031250 0.500000
vt 0.062500 1.000000
vt 0.000000 0.500000
vt 0.031250 1.000000
vt 0.703178 0.014612
vt 0.985388 0.203178
vt 0.796822 0.485388
vt 0.296822 0.485388
vt 0.341844 0.471731
vt 0.383337 0.449553
vt 0.419706 0.419706
vt 0.449553 0.383337
vt 0.471731 0.341844
vt 0.485388 0.296822
vt 0.490000 0.250000
vt 0.485388 0.203178
vt 0.471731 0.158156
vt 0.449553 0.116663
vt 0.419706 0.080294
vt 0.383337 0.050447
vt 0.341844 0.028269
vt 0.296822 0.014612
vt 0.203178 0.014612
vt 0.158156 0.028269
vt 0.116663 0.050447
vt 0.080294 0.080294
vt 0.050447 0.116663
vt 0.028269 0.158156
vt 0.014612 0.203178
vt 0.014612 0.296822
vt 0.028269 0.341844
vt 0.050447 0.383337
vt 0.080294 0.419706
vt 0.116663 0.449553
vt 0.158156 0.471731
vt 0.203178 0.485388
vt 0.000000 1.000000
vt 0.750000 0.490000
vt 0.703178 0.485388
vt 0.658156 0.471731
vt 0.616663 0.449553
vt 0.580294 0.419706
vt 0.550447 0.383337
vt 0.528269 0.341844
vt 0.514612 0.296822
vt 0.510000 0.250000
vt 0.514612 0.203178
vt 0.528269 0.158156
vt 0.550447 0.116663
vt 0.580294 0.080294
vt 0.616663 0.050447
vt 0.658156 0.028269
vt 0.750000 0.010000
vt 0.796822 0.014612
vt 0.841844 0.028269
vt 0.883337 0.050447
vt 0.919706 0.080294
vt 0.949553 0.116663
vt 0.971731 0.158156
vt 0.990000 0.250000
vt 0.985388 0.296822
vt 0.971731 0.341844
vt 0.949553 0.383337
vt 0.919706 0.419706
vt 0.883337 0.449553
vt 0.841844 0.471731
s 1
usemtl metal
f 1521/379/2446 1520/380/2445 1519/381/2444
f 1523/382/2448 1522/383/2447 1521/379/2446
f 1525/384/2450 1524/385/2449 1523/382/2448
f 1527/386/2452 1526/387/2451 1525/384/2450
f 1529/388/2454 1528/389/2453 1527/386/2452
f 1531/390/2456 1530/391/2455 1529/388/2454
f 1533/392/2458 1532/393/2457 1531/390/2456
f 1535/394/2460 1534/395/2459 1533/392/2458
f 1537/396/2462 1536/397/2461 1535/394/2460
f 1539/398/2464 1538/399/2463 1537/396/2462
f 1541/400/2466 1540/401/2465 1539/398/2464
f 1543/402/2468 1542/403/2467 1541/400/2466
f 1545/404/2470 1544/405/2469 1543/402/2468
f 1547/406/2472 1546/407/2471 1545/404/2470
f 1549/408/2474 1548/409/2473 1547/406/2472
f 1551/410/2476 1550/411/2475 1549/408/2474
f 1553/412/2478 1552/413/2477 1551/410/2476
f 1555/414/2480 1554/415/2479 1553/412/2478
f 1557/416/2482 1556/417/2481 1555/414/2480
f 1559/418/2484 1558/419/2483 1557/416/2482
f 1561/420/2486 1560/421/2485 1559/418/2484
f 1563/422/2488 1562/423/2487 1561/420/2486
f 1565/424/2490 1564/425/2489 1563/422/2488
f 1567/426/2492 1566/427/2491 1565/424/2490
f 1569/428/2494 1568/429/2493 1567/426/2492
f 1571/430/2496 1570/431/2495 1569/428/2494
f 1573/432/2498 1572/433/2497 1571/430/2496
f 1575/434/2500 1574/435/2499 1573/432/2498
f 1577/436/2502 1576/437/2501 1575/434/2500
f 1579/438/2504 1578/439/2503 1577/436/2502
f 1552/440/2477 1568/441/2493 1520/442/2445
f 1581/443/2506 1580/444/2505 1579/438/2504
f 1519/445/2444 1582/446/2507 1581/443/2506
f 1553/447/2478 1537/448/2462 1521/449/2446
f 1585/379/2446 1584/380/2445 1583/381/2444
f 1587/382/2448 1586/383/2447 1585/379/2446
f 1589/384/2450 1588/385/2508 1587/382/2448
f 1591/386/2452 1590/387/2451 1589/384/2450
f 1593/388/2454 1592/389/2453 1591/386/2452
f 1595/390/2456 1594/391/2455 1593/388/2454
f 1597/392/2458 1596/393/2509 1595/390/2456
f 1599/394/2460 1598/395/2459 1597/392/2458
f 1601/396/2462 1600/397/2461 1599/394/2460
f 1603/398/2510 1602/399/2463 1601/396/2462
f 1605/400/2466 1604/401/2465 1603/398/2510
f 1607/402/2468 1606/403/2467 1605/400/2466
f 1609/404/2470 1608/405/2469 1607/402/2468
f 1611/406/2472 1610/407/2471 1609/404/2470
f 1613/408/2474 1612/409/2473 1611/406/2472
f 1615/410/2476 1614/411/2475 1613/408/2474
f 1617/412/2478 1616/413/2477 1615/410/2476
f 1619/414/2480 1618/415/2479 1617/412/2478
f 1621/416/2482 1620/417/2481 1619/414/2480
f 1623/418/2484 1622/419/2483 1621/416/2482
f 1625/420/2486 1624/421/2485 1623/418/2484
f 1627/422/2511 1626/423/2487 1625/420/2486
f 1629/424/2490 1628/425/2489 1627/422/2511
f 1631/426/2492 1630/427/2491 1629/424/2490
f 1633/428/2494 1632/429/2493 1631/426/2492
f 1635/430/2496 1634/431/2495 1633/428/2494
f 1637/432/2498 1636/433/2512 1635/430/2496
f 1639/434/2500 1638/435/2499 1637/432/2498
f 1641/436/2502 1640/437/2501 1639/434/2500
f 1643/438/2504 1642/439/2503 1641/436/2502
f 1616/440/2477 1632/441/2493 1584/442/2445
f 1645/443/2506 1644/444/2513 1643/438/2504
f 1583/445/2444 1646/446/2507 1645/443/2506
f 1617/447/2478 1601/448/2462 1585/449/2446
f 1521/379/2446 1522/383/2447 1520/380/2445
f 1523/382/2448 1524/385/2449 1522/383/2447
f 1525/384/2450 1526/387/2451 1524/385/2449
f 1527/386/2452 1528/389/2453 1526/387/2451
f 1529/388/2454 1530/391/2455 1528/389/2453
f 1531/390/2456 1532/393/2457 1530/391/2455
f 1533/392/2458 1534/395/2459 1532/393/2457
f 1535/394/2460 1536/397/2461 1534/395/2459
f 1537/396/2462 1538/399/2463 1536/397/2461
f 1539/398/2464 1540/401/2465 1538/399/2463
f 1541/400/2466 1542/403/2467 1540/401/2465
f 1543/402/2468 1544/405/2469 1542/403/2467
f 1545/404/2470 1546/407/2471 1544/405/2469
f 1547/406/2472 1548/409/2473 1546/407/2471
f 1549/408/2474 1550/411/2475 1548/409/2473
f 1551/410/2476 1552/413/2477 1550/411/2475
f 1553/412/2478 1554/415/2479 1552/413/2477
f 1555/414/2480 1556/417/2481 1554/415/2479
f 1557/416/2482 1558/419/2483 1556/417/2481
f 1559/418/2484 1560/421/2485 1558/419/2483
f 1561/420/2486 1562/423/2487 1560/421/2485
f 1563/422/2488 1564/425/2489 1562/423/2487
f 1565/424/2490 1566/427/2491 1564/425/2489
f 1567/426/2492 1568/429/2493 1566/427/2491
f 1569/428/2494 1570/431/2495 1568/429/2493
f 1571/430/2496 1572/433/2497 1570/431/2495
f 1573/432/2498 1574/435/2499 1572/433/2497
f 1575/434/2500 1576/437/2501 1574/435/2499
f 1577/436/2502 1578/439/2503 1576/437/2501
f 1579/438/2504 1580/444/2505 1578/439/2503
f 1520/442/2445 1522/450/2447 1524/451/2449
f 1524/451/2449 1526/452/2451 1528/453/2453
f 1528/453/2453 1530/454/2455 1532/455/2457
f 1532/455/2457 1534/456/2459 1536/457/2461
f 1536/457/2461 1538/458/2463 1540/459/2465
f 1540/459/2465 1542/460/2467 1544/461/2469
f 1544/461/2469 1546/462/2471 1548/463/2473
f 1548/463/2473 1550/464/2475 1552/440/2477
f 1552/440/2477 1554/465/2479 1556/466/2481
f 1556/466/2481 1558/467/2483 1560/468/2485
f 1560/468/2485 1562/469/2487 1564/470/2489
f 1564/470/2489 1566/471/2491 1568/441/2493
f 1568/441/2493 1570/472/2495 1572/473/2497
f 1572/473/2497 1574/474/2499 1576/475/2501
f 1576/475/2501 1578/476/2503 1580/477/2505
f 1580/477/2505 1582/478/2507 1520/442/2445
f 1520/442/2445 1524/451/2449 1528/453/2453
f 1528/453/2453 1532/455/2457 1536/457/2461
f 1536/457/2461 1540/459/2465 1544/461/2469
f 1544/461/2469 1548/463/2473 1552/440/2477
f 1552/440/2477 1556/466/2481 1560/468/2485
f 1560/468/2485 1564/470/2489 1568/441/2493
f 1568/441/2493 1572/473/2497 1576/475/2501
f 1576/475/2501 1580/477/2505 1520/442/2445
f 1520/442/2445 1528/453/2453 1536/457/2461
f 1536/457/2461 1544/461/2469 1552/440/2477
f 1552/440/2477 1560/468/2485 1568/441/2493
f 1568/441/2493 1576/475/2501 1520/442/2445
f 1520/442/2445 1536/457/2461 1552/440/2477
f 1581/443/2506 1582/446/2507 1580/444/2505
f 1519/445/2444 1520/479/2445 1582/446/2507
f 1521/449/2446 1519/480/2444 1581/481/2506
f 1581/481/2506 1579/482/2504 1577/483/2502
f 1577/483/2502 1575/484/2500 1573/485/2498
f 1573/485/2498 1571/486/2496 1569/487/2494
f 1569/487/2494 1567/488/2492 1565/489/2490
f 1565/489/2490 1563/490/2488 1561/491/2486
f 1561/491/2486 1559/492/2484 1557/493/2482
f 1557/493/2482 1555/494/2480 1553/447/2478
f 1553/447/2478 1551/495/2476 1549/496/2474
f 1549/496/2474 1547/497/2472 1545/498/2470
f 1545/498/2470 1543/499/2468 1541/500/2466
f 1541/500/2466 1539/501/2464 1537/448/2462
f 1537/448/2462 1535/502/2460 1533/503/2458
f 1533/503/2458 1531/504/2456 1529/505/2454
f 1529/505/2454 1527/506/2452 1525/507/2450
f 1525/507/2450 1523/508/2448 1521/449/2446
f 1521/449/2446 1581/481/2506 1577/483/2502
f 1577/483/2502 1573/485/2498 1569/487/2494
f 1569/487/2494 1565/489/2490 1561/491/2486
f 1561/491/2486 1557/493/2482 1553/447/2478
f 1553/447/2478 1549/496/2474 1545/498/2470
f 1545/498/2470 1541/500/2466 1537/448/2462
f 1537/448/2462 1533/503/2458 1529/505/2454
f 1529/505/2454 1525/507/2450 1521/449/2446
f 1521/449/2446 1577/483/2502 1569/487/2494
f 1569/487/2494 1561/491/2486 1553/447/2478
f 1553/447/2478 1545/498/2470 1537/448/2462
f 1537/448/2462 1529/505/2454 1521/449/2446
f 1521/449/2446 1569/487/2494 1553/447/2478
f 1585/379/2446 1586/383/2447 1584/380/2445
f 1587/382/2448 1588/385/2508 1586/383/2447
f 1589/384/2450 1590/387/2451 1588/385/2508
f 1591/386/2452 1592/389/2453 1590/387/2451
f 1593/388/2454 1594/391/2455 1592/389/2453
f 1595/390/2456 1596/393/2509 1594/391/2455
f 1597/392/2458 1598/395/2459 1596/393/2509
f 1599/394/2460 1600/397/2461 1598/395/2459
f 1601/396/2462 1602/399/2463 1600/397/2461
f 1603/398/2510 1604/401/2465 1602/399/2463
f 1605/400/2466 1606/403/2467 1604/401/2465
f 1607/402/2468 1608/405/2469 1606/403/2467
f 1609/404/2470 1610/407/2471 1608/405/2469
f 1611/406/2472 1612/409/2473 1610/407/2471
f 1613/408/2474 1614/411/2475 1612/409/2473
f 1615/410/2476 1616/413/2477 1614/411/2475
f 1617/412/2478 1618/415/2479 1616/413/2477
f 1619/414/2480 1620/417/2481 1618/415/2479
f 1621/416/2482 1622/419/2483 1620/417/2481
f 1623/418/2484 1624/421/2485 1622/419/2483
f 1625/420/2486 1626/423/2487 1624/421/2485
f 1627/422/2511 1628/425/2489 1626/423/2487
f 1629/424/2490 1630/427/2491 1628/425/2489
f 1631/426/2492 1632/429/2493 1630/427/2491
f 1633/428/2494 1634/431/2495 1632/429/2493
f 1635/430/2496 1636/433/2512 1634/431/2495
f 1637/432/2498 1638/435/2499 1636/433/2512
f 1639/434/2500 1640/437/2501 1638/435/2499
f 1641/436/2502 1642/439/2503 1640/437/2501
f 1643/438/2504 1644/444/2513 1642/439/2503
f 1584/442/2445 1586/450/2447 1588/451/2508
f 1588/451/2508 1590/452/2451 1592/453/2453
f 1592/453/2453 1594/454/2455 1596/455/2509
f 1596/455/2509 1598/456/2459 1600/457/2461
f 1600/457/2461 1602/458/2463 1604/459/2465
f 1604/459/2465 1606/460/2467 1608/461/2469
f 1608/461/2469 1610/462/2471 1612/463/2473
f 1612/463/2473 1614/464/2475 1616/440/2477
f 1616/440/2477 1618/465/2479 1620/466/2481
f 1620/466/2481 1622/467/2483 1624/468/2485
f 1624/468/2485 1626/469/2487 1628/470/2489
f 1628/470/2489 1630/471/2491 1632/441/2493
f 1632/441/2493 1634/472/2495 1636/473/2512
f 1636/473/2512 1638/474/2499 1640/475/2501
f 1640/475/2501 1642/476/2503 1644/477/2513
f 1644/477/2513 1646/478/2507 1584/442/2445
f 1584/442/2445 1588/451/2508 1592/453/2453
f 1592/453/2453 1596/455/2509 1600/457/2461
f 1600/457/2461 1604/459/2465 1608/461/2469
f 1608/461/2469 1612/463/2473 1616/440/2477
f 1616/440/2477 1620/466/2481 1624/468/2485
f 1624/468/2485 1628/470/2489 1632/441/2493
f 1632/441/2493 1636/473/2512 1640/475/2501
f 1640/475/2501 1644/477/2513 1584/442/2445
f 1584/442/2445 1592/453/2453 1600/457/2461
f 1600/457/2461 1608/461/2469 1616/440/2477
f 1616/440/2477 1624/468/2485 1632/441/2493
f 1632/441/2493 1640/475/2501 1584/442/2445
f 1584/442/2445 1600/457/2461 1616/440/2477
f 1645/443/2506 1646/446/2507 1644/444/2513
f 1583/445/2444 1584/479/2445 1646/446/2507
f 1585/449/2446 1583/480/2444 1645/481/2506
f 1645/481/2506 1643/482/2504 1641/483/2502
f 1641/483/2502 1639/484/2500 1637/485/2498
f 1637/485/2498 1635/486/2496 1633/487/2494
f 1633/487/2494 1631/488/2492 1629/489/2490
f 1629/489/2490 1627/490/2511 1625/491/2486
f 1625/491/2486 1623/492/2484 1621/493/2482
f 1621/493/2482 1619/494/2480 1617/447/2478
f 1617/447/2478 1615/495/2476 1613/496/2474
f 1613/496/2474 1611/497/2472 1609/498/2470
f 1609/498/2470 1607/499/2468 1605/500/2466
f 1605/500/2466 1603/501/2510 1601/448/2462
f 1601/448/2462 1599/502/2460 1597/503/2458
f 1597/503/2458 1595/504/2456 1593/505/2454
f 1593/505/2454 1591/506/2452 1589/507/2450
f 1589/507/2450 1587/508/2448 1585/449/2446
f 1585/449/2446 1645/481/2506 1641/483/2502
f 1641/483/2502 1637/485/2498 1633/487/2494
f 1633/487/2494 1629/489/2490 1625/491/2486
f 1625/491/2486 1621/493/2482 1617/447/2478
f 1617/447/2478 1613/496/2474 1609/498/2470
f 1609/498/2470 1605/500/2466 1601/448/2462
f 1601/448/2462 1597/503/2458 1593/505/2454
f 1593/505/2454 1589/507/2450 1585/449/2446
f 1585/449/2446 1641/483/2502 1633/487/2494
f 1633/487/2494 1625/491/2486 1617/447/2478
f 1617/447/2478 1609/498/2470 1601/448/2462
f 1601/448/2462 1593/505/2454 1585/449/2446
f 1585/449/2446 1633/487/2494 1617/447/2478
o back_wheel
v -0.041415 -0.000000 0.308771
v 0.041415 0.000000 0.308771
v 0.041415 -0.060238 0.302838
v -0.041415 -0.060238 0.302838
v 0.041415 -0.118161 0.285267
v -0.041415 -0.118161 0.285267
v 0.041415 -0.171544 0.256733
v -0.041415 -0.171544 0.256733
v 0.041415 -0.218334 0.218334
v -0.041415 -0.218334 0.218334
v 0.041415 -0.256733 0.171544
v -0.041415 -0.256733 0.171544
v 0.041415 -0.285267 0.118161
v -0.041415 -0.285267 0.118161
v 0.041415 -0.302838 0.060238
v -0.041415 -0.302838 0.060238
v 0.041415 -0.308771 0.000000
v -0.041415 -0.308771 0.000000
v 0.041415 -0.302838 -0.060238
v -0.041415 -0.302838 -0.060238
v 0.041415 -0.285267 -0.118161
v -0.041415 -0.285267 -0.118161
v 0.041415 -0.256733 -0.171544
v -0.041415 -0.256733 -0.171544
v 0.041415 -0.218334 -0.218334
v -0.041415 -0.218334 -0.218334
v 0.041415 -0.171544 -0.256733
v -0.041415 -0.171544 -0.256733
v 0.041415 -0.118161 -0.285267
v -0.041415 -0.118161 -0.285267
v 0.041415 -0.060238 -0.302838
v -0.041415 -0.060238 -0.302838
v 0.041415 0.000000 -0.308771
v -0.041415 -0.000000 -0.308771
v 0.041415 0.060238 -0.302838
v -0.041415 0.060238 -0.302838
v 0.041415 0.118161 -0.285267
v -0.041415 0.118161 -0.285267
v 0.041415 0.171544 -0.256733
v -0.041415 0.171544 -0.256733
v 0.041415 0.218334 -0.218334
v -0.041415 0.218334 -0.218334
v 0.041415 0.256733 -0.171544
v -0.041415 0.256733 -0.171544
v 0.041415 0.285267 -0.118161
v -0.041415 0.285267 -0.118161
v 0.041415 0.302838 -0.060238
v -0.041415 0.302838 -0.060238
v 0.041415 0.308771 0.000000
v -0.041415 0.308771 0.000000
v 0.041415 0.302838 0.060238
v -0.041415 0.302838 0.060238
v 0.041415 0.285267 0.118161
v -0.041415 0.285267 0.118161
v 0.041415 0.256733 0.171544
v -0.041415 0.256733 0.171544
v 0.041415 0.218334 0.218334
v -0.041415 0.218334 0.218334
v 0.041415 0.171544 0.256733
v -0.041415 0.171544 0.256733
v 0.041415 0.118161 0.285267
v -0.041415 0.118161 0.285267
v 0.041415 0.060238 0.302838
v -0.041415 0.060238 0.302838
v -0.041415 -0.000000 0.308771
v -0.062123 -0.000000 0.287963
v 0.062123 0.000000 0.287963
v 0.041415 0.000000 0.308771
v -0.062123 -0.056179 0.282430
v -0.041415 -0.060238 0.302838
v 0.041415 -0.060238 0.302838
v 0.062123 -0.056179 0.282430
v -0.062123 -0.110199 0.266043
v -0.041415 -0.118161 0.285267
v 0.041415 -0.118161 0.285267
v 0.062123 -0.110199 0.266043
v -0.062123 -0.159984 0.239432
v -0.041415 -0.171544 0.256733
v 0.041415 -0.171544 0.256733
v 0.062123 -0.159984 0.239432
v -0.062123 -0.203621 0.203621
v -0.041415 -0.218334 0.218334
v 0.041415 -0.218334 0.218334
v 0.062123 -0.203621 0.203621
v -0.062123 -0.239432 0.159984
v -0.041415 -0.256733 0.171544
v 0.041415 -0.256733 0.171544
v 0.062123 -0.239432 0.159984
v -0.062123 -0.266043 0.110199
v -0.041415 -0.285267 0.118161
v 0.041415 -0.285267 0.118161
v 0.062123 -0.266043 0.110199
v -0.062123 -0.282430 0.056179
v -0.041415 -0.302838 0.060238
v 0.041415 -0.302838 0.060238
v 0.062123 -0.282430 0.056179
v -0.062123 -0.287963 0.000000
v -0.041415 -0.308771 0.000000
v 0.041415 -0.308771 0.000000
v 0.062123 -0.287963 0.000000
v -0.062123 -0.282430 -0.056179
v -0.041415 -0.302838 -0.060238
v 0.041415 -0.302838 -0.060238
v 0.062123 -0.282430 -0.056179
v -0.062123 -0.266043 -0.110199
v -0.041415 -0.285267 -0.118161
v 0.041415 -0.285267 -0.118161
v 0.062123 -0.266043 -0.110199
v -0.062123 -0.239432 -0.159984
v -0.041415 -0.256733 -0.171544
v 0.041415 -0.256733 -0.171544
v 0.062123 -0.239432 -0.159984
v -0.062123 -0.203621 -0.203621
v -0.041415 -0.218334 -0.218334
v 0.041415 -0.218334 -0.218334
v 0.062123 -0.203621 -0.203621
v -0.062123 -0.159984 -0.239432
v -0.041415 -0.171544 -0.256733
v 0.041415 -0.171544 -0.256733
v 0.062123 -0.159984 -0.239432
v -0.062123 -0.110199 -0.266043
v -0.041415 -0.118161 -0.285267
v 0.041415 -0.118161 -0.285267
v 0.062123 -0.110199 -0.266043
v -0.062123 -0.056179 -0.282430
v -0.041415 -0.060238 -0.302838
v 0.041415 -0.060238 -0.302838
v 0.062123 -0.056179 -0.282430
v -0.062123 -0.000000 -0.287963
v -0.041415 -0.000000 -0.308771
v 0.041415 0.000000 -0.308771
v 0.062123 0.000000 -0.287963
v -0.062123 0.056179 -0.282430
v -0.041415 0.060238 -0.302838
v 0.041415 0.060238 -0.302838
v 0.062123 0.056179 -0.282430
v -0.062123 0.110199 -0.266043
v -0.041415 0.118161 -0.285267
v 0.041415 0.118161 -0.285267
v 0.062123 0.110199 -0.266043
v -0.062123 0.159984 -0.239432
v -0.041415 0.171544 -0.256733
v 0.041415 0.171544 -0.256733
v 0.062123 0.159984 -0.239432
v -0.062123 0.203621 -0.203621
v -0.041415 0.218334 -0.218334
v 0.041415 0.218334 -0.218334
v 0.062123 0.203621 -0.203621
v -0.062123 0.239432 -0.159984
v -0.041415 0.256733 -0.171544
v 0.041415 0.256733 -0.171544
v 0.062123 0.239432 -0.159984
v -0.062123 0.266043 -0.110199
v -0.041415 0.285267 -0.118161
v 0.041415 0.285267 -0.118161
v 0.062123 0.266043 -0.110199
v -0.062123 0.282430 -0.056179
v -0.041415 0.302838 -0.060238
v 0.041415 0.302838 -0.060238
v 0.062123 0.282430 -0.056179
v -0.062123 0.287963 0.000000
v -0.041415 0.308771 0.000000
v 0.041415 0.308771 0.000000
v 0.062123 0.287963 0.000000
v -0.062123 0.282430 0.056179
v -0.041415 0.302838 0.060238
v 0.041415 0.302838 0.060238
v 0.062123 0.282430 0.056179
v -0.062123 0.266043 0.110199
v -0.041415 0.285267 0.118161
v 0.041415 0.285267 0.118161
v 0.062123 0.266043 0.110199
v -0.062123 0.239432 0.159984
v -0.041415 0.256733 0.171544
v 0.041415 0.256733 0.171544
v 0.062123 0.239432 0.159984
v -0.062123 0.203621 0.203621
v -0.041415 0.218334 0.218334
v 0.041415 0.218334 0.218334
v 0.062123 0.203621 0.203621
v -0.062123 0.159984 0.239432
v -0.041415 0.171544 0.256733
v 0.041415 0.171544 0.256733
v 0.062123 0.159984 0.239432
v -0.062123 0.110199 0.266043
v -0.041415 0.118161 0.285267
v 0.041415 0.118161 0.285267
v 0.062123 0.110199 0.266043
v -0.062123 0.056179 0.282430
v -0.041415 0.060238 0.302838
v 0.041415 0.060238 0.302838
v 0.062123 0.056179 0.282430
vn -0.0000 -0.0000 1.0000
vn -0.0000 0.1892 0.9819
vn -0.0000 0.3700 0.9290
vn -0.0000 0.3879 0.9217
vn -0.0000 0.5640 0.8257
vn -0.0000 0.6629 0.7487
vn -0.0000 0.7012 0.7130
vn -0.0000 0.9243 0.3818
vn -0.0000 0.8274 0.5616
vn -0.0000 0.9572 0.2896
vn -0.0000 0.9248 0.3803
vn -0.0000 0.9809 0.1946
vn -0.0000 0.9814 0.1920
vn -0.0000 0.9952 0.0978
vn -0.0000 1.0000 -0.0000
vn -0.0000 0.9814 -0.1920
vn -0.0000 0.9952 -0.0978
vn -0.0000 0.9329 -0.3602
vn -0.0000 0.9809 -0.1946
vn -0.0000 0.9572 -0.2896
vn -0.0000 0.8263 -0.5633
vn -0.0000 0.7101 -0.7041
vn -0.0000 0.9243 -0.3817
vn -0.0000 0.5348 -0.8450
vn -0.0000 0.6629 -0.7487
vn -0.0000 0.3879 -0.9217
vn -0.0000 0.3875 -0.9219
vn -0.0000 0.1729 -0.9849
vn -0.0000 0.2120 -0.9773
vn -0.0000 -0.0000 -1.0000
vn -0.0000 -0.2311 -0.9729
vn -0.0000 -0.2469 -0.9691
vn -0.0000 -0.3991 -0.9169
vn -0.0000 -0.5898 -0.8075
vn -0.0000 -0.5601 -0.8284
vn -0.0000 -0.7580 -0.6522
vn -0.0000 -0.7018 -0.7124
vn -0.0000 -0.8629 -0.5055
vn -0.0000 -0.8246 -0.5657
vn -0.0000 -0.9200 -0.3918
vn -0.0000 -0.9231 -0.3845
vn -0.0000 -0.9808 -0.1950
vn -0.0000 -0.9841 -0.1776
vn -0.0000 -1.0000 -0.0000
vn -0.0000 -0.9808 0.1950
vn -0.0000 -0.9788 0.2046
vn -0.0000 -0.9657 0.2595
vn -0.0000 -0.9213 0.3888
vn -0.0000 -0.8397 0.5431
vn -0.0000 -0.8585 0.5128
vn -0.0000 -0.8060 0.5919
vn -0.0000 -0.6979 0.7162
vn -0.0000 -0.5500 0.8352
vn -0.0000 -0.5799 0.8147
vn -0.0000 -0.4612 0.8873
vn -0.0000 -0.3632 0.9317
vn -0.0000 -0.2197 0.9756
vn -0.0000 -0.1892 0.9819
vn -0.7088 -0.1376 0.6918
vn -0.3766 -0.0000 0.9264
vn -0.7088 -0.0000 0.7054
vn 0.7088 -0.1376 0.6918
vn 0.3755 -0.0000 0.9268
vn 0.3754 -0.1743 0.9103
vn -0.3747 -0.3332 0.8652
vn -0.3770 -0.2079 0.9026
vn 0.3760 -0.4411 0.8149
vn 0.7088 -0.2699 0.6517
vn -0.7088 -0.2699 0.6517
vn -0.3748 -0.5419 0.7522
vn 0.3747 -0.5090 0.7749
vn 0.7088 -0.3919 0.5865
vn -0.7088 -0.3919 0.5865
vn -0.3749 -0.6454 0.6656
vn 0.4003 -0.7554 0.5188
vn 0.7088 -0.4988 0.4988
vn -0.7088 -0.5865 0.3919
vn -0.7088 -0.4988 0.4988
vn 0.7088 -0.5865 0.3919
vn 0.3747 -0.7800 0.5012
vn -0.7088 -0.6517 0.2699
vn -0.3777 -0.7996 0.4670
vn 0.7088 -0.6517 0.2699
vn 0.3789 -0.8995 0.2174
vn -0.7088 -0.6918 0.1376
vn -0.3774 -0.8527 0.3611
vn 0.7088 -0.6918 0.1376
vn 0.3751 -0.9092 0.1808
vn -0.3753 -0.9269 -0.0000
vn -0.3762 -0.9066 0.1913
vn 0.3762 -0.9265 -0.0000
vn 0.7088 -0.7054 -0.0000
vn -0.7088 -0.6918 -0.1376
vn -0.7088 -0.7054 -0.0000
vn 0.7088 -0.6918 -0.1376
vn 0.3751 -0.9092 -0.1808
vn -0.3751 -0.8522 -0.3649
vn -0.3752 -0.9128 -0.1615
vn 0.3763 -0.8552 -0.3565
vn 0.7088 -0.6517 -0.2699
vn -0.7088 -0.6517 -0.2699
vn -0.3768 -0.7626 -0.5258
vn 0.3967 -0.7977 -0.4543
vn 0.7088 -0.5865 -0.3919
vn -0.7088 -0.5865 -0.3919
vn -0.3768 -0.6491 -0.6608
vn 0.3757 -0.7112 -0.5942
vn 0.7088 -0.4988 -0.4988
vn -0.7088 -0.3919 -0.5865
vn -0.7088 -0.4988 -0.4988
vn 0.7088 -0.3919 -0.5865
vn 0.3754 -0.5527 -0.7440
vn -0.7088 -0.2699 -0.6517
vn -0.3758 -0.5198 -0.7672
vn 0.7088 -0.2699 -0.6517
vn 0.3755 -0.3728 -0.8486
vn -0.7088 -0.1376 -0.6918
vn -0.3755 -0.3728 -0.8486
vn 0.7088 -0.1376 -0.6918
vn 0.3793 -0.2377 -0.8942
vn -0.3755 -0.0000 -0.9268
vn -0.3764 -0.2206 -0.8998
vn 0.3755 -0.0000 -0.9268
vn 0.7088 -0.0000 -0.7054
vn -0.7088 0.1376 -0.6918
vn -0.7088 -0.0000 -0.7054
vn 0.7088 0.1376 -0.6918
vn 0.3750 0.1563 -0.9137
vn -0.3784 0.3600 -0.8528
vn -0.3749 0.1996 -0.9053
vn 0.3753 0.3601 -0.8541
vn 0.7088 0.2699 -0.6517
vn -0.7088 0.2699 -0.6517
vn -0.4255 0.6202 -0.6590
vn 0.3751 0.4920 -0.7856
vn 0.7088 0.3919 -0.5865
vn -0.7088 0.3919 -0.5865
vn -0.3996 0.8725 -0.2812
vn 0.3749 0.6589 -0.6522
vn 0.7088 0.4988 -0.4988
vn -0.7088 0.5865 -0.3919
vn -0.7088 0.4988 -0.4988
vn 0.7088 0.5865 -0.3919
vn 0.3747 0.7652 -0.5236
vn -0.7088 0.6517 -0.2699
vn -0.3884 0.8961 -0.2147
vn 0.7088 0.6517 -0.2699
vn 0.3750 0.8663 -0.3299
vn -0.7088 0.6918 -0.1376
vn -0.3806 0.9133 -0.1450
vn 0.7088 0.6918 -0.1376
vn 0.3755 0.9097 -0.1774
vn -0.3746 0.9272 -0.0000
vn -0.3761 0.9237 -0.0730
vn 0.3755 0.9268 -0.0000
vn 0.7088 0.7054 -0.0000
vn -0.7088 0.6918 0.1376
vn -0.7088 0.7054 -0.0000
vn 0.7088 0.6918 0.1376
vn 0.3755 0.9097 0.1774
vn -0.3806 0.9133 0.1450
vn -0.3761 0.9237 0.0730
vn 0.3756 0.8573 0.3521
vn 0.7088 0.6517 0.2699
vn -0.7088 0.6517 0.2699
vn -0.3884 0.8961 0.2147
vn 0.3761 0.7659 0.5215
vn 0.7088 0.5865 0.3919
vn -0.7088 0.5865 0.3919
vn -0.3996 0.8725 0.2812
vn 0.3772 0.6483 0.6614
vn 0.7088 0.4988 0.4988
vn -0.7088 0.3919 0.5865
vn -0.7088 0.4988 0.4988
vn 0.7088 0.3919 0.5865
vn 0.3764 0.5241 0.7640
vn -0.7088 0.2699 0.6517
vn -0.4255 0.6202 0.6591
vn 0.7088 0.2699 0.6517
vn 0.3761 0.3406 0.8617
vn -0.7088 0.1376 0.6918
vn -0.3784 0.3600 0.8528
vn 0.7088 0.1376 0.6918
vn 0.3754 0.1743 0.9103
vn -0.3754 0.1743 0.9103
vn 0.7088 -0.0000 0.7054
vn -1.0000 -0.0000 -0.0000
vn 1.0000 -0.0000 -0.0000
vt 0.000000 0.666667
vt 0.031250 0.833333
vt 0.031250 0.666667
vt 0.062500 0.833333
vt 0.062500 0.666667
vt 0.093750 0.833333
vt 0.093750 0.666667
vt 0.125000 0.833333
vt 0.125000 0.666667
vt 0.156250 0.833333
vt 0.156250 0.666667
vt 0.187500 0.833333
vt 0.187500 0.666667
vt 0.218750 0.833333
vt 0.218750 0.666667
vt 0.250000 0.833333
vt 0.250000 0.666667
vt 0.281250 0.833333
vt 0.281250 0.666667
vt 0.312500 0.833333
vt 0.312500 0.666667
vt 0.343750 0.666667
vt 0.343750 0.833333
vt 0.375000 0.833333
vt 0.375000 0.666667
vt 0.406250 0.833333
vt 0.406250 0.666667
vt 0.437500 0.666667
vt 0.437500 0.833333
vt 0.468750 0.833333
vt 0.468750 0.666667
vt 0.500000 0.833333
vt 0.500000 0.666667
vt 0.531250 0.666667
vt 0.531250 0.833333
vt 0.562500 0.833333
vt 0.562500 0.666667
vt 0.593750 0.833333
vt 0.593750 0.666667
vt 0.625000 0.833333
vt 0.625000 0.666667
vt 0.656250 0.833333
vt 0.656250 0.666667
vt 0.687500 0.666667
vt 0.687500 0.833333
vt 0.718750 0.833333
vt 0.718750 0.666667
vt 0.750000 0.833333
vt 0.750000 0.666667
vt 0.781250 0.833333
vt 0.781250 0.666667
vt 0.812500 0.833333
vt 0.812500 0.666667
vt 0.843750 0.833333
vt 0.843750 0.666667
vt 0.875000 0.833333
vt 0.875000 0.666667
vt 0.906250 0.833333
vt 0.906250 0.666667
vt 0.937500 0.833333
vt 0.937500 0.666667
vt 0.968750 0.666667
vt 0.968750 0.833333
vt 1.000000 0.833333
vt 1.000000 0.666667
vt 0.968750 0.500000
vt 0.998947 0.500000
vt 0.968750 1.000000
vt 1.000000 0.833333
vt 0.968750 0.833333
vt 0.937500 0.666667
vt 0.968750 0.666667
vt 0.937500 0.833333
vt 0.937500 1.000000
vt 0.937500 0.500000
vt 0.906250 0.666667
vt 0.906250 0.833333
vt 0.906250 1.000000
vt 0.906250 0.500000
vt 0.875000 0.666667
vt 0.875000 0.833333
vt 0.875000 1.000000
vt 0.843750 0.500000
vt 0.875000 0.500000
vt 0.843750 1.000000
vt 0.843750 0.833333
vt 0.812500 0.500000
vt 0.843750 0.666667
vt 0.812500 1.000000
vt 0.812500 0.833333
vt 0.781250 0.500000
vt 0.812500 0.666667
vt 0.781250 1.000000
vt 0.781250 0.833333
vt 0.750000 0.666667
vt 0.781250 0.666667
vt 0.750000 1.000000
vt 0.718750 0.500000
vt 0.750000 0.500000
vt 0.718750 1.000000
vt 0.718750 0.833333
vt 0.687500 0.666667
vt 0.718750 0.666667
vt 0.687500 0.833333
vt 0.687500 1.000000
vt 0.687500 0.500000
vt 0.656250 0.666667
vt 0.656250 1.000000
vt 0.656250 0.500000
vt 0.625000 0.666667
vt 0.625000 0.833333
vt 0.625000 1.000000
vt 0.593750 0.500000
vt 0.625000 0.500000
vt 0.593750 1.000000
vt 0.593750 0.833333
vt 0.562500 0.500000
vt 0.593750 0.666667
vt 0.562500 1.000000
vt 0.562500 0.833333
vt 0.531250 0.500000
vt 0.562500 0.666667
vt 0.531250 1.000000
vt 0.531250 0.833333
vt 0.500000 0.666667
vt 0.531250 0.666667
vt 0.500000 0.833333
vt 0.500000 1.000000
vt 0.468750 0.500000
vt 0.500000 0.500000
vt 0.468750 1.000000
vt 0.468750 0.833333
vt 0.437500 0.666667
vt 0.468750 0.666667
vt 0.437500 0.833333
vt 0.437500 1.000000
vt 0.437500 0.500000
vt 0.406250 0.833333
vt 0.406250 1.000000
vt 0.406250 0.500000
vt 0.375000 0.833333
vt 0.375000 1.000000
vt 0.343750 0.500000
vt 0.375000 0.500000
vt 0.343750 1.000000
vt 0.343750 0.833333
vt 0.312500 0.500000
vt 0.312500 1.000000
vt 0.312500 0.833333
vt 0.281250 0.500000
vt 0.281250 1.000000
vt 0.281250 0.833333
vt 0.250000 0.833333
vt 0.250000 1.000000
vt 0.218750 0.500000
vt 0.250000 0.500000
vt 0.218750 1.000000
vt 0.218750 0.833333
vt 0.187500 0.833333
vt 0.187500 1.000000
vt 0.187500 0.500000
vt 0.156250 0.833333
vt 0.156250 1.000000
vt 0.156250 0.500000
vt 0.125000 0.833333
vt 0.125000 1.000000
vt 0.093750 0.500000
vt 0.125000 0.500000
vt 0.093750 1.000000
vt 0.093750 0.833333
vt 0.062500 0.500000
vt 0.062500 1.000000
vt 0.062500 0.833333
vt 0.031250 0.500000
vt 0.062500 0.666667
vt 0.031250 1.000000
vt 0.031250 0.833333
vt 0.000000 0.666666
vt 0.031250 0.666667
vt 0.000000 0.833333
vt 0.001053 1.000000
vt 0.706334 0.030474
vt 0.969526 0.206334
vt 0.793666 0.469526
vt 0.250000 0.026173
vt 0.026173 0.250000
vt 0.250000 0.473827
vt 0.998947 1.000000
vt 0.001053 0.500000
vt 0.750000 0.473827
vt 0.706334 0.469526
vt 0.664345 0.456789
vt 0.625649 0.436105
vt 0.591731 0.408269
vt 0.563895 0.374352
vt 0.543211 0.335655
vt 0.530474 0.293666
vt 0.526173 0.250000
vt 0.530474 0.206334
vt 0.543211 0.164345
vt 0.563895 0.125649
vt 0.591731 0.091731
vt 0.625648 0.063895
vt 0.664345 0.043211
vt 0.750000 0.026173
vt 0.793666 0.030474
vt 0.835655 0.043211
vt 0.874351 0.063895
vt 0.908269 0.091731
vt 0.936105 0.125649
vt 0.956789 0.164345
vt 0.973827 0.250000
vt 0.969526 0.293666
vt 0.956789 0.335655
vt 0.936105 0.374351
vt 0.908269 0.408269
vt 0.874351 0.436105
vt 0.835655 0.456789
vt 0.293666 0.469526
vt 0.335655 0.456789
vt 0.374352 0.436105
vt 0.408269 0.408269
vt 0.436105 0.374352
vt 0.456789 0.335655
vt 0.469526 0.293666
vt 0.473827 0.250000
vt 0.469526 0.206334
vt 0.456789 0.164345
vt 0.436105 0.125649
vt 0.408269 0.091731
vt 0.374352 0.063895
vt 0.335655 0.043211
vt 0.293666 0.030474
vt 0.206334 0.030474
vt 0.164345 0.043211
vt 0.125649 0.063895
vt 0.091731 0.091731
vt 0.063895 0.125649
vt 0.043211 0.164345
vt 0.030474 0.206334
vt 0.030474 0.293666
vt 0.043211 0.335655
vt 0.063895 0.374351
vt 0.091731 0.408269
vt 0.125649 0.436105
vt 0.164345 0.456789
vt 0.206334 0.469526
s 1
usemtl wheel
f 1647/509/2514 1709/510/2515 1710/511/2515
f 1710/511/2515 1707/512/2516 1708/513/2517
f 1708/513/2517 1705/514/2518 1706/515/2519
f 1706/515/2519 1703/516/2520 1704/517/2521
f 1704/517/2521 1701/518/2522 1702/519/2523
f 1702/519/2523 1699/520/2524 1700/521/2525
f 1700/521/2525 1697/522/2526 1698/523/2527
f 1698/523/2527 1695/524/2528 1696/525/2528
f 1696/525/2528 1693/526/2529 1694/527/2530
f 1694/527/2530 1691/528/2531 1692/529/2532
f 1690/530/2533 1691/528/2531 1689/531/2534
f 1690/530/2533 1687/532/2535 1688/533/2536
f 1688/533/2536 1685/534/2537 1686/535/2538
f 1684/536/2539 1685/534/2537 1683/537/2540
f 1684/536/2539 1681/538/2541 1682/539/2542
f 1682/539/2542 1679/540/2543 1680/541/2543
f 1678/542/2544 1679/540/2543 1677/543/2545
f 1678/542/2544 1675/544/2546 1676/545/2546
f 1676/545/2546 1673/546/2547 1674/547/2548
f 1674/547/2548 1671/548/2549 1672/549/2550
f 1672/549/2550 1669/550/2551 1670/551/2552
f 1668/552/2553 1669/550/2551 1667/553/2554
f 1668/552/2553 1665/554/2555 1666/555/2556
f 1666/555/2556 1663/556/2557 1664/557/2557
f 1664/557/2557 1661/558/2558 1662/559/2559
f 1662/559/2559 1659/560/2560 1660/561/2561
f 1660/561/2561 1657/562/2562 1658/563/2563
f 1658/563/2563 1655/564/2564 1656/565/2565
f 1656/565/2565 1653/566/2566 1654/567/2567
f 1654/567/2567 1651/568/2568 1652/569/2569
f 1650/570/2570 1651/568/2568 1649/571/2571
f 1650/570/2570 1648/572/2514 1647/573/2514
f 1715/574/2572 1711/573/2573 1712/575/2574
f 1718/576/2575 1714/577/2576 1717/578/2577
f 1715/574/2572 1720/579/2578 1716/580/2579
f 1718/576/2575 1721/581/2580 1722/582/2581
f 1719/583/2582 1724/584/2583 1720/579/2578
f 1722/582/2581 1725/585/2584 1726/586/2585
f 1723/587/2586 1728/588/2587 1724/584/2583
f 1726/586/2585 1729/589/2588 1730/590/2589
f 1731/591/2590 1728/588/2587 1727/592/2591
f 1734/593/2592 1729/589/2588 1733/594/2593
f 1735/595/2594 1732/596/2595 1731/591/2590
f 1738/597/2596 1733/594/2593 1737/598/2597
f 1739/599/2598 1736/600/2599 1735/595/2594
f 1742/601/2600 1737/598/2597 1741/602/2601
f 1739/599/2598 1744/603/2602 1740/604/2603
f 1742/601/2600 1745/556/2604 1746/605/2605
f 1747/606/2606 1744/603/2602 1743/607/2607
f 1750/608/2608 1745/556/2604 1749/609/2609
f 1747/606/2606 1752/610/2610 1748/611/2611
f 1750/608/2608 1753/612/2612 1754/613/2613
f 1751/614/2614 1756/615/2615 1752/610/2610
f 1754/613/2613 1757/550/2616 1758/616/2617
f 1755/617/2618 1760/618/2619 1756/615/2615
f 1758/616/2617 1761/619/2620 1762/620/2621
f 1763/621/2622 1760/618/2619 1759/622/2623
f 1766/623/2624 1761/619/2620 1765/624/2625
f 1767/625/2626 1764/626/2627 1763/621/2622
f 1770/627/2628 1765/624/2625 1769/628/2629
f 1771/629/2630 1768/630/2631 1767/625/2626
f 1774/631/2632 1769/628/2629 1773/632/2633
f 1771/629/2630 1776/633/2634 1772/634/2635
f 1774/631/2632 1777/635/2636 1778/636/2637
f 1779/637/2638 1776/633/2634 1775/638/2639
f 1782/639/2640 1777/635/2636 1781/640/2641
f 1779/637/2638 1784/641/2642 1780/642/2643
f 1782/639/2640 1785/643/2644 1786/644/2645
f 1783/645/2646 1788/535/2647 1784/641/2642
f 1786/644/2645 1789/646/2648 1790/647/2649
f 1787/648/2650 1792/533/2651 1788/535/2647
f 1790/647/2649 1793/649/2652 1794/650/2653
f 1795/651/2654 1792/533/2651 1791/652/2655
f 1798/653/2656 1793/649/2652 1797/654/2657
f 1799/655/2658 1796/530/2659 1795/651/2654
f 1802/656/2660 1797/654/2657 1801/657/2661
f 1803/658/2662 1800/529/2663 1799/655/2658
f 1806/659/2664 1801/657/2661 1805/660/2665
f 1803/658/2662 1808/525/2666 1804/527/2667
f 1806/659/2664 1809/661/2668 1810/662/2669
f 1811/663/2670 1808/525/2666 1807/664/2671
f 1814/665/2672 1809/661/2668 1813/666/2673
f 1811/663/2670 1816/521/2674 1812/523/2675
f 1814/665/2672 1817/667/2676 1818/668/2677
f 1815/669/2678 1820/519/2679 1816/521/2674
f 1818/668/2677 1821/670/2680 1822/671/2681
f 1819/672/2682 1824/517/2683 1820/519/2679
f 1822/671/2681 1825/673/2684 1826/674/2685
f 1827/675/2686 1824/517/2683 1823/676/2687
f 1830/677/2688 1825/673/2684 1829/678/2689
f 1831/679/2690 1828/515/2691 1827/675/2686
f 1834/680/2692 1829/678/2689 1833/681/2693
f 1835/682/2694 1832/683/2695 1831/679/2690
f 1838/684/2696 1833/681/2693 1837/685/2697
f 1835/682/2694 1711/686/2573 1836/687/2698
f 1838/684/2696 1714/688/2576 1713/689/2699
f 1716/580/2579 1647/573/2514 1711/573/2573
s 0
f 1779/690/2700 1747/691/2700 1715/692/2700
s 1
f 1711/686/2573 1710/511/2515 1836/687/2698
s 0
f 1778/693/2701 1810/694/2701 1713/695/2701
s 1
f 1649/571/2571 1714/577/2576 1648/572/2514
f 1648/688/2514 1837/685/2697 1709/510/2515
f 1720/579/2578 1650/570/2570 1716/580/2579
f 1651/568/2568 1717/578/2577 1649/571/2571
f 1724/584/2583 1652/569/2569 1720/579/2578
f 1653/566/2566 1721/581/2580 1651/568/2568
f 1728/588/2587 1654/567/2567 1724/584/2583
f 1655/564/2564 1725/585/2584 1653/566/2566
f 1732/596/2595 1656/565/2565 1728/588/2587
f 1657/562/2562 1729/589/2588 1655/564/2564
f 1736/600/2599 1658/563/2563 1732/596/2595
f 1659/560/2560 1733/594/2593 1657/562/2562
f 1740/604/2603 1660/561/2561 1736/600/2599
f 1661/558/2558 1737/598/2597 1659/560/2560
f 1744/603/2602 1662/559/2559 1740/604/2603
f 1663/556/2557 1741/602/2601 1661/558/2558
f 1748/611/2611 1664/557/2557 1744/603/2602
f 1665/554/2555 1745/556/2604 1663/556/2557
f 1752/610/2610 1666/555/2556 1748/611/2611
f 1667/553/2554 1749/609/2609 1665/554/2555
f 1756/615/2615 1668/552/2553 1752/610/2610
f 1669/550/2551 1753/612/2612 1667/553/2554
f 1760/618/2619 1670/551/2552 1756/615/2615
f 1671/548/2549 1757/550/2616 1669/550/2551
f 1764/626/2627 1672/549/2550 1760/618/2619
f 1673/546/2547 1761/619/2620 1671/548/2549
f 1768/630/2631 1674/547/2548 1764/626/2627
f 1675/544/2546 1765/624/2625 1673/546/2547
f 1772/634/2635 1676/545/2546 1768/630/2631
f 1677/543/2545 1769/628/2629 1675/544/2546
f 1776/633/2634 1678/542/2544 1772/634/2635
f 1679/540/2543 1773/632/2633 1677/543/2545
f 1780/642/2643 1680/541/2543 1776/633/2634
f 1681/538/2541 1777/635/2636 1679/540/2543
f 1784/641/2642 1682/539/2542 1780/642/2643
f 1683/537/2540 1781/640/2641 1681/538/2541
f 1788/535/2647 1684/536/2539 1784/641/2642
f 1685/534/2537 1785/643/2644 1683/537/2540
f 1788/535/2647 1688/533/2536 1686/535/2538
f 1687/532/2535 1789/646/2648 1685/534/2537
f 1792/533/2651 1690/530/2533 1688/533/2536
f 1689/531/2534 1793/649/2652 1687/532/2535
f 1796/530/2659 1692/529/2532 1690/530/2533
f 1691/528/2531 1797/654/2657 1689/531/2534
f 1800/529/2663 1694/527/2530 1692/529/2532
f 1693/526/2529 1801/657/2661 1691/528/2531
f 1804/527/2667 1696/525/2528 1694/527/2530
f 1695/524/2528 1805/660/2665 1693/526/2529
f 1808/525/2666 1698/523/2527 1696/525/2528
f 1697/522/2526 1809/661/2668 1695/524/2528
f 1812/523/2675 1700/521/2525 1698/523/2527
f 1699/520/2524 1813/666/2673 1697/522/2526
f 1816/521/2674 1702/519/2523 1700/521/2525
f 1701/518/2522 1817/667/2676 1699/520/2524
f 1820/519/2679 1704/517/2521 1702/519/2523
f 1703/516/2520 1821/670/2680 1701/518/2522
f 1824/517/2683 1706/515/2519 1704/517/2521
f 1705/514/2518 1825/673/2684 1703/516/2520
f 1828/515/2691 1708/513/2517 1706/515/2519
f 1705/514/2518 1833/681/2693 1829/678/2689
f 1836/687/2698 1708/513/2517 1832/683/2695
f 1709/510/2515 1833/681/2693 1707/512/2516
f 1647/509/2514 1648/688/2514 1709/510/2515
f 1710/511/2515 1709/510/2515 1707/512/2516
f 1708/513/2517 1707/512/2516 1705/514/2518
f 1706/515/2519 1705/514/2518 1703/516/2520
f 1704/517/2521 1703/516/2520 1701/518/2522
f 1702/519/2523 1701/518/2522 1699/520/2524
f 1700/521/2525 1699/520/2524 1697/522/2526
f 1698/523/2527 1697/522/2526 1695/524/2528
f 1696/525/2528 1695/524/2528 1693/526/2529
f 1694/527/2530 1693/526/2529 1691/528/2531
f 1690/530/2533 1692/529/2532 1691/528/2531
f 1690/530/2533 1689/531/2534 1687/532/2535
f 1688/533/2536 1687/532/2535 1685/534/2537
f 1684/536/2539 1686/535/2538 1685/534/2537
f 1684/536/2539 1683/537/2540 1681/538/2541
f 1682/539/2542 1681/538/2541 1679/540/2543
f 1678/542/2544 1680/541/2543 1679/540/2543
f 1678/542/2544 1677/543/2545 1675/544/2546
f 1676/545/2546 1675/544/2546 1673/546/2547
f 1674/547/2548 1673/546/2547 1671/548/2549
f 1672/549/2550 1671/548/2549 1669/550/2551
f 1668/552/2553 1670/551/2552 1669/550/2551
f 1668/552/2553 1667/553/2554 1665/554/2555
f 1666/555/2556 1665/554/2555 1663/556/2557
f 1664/557/2557 1663/556/2557 1661/558/2558
f 1662/559/2559 1661/558/2558 1659/560/2560
f 1660/561/2561 1659/560/2560 1657/562/2562
f 1658/563/2563 1657/562/2562 1655/564/2564
f 1656/565/2565 1655/564/2564 1653/566/2566
f 1654/567/2567 1653/566/2566 1651/568/2568
f 1650/570/2570 1652/569/2569 1651/568/2568
f 1650/570/2570 1649/571/2571 1648/572/2514
f 1715/574/2572 1716/580/2579 1711/573/2573
f 1718/576/2575 1713/696/2699 1714/577/2576
f 1715/574/2572 1719/583/2582 1720/579/2578
f 1718/576/2575 1717/578/2577 1721/581/2580
f 1719/583/2582 1723/587/2586 1724/584/2583
f 1722/582/2581 1721/581/2580 1725/585/2584
f 1723/587/2586 1727/592/2591 1728/588/2587
f 1726/586/2585 1725/585/2584 1729/589/2588
f 1731/591/2590 1732/596/2595 1728/588/2587
f 1734/593/2592 1730/590/2589 1729/589/2588
f 1735/595/2594 1736/600/2599 1732/596/2595
f 1738/597/2596 1734/593/2592 1733/594/2593
f 1739/599/2598 1740/604/2603 1736/600/2599
f 1742/601/2600 1738/597/2596 1737/598/2597
f 1739/599/2598 1743/607/2607 1744/603/2602
f 1742/601/2600 1741/602/2601 1745/556/2604
f 1747/606/2606 1748/611/2611 1744/603/2602
f 1750/608/2608 1746/605/2605 1745/556/2604
f 1747/606/2606 1751/614/2614 1752/610/2610
f 1750/608/2608 1749/609/2609 1753/612/2612
f 1751/614/2614 1755/617/2618 1756/615/2615
f 1754/613/2613 1753/612/2612 1757/550/2616
f 1755/617/2618 1759/622/2623 1760/618/2619
f 1758/616/2617 1757/550/2616 1761/619/2620
f 1763/621/2622 1764/626/2627 1760/618/2619
f 1766/623/2624 1762/620/2621 1761/619/2620
f 1767/625/2626 1768/630/2631 1764/626/2627
f 1770/627/2628 1766/623/2624 1765/624/2625
f 1771/629/2630 1772/634/2635 1768/630/2631
f 1774/631/2632 1770/627/2628 1769/628/2629
f 1771/629/2630 1775/638/2639 1776/633/2634
f 1774/631/2632 1773/632/2633 1777/635/2636
f 1779/637/2638 1780/642/2643 1776/633/2634
f 1782/639/2640 1778/636/2637 1777/635/2636
f 1779/637/2638 1783/645/2646 1784/641/2642
f 1782/639/2640 1781/640/2641 1785/643/2644
f 1783/645/2646 1787/648/2650 1788/535/2647
f 1786/644/2645 1785/643/2644 1789/646/2648
f 1787/648/2650 1791/652/2655 1792/533/2651
f 1790/647/2649 1789/646/2648 1793/649/2652
f 1795/651/2654 1796/530/2659 1792/533/2651
f 1798/653/2656 1794/650/2653 1793/649/2652
f 1799/655/2658 1800/529/2663 1796/530/2659
f 1802/656/2660 1798/653/2656 1797/654/2657
f 1803/658/2662 1804/527/2667 1800/529/2663
f 1806/659/2664 1802/656/2660 1801/657/2661
f 1803/658/2662 1807/664/2671 1808/525/2666
f 1806/659/2664 1805/660/2665 1809/661/2668
f 1811/663/2670 1812/523/2675 1808/525/2666
f 1814/665/2672 1810/662/2669 1809/661/2668
f 1811/663/2670 1815/669/2678 1816/521/2674
f 1814/665/2672 1813/666/2673 1817/667/2676
f 1815/669/2678 1819/672/2682 1820/519/2679
f 1818/668/2677 1817/667/2676 1821/670/2680
f 1819/672/2682 1823/676/2687 1824/517/2683
f 1822/671/2681 1821/670/2680 1825/673/2684
f 1827/675/2686 1828/515/2691 1824/517/2683
f 1830/677/2688 1826/674/2685 1825/673/2684
f 1831/679/2690 1832/683/2695 1828/515/2691
f 1834/680/2692 1830/677/2688 1829/678/2689
f 1835/682/2694 1836/687/2698 1832/683/2695
f 1838/684/2696 1834/680/2692 1833/681/2693
f 1835/682/2694 1712/697/2574 1711/686/2573
f 1838/684/2696 1837/685/2697 1714/688/2576
f 1716/580/2579 1650/570/2570 1647/573/2514
s 0
f 1715/692/2700 1712/698/2700 1835/699/2700
f 1835/699/2700 1831/700/2700 1827/701/2700
f 1827/701/2700 1823/702/2700 1819/703/2700
f 1819/703/2700 1815/704/2700 1811/705/2700
f 1811/705/2700 1807/706/2700 1803/707/2700
f 1803/707/2700 1799/708/2700 1795/709/2700
f 1795/709/2700 1791/710/2700 1787/711/2700
f 1787/711/2700 1783/712/2700 1779/690/2700
f 1779/690/2700 1775/713/2700 1771/714/2700
f 1771/714/2700 1767/715/2700 1763/716/2700
f 1763/716/2700 1759/717/2700 1755/718/2700
f 1755/718/2700 1751/719/2700 1747/691/2700
f 1747/691/2700 1743/720/2700 1739/721/2700
f 1739/721/2700 1735/722/2700 1731/723/2700
f 1731/723/2700 1727/724/2700 1723/725/2700
f 1723/725/2700 1719/726/2700 1715/692/2700
f 1715/692/2700 1835/699/2700 1827/701/2700
f 1827/701/2700 1819/703/2700 1811/705/2700
f 1811/705/2700 1803/707/2700 1795/709/2700
f 1795/709/2700 1787/711/2700 1779/690/2700
f 1779/690/2700 1771/714/2700 1763/716/2700
f 1763/716/2700 1755/718/2700 1747/691/2700
f 1747/691/2700 1739/721/2700 1731/723/2700
f 1731/723/2700 1723/725/2700 1715/692/2700
f 1715/692/2700 1827/701/2700 1811/705/2700
f 1811/705/2700 1795/709/2700 1779/690/2700
f 1779/690/2700 1763/716/2700 1747/691/2700
f 1747/691/2700 1731/723/2700 1715/692/2700
f 1715/692/2700 1811/705/2700 1779/690/2700
s 1
f 1711/686/2573 1647/509/2514 1710/511/2515
s 0
f 1713/695/2701 1718/727/2701 1722/728/2701
f 1722/728/2701 1726/729/2701 1730/730/2701
f 1730/730/2701 1734/731/2701 1738/732/2701
f 1738/732/2701 1742/733/2701 1746/734/2701
f 1746/734/2701 1750/735/2701 1754/736/2701
f 1754/736/2701 1758/737/2701 1762/738/2701
f 1762/738/2701 1766/739/2701 1770/740/2701
f 1770/740/2701 1774/741/2701 1778/693/2701
f 1778/693/2701 1782/742/2701 1786/743/2701
f 1786/743/2701 1790/744/2701 1794/745/2701
f 1794/745/2701 1798/746/2701 1802/747/2701
f 1802/747/2701 1806/748/2701 1810/694/2701
f 1810/694/2701 1814/749/2701 1818/750/2701
f 1818/750/2701 1822/751/2701 1826/752/2701
f 1826/752/2701 1830/753/2701 1834/754/2701
f 1834/754/2701 1838/755/2701 1713/695/2701
f 1713/695/2701 1722/728/2701 1730/730/2701
f 1730/730/2701 1738/732/2701 1746/734/2701
f 1746/734/2701 1754/736/2701 1762/738/2701
f 1762/738/2701 1770/740/2701 1778/693/2701
f 1778/693/2701 1786/743/2701 1794/745/2701
f 1794/745/2701 1802/747/2701 1810/694/2701
f 1810/694/2701 1818/750/2701 1826/752/2701
f 1826/752/2701 1834/754/2701 1713/695/2701
f 1713/695/2701 1730/730/2701 1746/734/2701
f 1746/734/2701 1762/738/2701 1778/693/2701
f 1778/693/2701 1794/745/2701 1810/694/2701
f 1810/694/2701 1826/752/2701 1713/695/2701
f 1713/695/2701 1746/734/2701 1778/693/2701
s 1
f 1649/571/2571 1717/578/2577 1714/577/2576
f 1648/688/2514 1714/688/2576 1837/685/2697
f 1720/579/2578 1652/569/2569 1650/570/2570
f 1651/568/2568 1721/581/2580 1717/578/2577
f 1724/584/2583 1654/567/2567 1652/569/2569
f 1653/566/2566 1725/585/2584 1721/581/2580
f 1728/588/2587 1656/565/2565 1654/567/2567
f 1655/564/2564 1729/589/2588 1725/585/2584
f 1732/596/2595 1658/563/2563 1656/565/2565
f 1657/562/2562 1733/594/2593 1729/589/2588
f 1736/600/2599 1660/561/2561 1658/563/2563
f 1659/560/2560 1737/598/2597 1733/594/2593
f 1740/604/2603 1662/559/2559 1660/561/2561
f 1661/558/2558 1741/602/2601 1737/598/2597
f 1744/603/2602 1664/557/2557 1662/559/2559
f 1663/556/2557 1745/556/2604 1741/602/2601
f 1748/611/2611 1666/555/2556 1664/557/2557
f 1665/554/2555 1749/609/2609 1745/556/2604
f 1752/610/2610 1668/552/2553 1666/555/2556
f 1667/553/2554 1753/612/2612 1749/609/2609
f 1756/615/2615 1670/551/2552 1668/552/2553
f 1669/550/2551 1757/550/2616 1753/612/2612
f 1760/618/2619 1672/549/2550 1670/551/2552
f 1671/548/2549 1761/619/2620 1757/550/2616
f 1764/626/2627 1674/547/2548 1672/549/2550
f 1673/546/2547 1765/624/2625 1761/619/2620
f 1768/630/2631 1676/545/2546 1674/547/2548
f 1675/544/2546 1769/628/2629 1765/624/2625
f 1772/634/2635 1678/542/2544 1676/545/2546
f 1677/543/2545 1773/632/2633 1769/628/2629
f 1776/633/2634 1680/541/2543 1678/542/2544
f 1679/540/2543 1777/635/2636 1773/632/2633
f 1780/642/2643 1682/539/2542 1680/541/2543
f 1681/538/2541 1781/640/2641 1777/635/2636
f 1784/641/2642 1684/536/2539 1682/539/2542
f 1683/537/2540 1785/643/2644 1781/640/2641
f 1788/535/2647 1686/535/2538 1684/536/2539
f 1685/534/2537 1789/646/2648 1785/643/2644
f 1788/535/2647 1792/533/2651 1688/533/2536
f 1687/532/2535 1793/649/2652 1789/646/2648
f 1792/533/2651 1796/530/2659 1690/530/2533
f 1689/531/2534 1797/654/2657 1793/649/2652
f 1796/530/2659 1800/529/2663 1692/529/2532
f 1691/528/2531 1801/657/2661 1797/654/2657
f 1800/529/2663 1804/527/2667 1694/527/2530
f 1693/526/2529 1805/660/2665 1801/657/2661
f 1804/527/2667 1808/525/2666 1696/525/2528
f 1695/524/2528 1809/661/2668 1805/660/2665
f 1808/525/2666 1812/523/2675 1698/523/2527
f 1697/522/2526 1813/666/2673 1809/661/2668
f 1812/523/2675 1816/521/2674 1700/521/2525
f 1699/520/2524 1817/667/2676 1813/666/2673
f 1816/521/2674 1820/519/2679 1702/519/2523
f 1701/518/2522 1821/670/2680 1817/667/2676
f 1820/519/2679 1824/517/2683 1704/517/2521
f 1703/516/2520 1825/673/2684 1821/670/2680
f 1824/517/2683 1828/515/2691 1706/515/2519
f 1705/514/2518 1829/678/2689 1825/673/2684
f 1828/515/2691 1832/683/2695 1708/513/2517
f 1705/514/2518 1707/512/2516 1833/681/2693
f 1836/687/2698 1710/511/2515 1708/513/2517
f 1709/510/2515 1837/685/2697 1833/681/2693
